solid left_attack_sample
  facet normal 0 0 0
    outer loop
      vertex 3.185 0 0
      vertex 4.9 0 6
      vertex 4.87641 0.48028 6
    endloop
  endfacet
  facet normal 0 0 0
    outer loop
      vertex 3.185 0 0
      vertex 4.87641 0.48028 6
      vertex 3.16966 0.31218 0
    endloop
  endfacet
  facet normal 0 0 0
    outer loop
      vertex 0 0 0
      vertex 3.16966 0.31218 0
      vertex 3.185 0 0
    endloop
  endfacet
  facet normal 0 0 0
    outer loop
      vertex 0 0 6
      vertex 4.9 0 6
      vertex 4.87641 0.48028 6
    endloop
  endfacet
  facet normal 0 0 0
    outer loop
      vertex 3.16966 0.31218 0
      vertex 4.87641 0.48028 6
      vertex 4.80585 0.95594 6
    endloop
  endfacet
  facet normal 0 0 0
    outer loop
      vertex 3.16966 0.31218 0
      vertex 4.80585 0.95594 6
      vertex 3.1238 0.62136 0
    endloop
  endfacet
  facet normal 0 0 0
    outer loop
      vertex 0 0 0
      vertex 3.1238 0.62136 0
      vertex 3.16966 0.31218 0
    endloop
  endfacet
  facet normal 0 0 0
    outer loop
      vertex 0 0 6
      vertex 4.87641 0.48028 6
      vertex 4.80585 0.95594 6
    endloop
  endfacet
  facet normal 0 0 0
    outer loop
      vertex 3.1238 0.62136 0
      vertex 4.80585 0.95594 6
      vertex 4.68901 1.42239 6
    endloop
  endfacet
  facet normal 0 0 0
    outer loop
      vertex 3.1238 0.62136 0
      vertex 4.68901 1.42239 6
      vertex 3.04785 0.92456 0
    endloop
  endfacet
  facet normal 0 0 0
    outer loop
      vertex 0 0 0
      vertex 3.04785 0.92456 0
      vertex 3.1238 0.62136 0
    endloop
  endfacet
  facet normal 0 0 0
    outer loop
      vertex 0 0 6
      vertex 4.80585 0.95594 6
      vertex 4.68901 1.42239 6
    endloop
  endfacet
  facet normal 0 0 0
    outer loop
      vertex 3.04785 0.92456 0
      vertex 4.68901 1.42239 6
      vertex 4.52701 1.87515 6
    endloop
  endfacet
  facet normal 0 0 0
    outer loop
      vertex 3.04785 0.92456 0
      vertex 4.52701 1.87515 6
      vertex 2.94256 1.21885 0
    endloop
  endfacet
  facet normal 0 0 0
    outer loop
      vertex 0 0 0
      vertex 2.94256 1.21885 0
      vertex 3.04785 0.92456 0
    endloop
  endfacet
  facet normal 0 0 0
    outer loop
      vertex 0 0 6
      vertex 4.68901 1.42239 6
      vertex 4.52701 1.87515 6
    endloop
  endfacet
  facet normal 0 0 0
    outer loop
      vertex 2.94256 1.21885 0
      vertex 4.52701 1.87515 6
      vertex 4.32141 2.30984 6
    endloop
  endfacet
  facet normal 0 0 0
    outer loop
      vertex 2.94256 1.21885 0
      vertex 4.32141 2.30984 6
      vertex 2.80892 1.5014 0
    endloop
  endfacet
  facet normal 0 0 0
    outer loop
      vertex 0 0 0
      vertex 2.80892 1.5014 0
      vertex 2.94256 1.21885 0
    endloop
  endfacet
  facet normal 0 0 0
    outer loop
      vertex 0 0 6
      vertex 4.52701 1.87515 6
      vertex 4.32141 2.30984 6
    endloop
  endfacet
  facet normal 0 0 0
    outer loop
      vertex 2.80892 1.5014 0
      vertex 4.32141 2.30984 6
      vertex 4.0742 2.72229 6
    endloop
  endfacet
  facet normal 0 0 0
    outer loop
      vertex 2.80892 1.5014 0
      vertex 4.0742 2.72229 6
      vertex 2.64823 1.76949 0
    endloop
  endfacet
  facet normal 0 0 0
    outer loop
      vertex 0 0 0
      vertex 2.64823 1.76949 0
      vertex 2.80892 1.5014 0
    endloop
  endfacet
  facet normal 0 0 0
    outer loop
      vertex 0 0 6
      vertex 4.32141 2.30984 6
      vertex 4.0742 2.72229 6
    endloop
  endfacet
  facet normal 0 0 0
    outer loop
      vertex 2.64823 1.76949 0
      vertex 4.0742 2.72229 6
      vertex 3.78775 3.10853 6
    endloop
  endfacet
  facet normal 0 0 0
    outer loop
      vertex 2.64823 1.76949 0
      vertex 3.78775 3.10853 6
      vertex 2.46204 2.02054 0
    endloop
  endfacet
  facet normal 0 0 0
    outer loop
      vertex 0 0 0
      vertex 2.46204 2.02054 0
      vertex 2.64823 1.76949 0
    endloop
  endfacet
  facet normal 0 0 0
    outer loop
      vertex 0 0 6
      vertex 4.0742 2.72229 6
      vertex 3.78775 3.10853 6
    endloop
  endfacet
  facet normal 0 0 0
    outer loop
      vertex 2.46204 2.02054 0
      vertex 3.78775 3.10853 6
      vertex 3.46482 3.46482 6
    endloop
  endfacet
  facet normal 0 0 0
    outer loop
      vertex 2.46204 2.02054 0
      vertex 3.46482 3.46482 6
      vertex 2.25214 2.25214 0
    endloop
  endfacet
  facet normal 0 0 0
    outer loop
      vertex 0 0 0
      vertex 2.25214 2.25214 0
      vertex 2.46204 2.02054 0
    endloop
  endfacet
  facet normal 0 0 0
    outer loop
      vertex 0 0 6
      vertex 3.78775 3.10853 6
      vertex 3.46482 3.46482 6
    endloop
  endfacet
  facet normal 0 0 0
    outer loop
      vertex 2.25214 2.25214 0
      vertex 3.46482 3.46482 6
      vertex 3.10853 3.78775 6
    endloop
  endfacet
  facet normal 0 0 0
    outer loop
      vertex 2.25214 2.25214 0
      vertex 3.10853 3.78775 6
      vertex 2.02054 2.46204 0
    endloop
  endfacet
  facet normal 0 0 0
    outer loop
      vertex 0 0 0
      vertex 2.02054 2.46204 0
      vertex 2.25214 2.25214 0
    endloop
  endfacet
  facet normal 0 0 0
    outer loop
      vertex 0 0 6
      vertex 3.46482 3.46482 6
      vertex 3.10853 3.78775 6
    endloop
  endfacet
  facet normal 0 0 0
    outer loop
      vertex 2.02054 2.46204 0
      vertex 3.10853 3.78775 6
      vertex 2.72229 4.0742 6
    endloop
  endfacet
  facet normal 0 0 0
    outer loop
      vertex 2.02054 2.46204 0
      vertex 2.72229 4.0742 6
      vertex 1.76949 2.64823 0
    endloop
  endfacet
  facet normal 0 0 0
    outer loop
      vertex 0 0 0
      vertex 1.76949 2.64823 0
      vertex 2.02054 2.46204 0
    endloop
  endfacet
  facet normal 0 0 0
    outer loop
      vertex 0 0 6
      vertex 3.10853 3.78775 6
      vertex 2.72229 4.0742 6
    endloop
  endfacet
  facet normal 0 0 0
    outer loop
      vertex 1.76949 2.64823 0
      vertex 2.72229 4.0742 6
      vertex 2.30984 4.32141 6
    endloop
  endfacet
  facet normal 0 0 0
    outer loop
      vertex 1.76949 2.64823 0
      vertex 2.30984 4.32141 6
      vertex 1.5014 2.80892 0
    endloop
  endfacet
  facet normal 0 0 0
    outer loop
      vertex 0 0 0
      vertex 1.5014 2.80892 0
      vertex 1.76949 2.64823 0
    endloop
  endfacet
  facet normal 0 0 0
    outer loop
      vertex 0 0 6
      vertex 2.72229 4.0742 6
      vertex 2.30984 4.32141 6
    endloop
  endfacet
  facet normal 0 0 0
    outer loop
      vertex 1.5014 2.80892 0
      vertex 2.30984 4.32141 6
      vertex 1.87515 4.52701 6
    endloop
  endfacet
  facet normal 0 0 0
    outer loop
      vertex 1.5014 2.80892 0
      vertex 1.87515 4.52701 6
      vertex 1.21885 2.94256 0
    endloop
  endfacet
  facet normal 0 0 0
    outer loop
      vertex 0 0 0
      vertex 1.21885 2.94256 0
      vertex 1.5014 2.80892 0
    endloop
  endfacet
  facet normal 0 0 0
    outer loop
      vertex 0 0 6
      vertex 2.30984 4.32141 6
      vertex 1.87515 4.52701 6
    endloop
  endfacet
  facet normal 0 0 0
    outer loop
      vertex 1.21885 2.94256 0
      vertex 1.87515 4.52701 6
      vertex 1.42239 4.68901 6
    endloop
  endfacet
  facet normal 0 0 0
    outer loop
      vertex 1.21885 2.94256 0
      vertex 1.42239 4.68901 6
      vertex 0.92456 3.04785 0
    endloop
  endfacet
  facet normal 0 0 0
    outer loop
      vertex 0 0 0
      vertex 0.92456 3.04785 0
      vertex 1.21885 2.94256 0
    endloop
  endfacet
  facet normal 0 0 0
    outer loop
      vertex 0 0 6
      vertex 1.87515 4.52701 6
      vertex 1.42239 4.68901 6
    endloop
  endfacet
  facet normal 0 0 0
    outer loop
      vertex 0.92456 3.04785 0
      vertex 1.42239 4.68901 6
      vertex 0.95594 4.80585 6
    endloop
  endfacet
  facet normal 0 0 0
    outer loop
      vertex 0.92456 3.04785 0
      vertex 0.95594 4.80585 6
      vertex 0.62136 3.1238 0
    endloop
  endfacet
  facet normal 0 0 0
    outer loop
      vertex 0 0 0
      vertex 0.62136 3.1238 0
      vertex 0.92456 3.04785 0
    endloop
  endfacet
  facet normal 0 0 0
    outer loop
      vertex 0 0 6
      vertex 1.42239 4.68901 6
      vertex 0.95594 4.80585 6
    endloop
  endfacet
  facet normal 0 0 0
    outer loop
      vertex 0.62136 3.1238 0
      vertex 0.95594 4.80585 6
      vertex 0.48028 4.87641 6
    endloop
  endfacet
  facet normal 0 0 0
    outer loop
      vertex 0.62136 3.1238 0
      vertex 0.48028 4.87641 6
      vertex 0.31218 3.16966 0
    endloop
  endfacet
  facet normal 0 0 0
    outer loop
      vertex 0 0 0
      vertex 0.31218 3.16966 0
      vertex 0.62136 3.1238 0
    endloop
  endfacet
  facet normal 0 0 0
    outer loop
      vertex 0 0 6
      vertex 0.95594 4.80585 6
      vertex 0.48028 4.87641 6
    endloop
  endfacet
  facet normal 0 0 0
    outer loop
      vertex 0.31218 3.16966 0
      vertex 0.48028 4.87641 6
      vertex 0 4.9 6
    endloop
  endfacet
  facet normal 0 0 0
    outer loop
      vertex 0.31218 3.16966 0
      vertex 0 4.9 6
      vertex 0 3.185 0
    endloop
  endfacet
  facet normal 0 0 0
    outer loop
      vertex 0 0 0
      vertex 0 3.185 0
      vertex 0.31218 3.16966 0
    endloop
  endfacet
  facet normal 0 0 0
    outer loop
      vertex 0 0 6
      vertex 0.48028 4.87641 6
      vertex 0 4.9 6
    endloop
  endfacet
  facet normal 0 0 0
    outer loop
      vertex 0 3.185 0
      vertex 0 4.9 6
      vertex -0.48028 4.87641 6
    endloop
  endfacet
  facet normal 0 0 0
    outer loop
      vertex 0 3.185 0
      vertex -0.48028 4.87641 6
      vertex -0.31218 3.16966 0
    endloop
  endfacet
  facet normal 0 0 0
    outer loop
      vertex 0 0 0
      vertex -0.31218 3.16966 0
      vertex 0 3.185 0
    endloop
  endfacet
  facet normal 0 0 0
    outer loop
      vertex 0 0 6
      vertex 0 4.9 6
      vertex -0.48028 4.87641 6
    endloop
  endfacet
  facet normal 0 0 0
    outer loop
      vertex -0.31218 3.16966 0
      vertex -0.48028 4.87641 6
      vertex -0.95594 4.80585 6
    endloop
  endfacet
  facet normal 0 0 0
    outer loop
      vertex -0.31218 3.16966 0
      vertex -0.95594 4.80585 6
      vertex -0.62136 3.1238 0
    endloop
  endfacet
  facet normal 0 0 0
    outer loop
      vertex 0 0 0
      vertex -0.62136 3.1238 0
      vertex -0.31218 3.16966 0
    endloop
  endfacet
  facet normal 0 0 0
    outer loop
      vertex 0 0 6
      vertex -0.48028 4.87641 6
      vertex -0.95594 4.80585 6
    endloop
  endfacet
  facet normal 0 0 0
    outer loop
      vertex -0.62136 3.1238 0
      vertex -0.95594 4.80585 6
      vertex -1.42239 4.68901 6
    endloop
  endfacet
  facet normal 0 0 0
    outer loop
      vertex -0.62136 3.1238 0
      vertex -1.42239 4.68901 6
      vertex -0.92456 3.04785 0
    endloop
  endfacet
  facet normal 0 0 0
    outer loop
      vertex 0 0 0
      vertex -0.92456 3.04785 0
      vertex -0.62136 3.1238 0
    endloop
  endfacet
  facet normal 0 0 0
    outer loop
      vertex 0 0 6
      vertex -0.95594 4.80585 6
      vertex -1.42239 4.68901 6
    endloop
  endfacet
  facet normal 0 0 0
    outer loop
      vertex -0.92456 3.04785 0
      vertex -1.42239 4.68901 6
      vertex -1.87515 4.52701 6
    endloop
  endfacet
  facet normal 0 0 0
    outer loop
      vertex -0.92456 3.04785 0
      vertex -1.87515 4.52701 6
      vertex -1.21885 2.94256 0
    endloop
  endfacet
  facet normal 0 0 0
    outer loop
      vertex 0 0 0
      vertex -1.21885 2.94256 0
      vertex -0.92456 3.04785 0
    endloop
  endfacet
  facet normal 0 0 0
    outer loop
      vertex 0 0 6
      vertex -1.42239 4.68901 6
      vertex -1.87515 4.52701 6
    endloop
  endfacet
  facet normal 0 0 0
    outer loop
      vertex -1.21885 2.94256 0
      vertex -1.87515 4.52701 6
      vertex -2.30984 4.32141 6
    endloop
  endfacet
  facet normal 0 0 0
    outer loop
      vertex -1.21885 2.94256 0
      vertex -2.30984 4.32141 6
      vertex -1.5014 2.80892 0
    endloop
  endfacet
  facet normal 0 0 0
    outer loop
      vertex 0 0 0
      vertex -1.5014 2.80892 0
      vertex -1.21885 2.94256 0
    endloop
  endfacet
  facet normal 0 0 0
    outer loop
      vertex 0 0 6
      vertex -1.87515 4.52701 6
      vertex -2.30984 4.32141 6
    endloop
  endfacet
  facet normal 0 0 0
    outer loop
      vertex -1.5014 2.80892 0
      vertex -2.30984 4.32141 6
      vertex -2.72229 4.0742 6
    endloop
  endfacet
  facet normal 0 0 0
    outer loop
      vertex -1.5014 2.80892 0
      vertex -2.72229 4.0742 6
      vertex -1.76949 2.64823 0
    endloop
  endfacet
  facet normal 0 0 0
    outer loop
      vertex 0 0 0
      vertex -1.76949 2.64823 0
      vertex -1.5014 2.80892 0
    endloop
  endfacet
  facet normal 0 0 0
    outer loop
      vertex 0 0 6
      vertex -2.30984 4.32141 6
      vertex -2.72229 4.0742 6
    endloop
  endfacet
  facet normal 0 0 0
    outer loop
      vertex -1.76949 2.64823 0
      vertex -2.72229 4.0742 6
      vertex -3.10853 3.78775 6
    endloop
  endfacet
  facet normal 0 0 0
    outer loop
      vertex -1.76949 2.64823 0
      vertex -3.10853 3.78775 6
      vertex -2.02054 2.46204 0
    endloop
  endfacet
  facet normal 0 0 0
    outer loop
      vertex 0 0 0
      vertex -2.02054 2.46204 0
      vertex -1.76949 2.64823 0
    endloop
  endfacet
  facet normal 0 0 0
    outer loop
      vertex 0 0 6
      vertex -2.72229 4.0742 6
      vertex -3.10853 3.78775 6
    endloop
  endfacet
  facet normal 0 0 0
    outer loop
      vertex -2.02054 2.46204 0
      vertex -3.10853 3.78775 6
      vertex -3.46482 3.46482 6
    endloop
  endfacet
  facet normal 0 0 0
    outer loop
      vertex -2.02054 2.46204 0
      vertex -3.46482 3.46482 6
      vertex -2.25214 2.25214 0
    endloop
  endfacet
  facet normal 0 0 0
    outer loop
      vertex 0 0 0
      vertex -2.25214 2.25214 0
      vertex -2.02054 2.46204 0
    endloop
  endfacet
  facet normal 0 0 0
    outer loop
      vertex 0 0 6
      vertex -3.10853 3.78775 6
      vertex -3.46482 3.46482 6
    endloop
  endfacet
  facet normal 0 0 0
    outer loop
      vertex -2.25214 2.25214 0
      vertex -3.46482 3.46482 6
      vertex -3.78775 3.10853 6
    endloop
  endfacet
  facet normal 0 0 0
    outer loop
      vertex -2.25214 2.25214 0
      vertex -3.78775 3.10853 6
      vertex -2.46204 2.02054 0
    endloop
  endfacet
  facet normal 0 0 0
    outer loop
      vertex 0 0 0
      vertex -2.46204 2.02054 0
      vertex -2.25214 2.25214 0
    endloop
  endfacet
  facet normal 0 0 0
    outer loop
      vertex 0 0 6
      vertex -3.46482 3.46482 6
      vertex -3.78775 3.10853 6
    endloop
  endfacet
  facet normal 0 0 0
    outer loop
      vertex -2.46204 2.02054 0
      vertex -3.78775 3.10853 6
      vertex -4.0742 2.72229 6
    endloop
  endfacet
  facet normal 0 0 0
    outer loop
      vertex -2.46204 2.02054 0
      vertex -4.0742 2.72229 6
      vertex -2.64823 1.76949 0
    endloop
  endfacet
  facet normal 0 0 0
    outer loop
      vertex 0 0 0
      vertex -2.64823 1.76949 0
      vertex -2.46204 2.02054 0
    endloop
  endfacet
  facet normal 0 0 0
    outer loop
      vertex 0 0 6
      vertex -3.78775 3.10853 6
      vertex -4.0742 2.72229 6
    endloop
  endfacet
  facet normal 0 0 0
    outer loop
      vertex -2.64823 1.76949 0
      vertex -4.0742 2.72229 6
      vertex -4.32141 2.30984 6
    endloop
  endfacet
  facet normal 0 0 0
    outer loop
      vertex -2.64823 1.76949 0
      vertex -4.32141 2.30984 6
      vertex -2.80892 1.5014 0
    endloop
  endfacet
  facet normal 0 0 0
    outer loop
      vertex 0 0 0
      vertex -2.80892 1.5014 0
      vertex -2.64823 1.76949 0
    endloop
  endfacet
  facet normal 0 0 0
    outer loop
      vertex 0 0 6
      vertex -4.0742 2.72229 6
      vertex -4.32141 2.30984 6
    endloop
  endfacet
  facet normal 0 0 0
    outer loop
      vertex -2.80892 1.5014 0
      vertex -4.32141 2.30984 6
      vertex -4.52701 1.87515 6
    endloop
  endfacet
  facet normal 0 0 0
    outer loop
      vertex -2.80892 1.5014 0
      vertex -4.52701 1.87515 6
      vertex -2.94256 1.21885 0
    endloop
  endfacet
  facet normal 0 0 0
    outer loop
      vertex 0 0 0
      vertex -2.94256 1.21885 0
      vertex -2.80892 1.5014 0
    endloop
  endfacet
  facet normal 0 0 0
    outer loop
      vertex 0 0 6
      vertex -4.32141 2.30984 6
      vertex -4.52701 1.87515 6
    endloop
  endfacet
  facet normal 0 0 0
    outer loop
      vertex -2.94256 1.21885 0
      vertex -4.52701 1.87515 6
      vertex -4.68901 1.42239 6
    endloop
  endfacet
  facet normal 0 0 0
    outer loop
      vertex -2.94256 1.21885 0
      vertex -4.68901 1.42239 6
      vertex -3.04785 0.92456 0
    endloop
  endfacet
  facet normal 0 0 0
    outer loop
      vertex 0 0 0
      vertex -3.04785 0.92456 0
      vertex -2.94256 1.21885 0
    endloop
  endfacet
  facet normal 0 0 0
    outer loop
      vertex 0 0 6
      vertex -4.52701 1.87515 6
      vertex -4.68901 1.42239 6
    endloop
  endfacet
  facet normal 0 0 0
    outer loop
      vertex -3.04785 0.92456 0
      vertex -4.68901 1.42239 6
      vertex -4.80585 0.95594 6
    endloop
  endfacet
  facet normal 0 0 0
    outer loop
      vertex -3.04785 0.92456 0
      vertex -4.80585 0.95594 6
      vertex -3.1238 0.62136 0
    endloop
  endfacet
  facet normal 0 0 0
    outer loop
      vertex 0 0 0
      vertex -3.1238 0.62136 0
      vertex -3.04785 0.92456 0
    endloop
  endfacet
  facet normal 0 0 0
    outer loop
      vertex 0 0 6
      vertex -4.68901 1.42239 6
      vertex -4.80585 0.95594 6
    endloop
  endfacet
  facet normal 0 0 0
    outer loop
      vertex -3.1238 0.62136 0
      vertex -4.80585 0.95594 6
      vertex -4.87641 0.48028 6
    endloop
  endfacet
  facet normal 0 0 0
    outer loop
      vertex -3.1238 0.62136 0
      vertex -4.87641 0.48028 6
      vertex -3.16966 0.31218 0
    endloop
  endfacet
  facet normal 0 0 0
    outer loop
      vertex 0 0 0
      vertex -3.16966 0.31218 0
      vertex -3.1238 0.62136 0
    endloop
  endfacet
  facet normal 0 0 0
    outer loop
      vertex 0 0 6
      vertex -4.80585 0.95594 6
      vertex -4.87641 0.48028 6
    endloop
  endfacet
  facet normal 0 0 0
    outer loop
      vertex -3.16966 0.31218 0
      vertex -4.87641 0.48028 6
      vertex -4.9 0 6
    endloop
  endfacet
  facet normal 0 0 0
    outer loop
      vertex -3.16966 0.31218 0
      vertex -4.9 0 6
      vertex -3.185 0 0
    endloop
  endfacet
  facet normal 0 0 0
    outer loop
      vertex 0 0 0
      vertex -3.185 0 0
      vertex -3.16966 0.31218 0
    endloop
  endfacet
  facet normal 0 0 0
    outer loop
      vertex 0 0 6
      vertex -4.87641 0.48028 6
      vertex -4.9 0 6
    endloop
  endfacet
  facet normal 0 0 0
    outer loop
      vertex -3.185 0 0
      vertex -4.9 0 6
      vertex -4.87641 -0.48028 6
    endloop
  endfacet
  facet normal 0 0 0
    outer loop
      vertex -3.185 0 0
      vertex -4.87641 -0.48028 6
      vertex -3.16966 -0.31218 0
    endloop
  endfacet
  facet normal 0 0 0
    outer loop
      vertex 0 0 0
      vertex -3.16966 -0.31218 0
      vertex -3.185 0 0
    endloop
  endfacet
  facet normal 0 0 0
    outer loop
      vertex 0 0 6
      vertex -4.9 0 6
      vertex -4.87641 -0.48028 6
    endloop
  endfacet
  facet normal 0 0 0
    outer loop
      vertex -3.16966 -0.31218 0
      vertex -4.87641 -0.48028 6
      vertex -4.80585 -0.95594 6
    endloop
  endfacet
  facet normal 0 0 0
    outer loop
      vertex -3.16966 -0.31218 0
      vertex -4.80585 -0.95594 6
      vertex -3.1238 -0.62136 0
    endloop
  endfacet
  facet normal 0 0 0
    outer loop
      vertex 0 0 0
      vertex -3.1238 -0.62136 0
      vertex -3.16966 -0.31218 0
    endloop
  endfacet
  facet normal 0 0 0
    outer loop
      vertex 0 0 6
      vertex -4.87641 -0.48028 6
      vertex -4.80585 -0.95594 6
    endloop
  endfacet
  facet normal 0 0 0
    outer loop
      vertex -3.1238 -0.62136 0
      vertex -4.80585 -0.95594 6
      vertex -4.68901 -1.42239 6
    endloop
  endfacet
  facet normal 0 0 0
    outer loop
      vertex -3.1238 -0.62136 0
      vertex -4.68901 -1.42239 6
      vertex -3.04785 -0.92456 0
    endloop
  endfacet
  facet normal 0 0 0
    outer loop
      vertex 0 0 0
      vertex -3.04785 -0.92456 0
      vertex -3.1238 -0.62136 0
    endloop
  endfacet
  facet normal 0 0 0
    outer loop
      vertex 0 0 6
      vertex -4.80585 -0.95594 6
      vertex -4.68901 -1.42239 6
    endloop
  endfacet
  facet normal 0 0 0
    outer loop
      vertex -3.04785 -0.92456 0
      vertex -4.68901 -1.42239 6
      vertex -4.52701 -1.87515 6
    endloop
  endfacet
  facet normal 0 0 0
    outer loop
      vertex -3.04785 -0.92456 0
      vertex -4.52701 -1.87515 6
      vertex -2.94256 -1.21885 0
    endloop
  endfacet
  facet normal 0 0 0
    outer loop
      vertex 0 0 0
      vertex -2.94256 -1.21885 0
      vertex -3.04785 -0.92456 0
    endloop
  endfacet
  facet normal 0 0 0
    outer loop
      vertex 0 0 6
      vertex -4.68901 -1.42239 6
      vertex -4.52701 -1.87515 6
    endloop
  endfacet
  facet normal 0 0 0
    outer loop
      vertex -2.94256 -1.21885 0
      vertex -4.52701 -1.87515 6
      vertex -4.32141 -2.30984 6
    endloop
  endfacet
  facet normal 0 0 0
    outer loop
      vertex -2.94256 -1.21885 0
      vertex -4.32141 -2.30984 6
      vertex -2.80892 -1.5014 0
    endloop
  endfacet
  facet normal 0 0 0
    outer loop
      vertex 0 0 0
      vertex -2.80892 -1.5014 0
      vertex -2.94256 -1.21885 0
    endloop
  endfacet
  facet normal 0 0 0
    outer loop
      vertex 0 0 6
      vertex -4.52701 -1.87515 6
      vertex -4.32141 -2.30984 6
    endloop
  endfacet
  facet normal 0 0 0
    outer loop
      vertex -2.80892 -1.5014 0
      vertex -4.32141 -2.30984 6
      vertex -4.0742 -2.72229 6
    endloop
  endfacet
  facet normal 0 0 0
    outer loop
      vertex -2.80892 -1.5014 0
      vertex -4.0742 -2.72229 6
      vertex -2.64823 -1.76949 0
    endloop
  endfacet
  facet normal 0 0 0
    outer loop
      vertex 0 0 0
      vertex -2.64823 -1.76949 0
      vertex -2.80892 -1.5014 0
    endloop
  endfacet
  facet normal 0 0 0
    outer loop
      vertex 0 0 6
      vertex -4.32141 -2.30984 6
      vertex -4.0742 -2.72229 6
    endloop
  endfacet
  facet normal 0 0 0
    outer loop
      vertex -2.64823 -1.76949 0
      vertex -4.0742 -2.72229 6
      vertex -3.78775 -3.10853 6
    endloop
  endfacet
  facet normal 0 0 0
    outer loop
      vertex -2.64823 -1.76949 0
      vertex -3.78775 -3.10853 6
      vertex -2.46204 -2.02054 0
    endloop
  endfacet
  facet normal 0 0 0
    outer loop
      vertex 0 0 0
      vertex -2.46204 -2.02054 0
      vertex -2.64823 -1.76949 0
    endloop
  endfacet
  facet normal 0 0 0
    outer loop
      vertex 0 0 6
      vertex -4.0742 -2.72229 6
      vertex -3.78775 -3.10853 6
    endloop
  endfacet
  facet normal 0 0 0
    outer loop
      vertex -2.46204 -2.02054 0
      vertex -3.78775 -3.10853 6
      vertex -3.46482 -3.46482 6
    endloop
  endfacet
  facet normal 0 0 0
    outer loop
      vertex -2.46204 -2.02054 0
      vertex -3.46482 -3.46482 6
      vertex -2.25214 -2.25214 0
    endloop
  endfacet
  facet normal 0 0 0
    outer loop
      vertex 0 0 0
      vertex -2.25214 -2.25214 0
      vertex -2.46204 -2.02054 0
    endloop
  endfacet
  facet normal 0 0 0
    outer loop
      vertex 0 0 6
      vertex -3.78775 -3.10853 6
      vertex -3.46482 -3.46482 6
    endloop
  endfacet
  facet normal 0 0 0
    outer loop
      vertex -2.25214 -2.25214 0
      vertex -3.46482 -3.46482 6
      vertex -3.10853 -3.78775 6
    endloop
  endfacet
  facet normal 0 0 0
    outer loop
      vertex -2.25214 -2.25214 0
      vertex -3.10853 -3.78775 6
      vertex -2.02054 -2.46204 0
    endloop
  endfacet
  facet normal 0 0 0
    outer loop
      vertex 0 0 0
      vertex -2.02054 -2.46204 0
      vertex -2.25214 -2.25214 0
    endloop
  endfacet
  facet normal 0 0 0
    outer loop
      vertex 0 0 6
      vertex -3.46482 -3.46482 6
      vertex -3.10853 -3.78775 6
    endloop
  endfacet
  facet normal 0 0 0
    outer loop
      vertex -2.02054 -2.46204 0
      vertex -3.10853 -3.78775 6
      vertex -2.72229 -4.0742 6
    endloop
  endfacet
  facet normal 0 0 0
    outer loop
      vertex -2.02054 -2.46204 0
      vertex -2.72229 -4.0742 6
      vertex -1.76949 -2.64823 0
    endloop
  endfacet
  facet normal 0 0 0
    outer loop
      vertex 0 0 0
      vertex -1.76949 -2.64823 0
      vertex -2.02054 -2.46204 0
    endloop
  endfacet
  facet normal 0 0 0
    outer loop
      vertex 0 0 6
      vertex -3.10853 -3.78775 6
      vertex -2.72229 -4.0742 6
    endloop
  endfacet
  facet normal 0 0 0
    outer loop
      vertex -1.76949 -2.64823 0
      vertex -2.72229 -4.0742 6
      vertex -2.30984 -4.32141 6
    endloop
  endfacet
  facet normal 0 0 0
    outer loop
      vertex -1.76949 -2.64823 0
      vertex -2.30984 -4.32141 6
      vertex -1.5014 -2.80892 0
    endloop
  endfacet
  facet normal 0 0 0
    outer loop
      vertex 0 0 0
      vertex -1.5014 -2.80892 0
      vertex -1.76949 -2.64823 0
    endloop
  endfacet
  facet normal 0 0 0
    outer loop
      vertex 0 0 6
      vertex -2.72229 -4.0742 6
      vertex -2.30984 -4.32141 6
    endloop
  endfacet
  facet normal 0 0 0
    outer loop
      vertex -1.5014 -2.80892 0
      vertex -2.30984 -4.32141 6
      vertex -1.87515 -4.52701 6
    endloop
  endfacet
  facet normal 0 0 0
    outer loop
      vertex -1.5014 -2.80892 0
      vertex -1.87515 -4.52701 6
      vertex -1.21885 -2.94256 0
    endloop
  endfacet
  facet normal 0 0 0
    outer loop
      vertex 0 0 0
      vertex -1.21885 -2.94256 0
      vertex -1.5014 -2.80892 0
    endloop
  endfacet
  facet normal 0 0 0
    outer loop
      vertex 0 0 6
      vertex -2.30984 -4.32141 6
      vertex -1.87515 -4.52701 6
    endloop
  endfacet
  facet normal 0 0 0
    outer loop
      vertex -1.21885 -2.94256 0
      vertex -1.87515 -4.52701 6
      vertex -1.42239 -4.68901 6
    endloop
  endfacet
  facet normal 0 0 0
    outer loop
      vertex -1.21885 -2.94256 0
      vertex -1.42239 -4.68901 6
      vertex -0.92456 -3.04785 0
    endloop
  endfacet
  facet normal 0 0 0
    outer loop
      vertex 0 0 0
      vertex -0.92456 -3.04785 0
      vertex -1.21885 -2.94256 0
    endloop
  endfacet
  facet normal 0 0 0
    outer loop
      vertex 0 0 6
      vertex -1.87515 -4.52701 6
      vertex -1.42239 -4.68901 6
    endloop
  endfacet
  facet normal 0 0 0
    outer loop
      vertex -0.92456 -3.04785 0
      vertex -1.42239 -4.68901 6
      vertex -0.95594 -4.80585 6
    endloop
  endfacet
  facet normal 0 0 0
    outer loop
      vertex -0.92456 -3.04785 0
      vertex -0.95594 -4.80585 6
      vertex -0.62136 -3.1238 0
    endloop
  endfacet
  facet normal 0 0 0
    outer loop
      vertex 0 0 0
      vertex -0.62136 -3.1238 0
      vertex -0.92456 -3.04785 0
    endloop
  endfacet
  facet normal 0 0 0
    outer loop
      vertex 0 0 6
      vertex -1.42239 -4.68901 6
      vertex -0.95594 -4.80585 6
    endloop
  endfacet
  facet normal 0 0 0
    outer loop
      vertex -0.62136 -3.1238 0
      vertex -0.95594 -4.80585 6
      vertex -0.48028 -4.87641 6
    endloop
  endfacet
  facet normal 0 0 0
    outer loop
      vertex -0.62136 -3.1238 0
      vertex -0.48028 -4.87641 6
      vertex -0.31218 -3.16966 0
    endloop
  endfacet
  facet normal 0 0 0
    outer loop
      vertex 0 0 0
      vertex -0.31218 -3.16966 0
      vertex -0.62136 -3.1238 0
    endloop
  endfacet
  facet normal 0 0 0
    outer loop
      vertex 0 0 6
      vertex -0.95594 -4.80585 6
      vertex -0.48028 -4.87641 6
    endloop
  endfacet
  facet normal 0 0 0
    outer loop
      vertex -0.31218 -3.16966 0
      vertex -0.48028 -4.87641 6
      vertex 0 -4.9 6
    endloop
  endfacet
  facet normal 0 0 0
    outer loop
      vertex -0.31218 -3.16966 0
      vertex 0 -4.9 6
      vertex 0 -3.185 0
    endloop
  endfacet
  facet normal 0 0 0
    outer loop
      vertex 0 0 0
      vertex 0 -3.185 0
      vertex -0.31218 -3.16966 0
    endloop
  endfacet
  facet normal 0 0 0
    outer loop
      vertex 0 0 6
      vertex -0.48028 -4.87641 6
      vertex 0 -4.9 6
    endloop
  endfacet
  facet normal 0 0 0
    outer loop
      vertex 0 -3.185 0
      vertex 0 -4.9 6
      vertex 0.48028 -4.87641 6
    endloop
  endfacet
  facet normal 0 0 0
    outer loop
      vertex 0 -3.185 0
      vertex 0.48028 -4.87641 6
      vertex 0.31218 -3.16966 0
    endloop
  endfacet
  facet normal 0 0 0
    outer loop
      vertex 0 0 0
      vertex 0.31218 -3.16966 0
      vertex 0 -3.185 0
    endloop
  endfacet
  facet normal 0 0 0
    outer loop
      vertex 0 0 6
      vertex 0 -4.9 6
      vertex 0.48028 -4.87641 6
    endloop
  endfacet
  facet normal 0 0 0
    outer loop
      vertex 0.31218 -3.16966 0
      vertex 0.48028 -4.87641 6
      vertex 0.95594 -4.80585 6
    endloop
  endfacet
  facet normal 0 0 0
    outer loop
      vertex 0.31218 -3.16966 0
      vertex 0.95594 -4.80585 6
      vertex 0.62136 -3.1238 0
    endloop
  endfacet
  facet normal 0 0 0
    outer loop
      vertex 0 0 0
      vertex 0.62136 -3.1238 0
      vertex 0.31218 -3.16966 0
    endloop
  endfacet
  facet normal 0 0 0
    outer loop
      vertex 0 0 6
      vertex 0.48028 -4.87641 6
      vertex 0.95594 -4.80585 6
    endloop
  endfacet
  facet normal 0 0 0
    outer loop
      vertex 0.62136 -3.1238 0
      vertex 0.95594 -4.80585 6
      vertex 1.42239 -4.68901 6
    endloop
  endfacet
  facet normal 0 0 0
    outer loop
      vertex 0.62136 -3.1238 0
      vertex 1.42239 -4.68901 6
      vertex 0.92456 -3.04785 0
    endloop
  endfacet
  facet normal 0 0 0
    outer loop
      vertex 0 0 0
      vertex 0.92456 -3.04785 0
      vertex 0.62136 -3.1238 0
    endloop
  endfacet
  facet normal 0 0 0
    outer loop
      vertex 0 0 6
      vertex 0.95594 -4.80585 6
      vertex 1.42239 -4.68901 6
    endloop
  endfacet
  facet normal 0 0 0
    outer loop
      vertex 0.92456 -3.04785 0
      vertex 1.42239 -4.68901 6
      vertex 1.87515 -4.52701 6
    endloop
  endfacet
  facet normal 0 0 0
    outer loop
      vertex 0.92456 -3.04785 0
      vertex 1.87515 -4.52701 6
      vertex 1.21885 -2.94256 0
    endloop
  endfacet
  facet normal 0 0 0
    outer loop
      vertex 0 0 0
      vertex 1.21885 -2.94256 0
      vertex 0.92456 -3.04785 0
    endloop
  endfacet
  facet normal 0 0 0
    outer loop
      vertex 0 0 6
      vertex 1.42239 -4.68901 6
      vertex 1.87515 -4.52701 6
    endloop
  endfacet
  facet normal 0 0 0
    outer loop
      vertex 1.21885 -2.94256 0
      vertex 1.87515 -4.52701 6
      vertex 2.30984 -4.32141 6
    endloop
  endfacet
  facet normal 0 0 0
    outer loop
      vertex 1.21885 -2.94256 0
      vertex 2.30984 -4.32141 6
      vertex 1.5014 -2.80892 0
    endloop
  endfacet
  facet normal 0 0 0
    outer loop
      vertex 0 0 0
      vertex 1.5014 -2.80892 0
      vertex 1.21885 -2.94256 0
    endloop
  endfacet
  facet normal 0 0 0
    outer loop
      vertex 0 0 6
      vertex 1.87515 -4.52701 6
      vertex 2.30984 -4.32141 6
    endloop
  endfacet
  facet normal 0 0 0
    outer loop
      vertex 1.5014 -2.80892 0
      vertex 2.30984 -4.32141 6
      vertex 2.72229 -4.0742 6
    endloop
  endfacet
  facet normal 0 0 0
    outer loop
      vertex 1.5014 -2.80892 0
      vertex 2.72229 -4.0742 6
      vertex 1.76949 -2.64823 0
    endloop
  endfacet
  facet normal 0 0 0
    outer loop
      vertex 0 0 0
      vertex 1.76949 -2.64823 0
      vertex 1.5014 -2.80892 0
    endloop
  endfacet
  facet normal 0 0 0
    outer loop
      vertex 0 0 6
      vertex 2.30984 -4.32141 6
      vertex 2.72229 -4.0742 6
    endloop
  endfacet
  facet normal 0 0 0
    outer loop
      vertex 1.76949 -2.64823 0
      vertex 2.72229 -4.0742 6
      vertex 3.10853 -3.78775 6
    endloop
  endfacet
  facet normal 0 0 0
    outer loop
      vertex 1.76949 -2.64823 0
      vertex 3.10853 -3.78775 6
      vertex 2.02054 -2.46204 0
    endloop
  endfacet
  facet normal 0 0 0
    outer loop
      vertex 0 0 0
      vertex 2.02054 -2.46204 0
      vertex 1.76949 -2.64823 0
    endloop
  endfacet
  facet normal 0 0 0
    outer loop
      vertex 0 0 6
      vertex 2.72229 -4.0742 6
      vertex 3.10853 -3.78775 6
    endloop
  endfacet
  facet normal 0 0 0
    outer loop
      vertex 2.02054 -2.46204 0
      vertex 3.10853 -3.78775 6
      vertex 3.46482 -3.46482 6
    endloop
  endfacet
  facet normal 0 0 0
    outer loop
      vertex 2.02054 -2.46204 0
      vertex 3.46482 -3.46482 6
      vertex 2.25214 -2.25214 0
    endloop
  endfacet
  facet normal 0 0 0
    outer loop
      vertex 0 0 0
      vertex 2.25214 -2.25214 0
      vertex 2.02054 -2.46204 0
    endloop
  endfacet
  facet normal 0 0 0
    outer loop
      vertex 0 0 6
      vertex 3.10853 -3.78775 6
      vertex 3.46482 -3.46482 6
    endloop
  endfacet
  facet normal 0 0 0
    outer loop
      vertex 2.25214 -2.25214 0
      vertex 3.46482 -3.46482 6
      vertex 3.78775 -3.10853 6
    endloop
  endfacet
  facet normal 0 0 0
    outer loop
      vertex 2.25214 -2.25214 0
      vertex 3.78775 -3.10853 6
      vertex 2.46204 -2.02054 0
    endloop
  endfacet
  facet normal 0 0 0
    outer loop
      vertex 0 0 0
      vertex 2.46204 -2.02054 0
      vertex 2.25214 -2.25214 0
    endloop
  endfacet
  facet normal 0 0 0
    outer loop
      vertex 0 0 6
      vertex 3.46482 -3.46482 6
      vertex 3.78775 -3.10853 6
    endloop
  endfacet
  facet normal 0 0 0
    outer loop
      vertex 2.46204 -2.02054 0
      vertex 3.78775 -3.10853 6
      vertex 4.0742 -2.72229 6
    endloop
  endfacet
  facet normal 0 0 0
    outer loop
      vertex 2.46204 -2.02054 0
      vertex 4.0742 -2.72229 6
      vertex 2.64823 -1.76949 0
    endloop
  endfacet
  facet normal 0 0 0
    outer loop
      vertex 0 0 0
      vertex 2.64823 -1.76949 0
      vertex 2.46204 -2.02054 0
    endloop
  endfacet
  facet normal 0 0 0
    outer loop
      vertex 0 0 6
      vertex 3.78775 -3.10853 6
      vertex 4.0742 -2.72229 6
    endloop
  endfacet
  facet normal 0 0 0
    outer loop
      vertex 2.64823 -1.76949 0
      vertex 4.0742 -2.72229 6
      vertex 4.32141 -2.30984 6
    endloop
  endfacet
  facet normal 0 0 0
    outer loop
      vertex 2.64823 -1.76949 0
      vertex 4.32141 -2.30984 6
      vertex 2.80892 -1.5014 0
    endloop
  endfacet
  facet normal 0 0 0
    outer loop
      vertex 0 0 0
      vertex 2.80892 -1.5014 0
      vertex 2.64823 -1.76949 0
    endloop
  endfacet
  facet normal 0 0 0
    outer loop
      vertex 0 0 6
      vertex 4.0742 -2.72229 6
      vertex 4.32141 -2.30984 6
    endloop
  endfacet
  facet normal 0 0 0
    outer loop
      vertex 2.80892 -1.5014 0
      vertex 4.32141 -2.30984 6
      vertex 4.52701 -1.87515 6
    endloop
  endfacet
  facet normal 0 0 0
    outer loop
      vertex 2.80892 -1.5014 0
      vertex 4.52701 -1.87515 6
      vertex 2.94256 -1.21885 0
    endloop
  endfacet
  facet normal 0 0 0
    outer loop
      vertex 0 0 0
      vertex 2.94256 -1.21885 0
      vertex 2.80892 -1.5014 0
    endloop
  endfacet
  facet normal 0 0 0
    outer loop
      vertex 0 0 6
      vertex 4.32141 -2.30984 6
      vertex 4.52701 -1.87515 6
    endloop
  endfacet
  facet normal 0 0 0
    outer loop
      vertex 2.94256 -1.21885 0
      vertex 4.52701 -1.87515 6
      vertex 4.68901 -1.42239 6
    endloop
  endfacet
  facet normal 0 0 0
    outer loop
      vertex 2.94256 -1.21885 0
      vertex 4.68901 -1.42239 6
      vertex 3.04785 -0.92456 0
    endloop
  endfacet
  facet normal 0 0 0
    outer loop
      vertex 0 0 0
      vertex 3.04785 -0.92456 0
      vertex 2.94256 -1.21885 0
    endloop
  endfacet
  facet normal 0 0 0
    outer loop
      vertex 0 0 6
      vertex 4.52701 -1.87515 6
      vertex 4.68901 -1.42239 6
    endloop
  endfacet
  facet normal 0 0 0
    outer loop
      vertex 3.04785 -0.92456 0
      vertex 4.68901 -1.42239 6
      vertex 4.80585 -0.95594 6
    endloop
  endfacet
  facet normal 0 0 0
    outer loop
      vertex 3.04785 -0.92456 0
      vertex 4.80585 -0.95594 6
      vertex 3.1238 -0.62136 0
    endloop
  endfacet
  facet normal 0 0 0
    outer loop
      vertex 0 0 0
      vertex 3.1238 -0.62136 0
      vertex 3.04785 -0.92456 0
    endloop
  endfacet
  facet normal 0 0 0
    outer loop
      vertex 0 0 6
      vertex 4.68901 -1.42239 6
      vertex 4.80585 -0.95594 6
    endloop
  endfacet
  facet normal 0 0 0
    outer loop
      vertex 3.1238 -0.62136 0
      vertex 4.80585 -0.95594 6
      vertex 4.87641 -0.48028 6
    endloop
  endfacet
  facet normal 0 0 0
    outer loop
      vertex 3.1238 -0.62136 0
      vertex 4.87641 -0.48028 6
      vertex 3.16966 -0.31218 0
    endloop
  endfacet
  facet normal 0 0 0
    outer loop
      vertex 0 0 0
      vertex 3.16966 -0.31218 0
      vertex 3.1238 -0.62136 0
    endloop
  endfacet
  facet normal 0 0 0
    outer loop
      vertex 0 0 6
      vertex 4.80585 -0.95594 6
      vertex 4.87641 -0.48028 6
    endloop
  endfacet
  facet normal 0 0 0
    outer loop
      vertex 3.16966 -0.31218 0
      vertex 4.87641 -0.48028 6
      vertex 4.9 0 6
    endloop
  endfacet
  facet normal 0 0 0
    outer loop
      vertex 3.16966 -0.31218 0
      vertex 4.9 0 6
      vertex 3.185 0 0
    endloop
  endfacet
  facet normal 0 0 0
    outer loop
      vertex 0 0 0
      vertex 3.185 0 0
      vertex 3.16966 -0.31218 0
    endloop
  endfacet
  facet normal 0 0 0
    outer loop
      vertex 0 0 6
      vertex 4.87641 -0.48028 6
      vertex 4.9 0 6
    endloop
  endfacet
  facet normal 0 0 0
    outer loop
      vertex 3.92 0 5.2
      vertex 5.39 0 18.4
      vertex 5.36405 0.52831 18.4
    endloop
  endfacet
  facet normal 0 0 0
    outer loop
      vertex 3.92 0 5.2
      vertex 5.36405 0.52831 18.4
      vertex 3.90112 0.38423 5.2
    endloop
  endfacet
  facet normal 0 0 0
    outer loop
      vertex 0 0 5.2
      vertex 3.90112 0.38423 5.2
      vertex 3.92 0 5.2
    endloop
  endfacet
  facet normal 0 0 0
    outer loop
      vertex 0 0 18.4
      vertex 5.39 0 18.4
      vertex 5.36405 0.52831 18.4
    endloop
  endfacet
  facet normal 0 0 0
    outer loop
      vertex 3.90112 0.38423 5.2
      vertex 5.36405 0.52831 18.4
      vertex 5.28643 1.05154 18.4
    endloop
  endfacet
  facet normal 0 0 0
    outer loop
      vertex 3.90112 0.38423 5.2
      vertex 5.28643 1.05154 18.4
      vertex 3.84468 0.76475 5.2
    endloop
  endfacet
  facet normal 0 0 0
    outer loop
      vertex 0 0 5.2
      vertex 3.84468 0.76475 5.2
      vertex 3.90112 0.38423 5.2
    endloop
  endfacet
  facet normal 0 0 0
    outer loop
      vertex 0 0 18.4
      vertex 5.36405 0.52831 18.4
      vertex 5.28643 1.05154 18.4
    endloop
  endfacet
  facet normal 0 0 0
    outer loop
      vertex 3.84468 0.76475 5.2
      vertex 5.28643 1.05154 18.4
      vertex 5.15791 1.56463 18.4
    endloop
  endfacet
  facet normal 0 0 0
    outer loop
      vertex 3.84468 0.76475 5.2
      vertex 5.15791 1.56463 18.4
      vertex 3.75121 1.13792 5.2
    endloop
  endfacet
  facet normal 0 0 0
    outer loop
      vertex 0 0 5.2
      vertex 3.75121 1.13792 5.2
      vertex 3.84468 0.76475 5.2
    endloop
  endfacet
  facet normal 0 0 0
    outer loop
      vertex 0 0 18.4
      vertex 5.28643 1.05154 18.4
      vertex 5.15791 1.56463 18.4
    endloop
  endfacet
  facet normal 0 0 0
    outer loop
      vertex 3.75121 1.13792 5.2
      vertex 5.15791 1.56463 18.4
      vertex 4.97971 2.06266 18.4
    endloop
  endfacet
  facet normal 0 0 0
    outer loop
      vertex 3.75121 1.13792 5.2
      vertex 4.97971 2.06266 18.4
      vertex 3.62161 1.50012 5.2
    endloop
  endfacet
  facet normal 0 0 0
    outer loop
      vertex 0 0 5.2
      vertex 3.62161 1.50012 5.2
      vertex 3.75121 1.13792 5.2
    endloop
  endfacet
  facet normal 0 0 0
    outer loop
      vertex 0 0 18.4
      vertex 5.15791 1.56463 18.4
      vertex 4.97971 2.06266 18.4
    endloop
  endfacet
  facet normal 0 0 0
    outer loop
      vertex 3.62161 1.50012 5.2
      vertex 4.97971 2.06266 18.4
      vertex 4.75356 2.54083 18.4
    endloop
  endfacet
  facet normal 0 0 0
    outer loop
      vertex 3.62161 1.50012 5.2
      vertex 4.75356 2.54083 18.4
      vertex 3.45713 1.84788 5.2
    endloop
  endfacet
  facet normal 0 0 0
    outer loop
      vertex 0 0 5.2
      vertex 3.45713 1.84788 5.2
      vertex 3.62161 1.50012 5.2
    endloop
  endfacet
  facet normal 0 0 0
    outer loop
      vertex 0 0 18.4
      vertex 4.97971 2.06266 18.4
      vertex 4.75356 2.54083 18.4
    endloop
  endfacet
  facet normal 0 0 0
    outer loop
      vertex 3.45713 1.84788 5.2
      vertex 4.75356 2.54083 18.4
      vertex 4.48162 2.99452 18.4
    endloop
  endfacet
  facet normal 0 0 0
    outer loop
      vertex 3.45713 1.84788 5.2
      vertex 4.48162 2.99452 18.4
      vertex 3.25936 2.17784 5.2
    endloop
  endfacet
  facet normal 0 0 0
    outer loop
      vertex 0 0 5.2
      vertex 3.25936 2.17784 5.2
      vertex 3.45713 1.84788 5.2
    endloop
  endfacet
  facet normal 0 0 0
    outer loop
      vertex 0 0 18.4
      vertex 4.75356 2.54083 18.4
      vertex 4.48162 2.99452 18.4
    endloop
  endfacet
  facet normal 0 0 0
    outer loop
      vertex 3.25936 2.17784 5.2
      vertex 4.48162 2.99452 18.4
      vertex 4.16653 3.41938 18.4
    endloop
  endfacet
  facet normal 0 0 0
    outer loop
      vertex 3.25936 2.17784 5.2
      vertex 4.16653 3.41938 18.4
      vertex 3.0302 2.48682 5.2
    endloop
  endfacet
  facet normal 0 0 0
    outer loop
      vertex 0 0 5.2
      vertex 3.0302 2.48682 5.2
      vertex 3.25936 2.17784 5.2
    endloop
  endfacet
  facet normal 0 0 0
    outer loop
      vertex 0 0 18.4
      vertex 4.48162 2.99452 18.4
      vertex 4.16653 3.41938 18.4
    endloop
  endfacet
  facet normal 0 0 0
    outer loop
      vertex 3.0302 2.48682 5.2
      vertex 4.16653 3.41938 18.4
      vertex 3.81131 3.81131 18.4
    endloop
  endfacet
  facet normal 0 0 0
    outer loop
      vertex 3.0302 2.48682 5.2
      vertex 3.81131 3.81131 18.4
      vertex 2.77186 2.77186 5.2
    endloop
  endfacet
  facet normal 0 0 0
    outer loop
      vertex 0 0 5.2
      vertex 2.77186 2.77186 5.2
      vertex 3.0302 2.48682 5.2
    endloop
  endfacet
  facet normal 0 0 0
    outer loop
      vertex 0 0 18.4
      vertex 4.16653 3.41938 18.4
      vertex 3.81131 3.81131 18.4
    endloop
  endfacet
  facet normal 0 0 0
    outer loop
      vertex 2.77186 2.77186 5.2
      vertex 3.81131 3.81131 18.4
      vertex 3.41938 4.16653 18.4
    endloop
  endfacet
  facet normal 0 0 0
    outer loop
      vertex 2.77186 2.77186 5.2
      vertex 3.41938 4.16653 18.4
      vertex 2.48682 3.0302 5.2
    endloop
  endfacet
  facet normal 0 0 0
    outer loop
      vertex 0 0 5.2
      vertex 2.48682 3.0302 5.2
      vertex 2.77186 2.77186 5.2
    endloop
  endfacet
  facet normal 0 0 0
    outer loop
      vertex 0 0 18.4
      vertex 3.81131 3.81131 18.4
      vertex 3.41938 4.16653 18.4
    endloop
  endfacet
  facet normal 0 0 0
    outer loop
      vertex 2.48682 3.0302 5.2
      vertex 3.41938 4.16653 18.4
      vertex 2.99452 4.48162 18.4
    endloop
  endfacet
  facet normal 0 0 0
    outer loop
      vertex 2.48682 3.0302 5.2
      vertex 2.99452 4.48162 18.4
      vertex 2.17784 3.25936 5.2
    endloop
  endfacet
  facet normal 0 0 0
    outer loop
      vertex 0 0 5.2
      vertex 2.17784 3.25936 5.2
      vertex 2.48682 3.0302 5.2
    endloop
  endfacet
  facet normal 0 0 0
    outer loop
      vertex 0 0 18.4
      vertex 3.41938 4.16653 18.4
      vertex 2.99452 4.48162 18.4
    endloop
  endfacet
  facet normal 0 0 0
    outer loop
      vertex 2.17784 3.25936 5.2
      vertex 2.99452 4.48162 18.4
      vertex 2.54083 4.75356 18.4
    endloop
  endfacet
  facet normal 0 0 0
    outer loop
      vertex 2.17784 3.25936 5.2
      vertex 2.54083 4.75356 18.4
      vertex 1.84788 3.45713 5.2
    endloop
  endfacet
  facet normal 0 0 0
    outer loop
      vertex 0 0 5.2
      vertex 1.84788 3.45713 5.2
      vertex 2.17784 3.25936 5.2
    endloop
  endfacet
  facet normal 0 0 0
    outer loop
      vertex 0 0 18.4
      vertex 2.99452 4.48162 18.4
      vertex 2.54083 4.75356 18.4
    endloop
  endfacet
  facet normal 0 0 0
    outer loop
      vertex 1.84788 3.45713 5.2
      vertex 2.54083 4.75356 18.4
      vertex 2.06266 4.97971 18.4
    endloop
  endfacet
  facet normal 0 0 0
    outer loop
      vertex 1.84788 3.45713 5.2
      vertex 2.06266 4.97971 18.4
      vertex 1.50012 3.62161 5.2
    endloop
  endfacet
  facet normal 0 0 0
    outer loop
      vertex 0 0 5.2
      vertex 1.50012 3.62161 5.2
      vertex 1.84788 3.45713 5.2
    endloop
  endfacet
  facet normal 0 0 0
    outer loop
      vertex 0 0 18.4
      vertex 2.54083 4.75356 18.4
      vertex 2.06266 4.97971 18.4
    endloop
  endfacet
  facet normal 0 0 0
    outer loop
      vertex 1.50012 3.62161 5.2
      vertex 2.06266 4.97971 18.4
      vertex 1.56463 5.15791 18.4
    endloop
  endfacet
  facet normal 0 0 0
    outer loop
      vertex 1.50012 3.62161 5.2
      vertex 1.56463 5.15791 18.4
      vertex 1.13792 3.75121 5.2
    endloop
  endfacet
  facet normal 0 0 0
    outer loop
      vertex 0 0 5.2
      vertex 1.13792 3.75121 5.2
      vertex 1.50012 3.62161 5.2
    endloop
  endfacet
  facet normal 0 0 0
    outer loop
      vertex 0 0 18.4
      vertex 2.06266 4.97971 18.4
      vertex 1.56463 5.15791 18.4
    endloop
  endfacet
  facet normal 0 0 0
    outer loop
      vertex 1.13792 3.75121 5.2
      vertex 1.56463 5.15791 18.4
      vertex 1.05154 5.28643 18.4
    endloop
  endfacet
  facet normal 0 0 0
    outer loop
      vertex 1.13792 3.75121 5.2
      vertex 1.05154 5.28643 18.4
      vertex 0.76475 3.84468 5.2
    endloop
  endfacet
  facet normal 0 0 0
    outer loop
      vertex 0 0 5.2
      vertex 0.76475 3.84468 5.2
      vertex 1.13792 3.75121 5.2
    endloop
  endfacet
  facet normal 0 0 0
    outer loop
      vertex 0 0 18.4
      vertex 1.56463 5.15791 18.4
      vertex 1.05154 5.28643 18.4
    endloop
  endfacet
  facet normal 0 0 0
    outer loop
      vertex 0.76475 3.84468 5.2
      vertex 1.05154 5.28643 18.4
      vertex 0.52831 5.36405 18.4
    endloop
  endfacet
  facet normal 0 0 0
    outer loop
      vertex 0.76475 3.84468 5.2
      vertex 0.52831 5.36405 18.4
      vertex 0.38423 3.90112 5.2
    endloop
  endfacet
  facet normal 0 0 0
    outer loop
      vertex 0 0 5.2
      vertex 0.38423 3.90112 5.2
      vertex 0.76475 3.84468 5.2
    endloop
  endfacet
  facet normal 0 0 0
    outer loop
      vertex 0 0 18.4
      vertex 1.05154 5.28643 18.4
      vertex 0.52831 5.36405 18.4
    endloop
  endfacet
  facet normal 0 0 0
    outer loop
      vertex 0.38423 3.90112 5.2
      vertex 0.52831 5.36405 18.4
      vertex 0 5.39 18.4
    endloop
  endfacet
  facet normal 0 0 0
    outer loop
      vertex 0.38423 3.90112 5.2
      vertex 0 5.39 18.4
      vertex 0 3.92 5.2
    endloop
  endfacet
  facet normal 0 0 0
    outer loop
      vertex 0 0 5.2
      vertex 0 3.92 5.2
      vertex 0.38423 3.90112 5.2
    endloop
  endfacet
  facet normal 0 0 0
    outer loop
      vertex 0 0 18.4
      vertex 0.52831 5.36405 18.4
      vertex 0 5.39 18.4
    endloop
  endfacet
  facet normal 0 0 0
    outer loop
      vertex 0 3.92 5.2
      vertex 0 5.39 18.4
      vertex -0.52831 5.36405 18.4
    endloop
  endfacet
  facet normal 0 0 0
    outer loop
      vertex 0 3.92 5.2
      vertex -0.52831 5.36405 18.4
      vertex -0.38423 3.90112 5.2
    endloop
  endfacet
  facet normal 0 0 0
    outer loop
      vertex 0 0 5.2
      vertex -0.38423 3.90112 5.2
      vertex 0 3.92 5.2
    endloop
  endfacet
  facet normal 0 0 0
    outer loop
      vertex 0 0 18.4
      vertex 0 5.39 18.4
      vertex -0.52831 5.36405 18.4
    endloop
  endfacet
  facet normal 0 0 0
    outer loop
      vertex -0.38423 3.90112 5.2
      vertex -0.52831 5.36405 18.4
      vertex -1.05154 5.28643 18.4
    endloop
  endfacet
  facet normal 0 0 0
    outer loop
      vertex -0.38423 3.90112 5.2
      vertex -1.05154 5.28643 18.4
      vertex -0.76475 3.84468 5.2
    endloop
  endfacet
  facet normal 0 0 0
    outer loop
      vertex 0 0 5.2
      vertex -0.76475 3.84468 5.2
      vertex -0.38423 3.90112 5.2
    endloop
  endfacet
  facet normal 0 0 0
    outer loop
      vertex 0 0 18.4
      vertex -0.52831 5.36405 18.4
      vertex -1.05154 5.28643 18.4
    endloop
  endfacet
  facet normal 0 0 0
    outer loop
      vertex -0.76475 3.84468 5.2
      vertex -1.05154 5.28643 18.4
      vertex -1.56463 5.15791 18.4
    endloop
  endfacet
  facet normal 0 0 0
    outer loop
      vertex -0.76475 3.84468 5.2
      vertex -1.56463 5.15791 18.4
      vertex -1.13792 3.75121 5.2
    endloop
  endfacet
  facet normal 0 0 0
    outer loop
      vertex 0 0 5.2
      vertex -1.13792 3.75121 5.2
      vertex -0.76475 3.84468 5.2
    endloop
  endfacet
  facet normal 0 0 0
    outer loop
      vertex 0 0 18.4
      vertex -1.05154 5.28643 18.4
      vertex -1.56463 5.15791 18.4
    endloop
  endfacet
  facet normal 0 0 0
    outer loop
      vertex -1.13792 3.75121 5.2
      vertex -1.56463 5.15791 18.4
      vertex -2.06266 4.97971 18.4
    endloop
  endfacet
  facet normal 0 0 0
    outer loop
      vertex -1.13792 3.75121 5.2
      vertex -2.06266 4.97971 18.4
      vertex -1.50012 3.62161 5.2
    endloop
  endfacet
  facet normal 0 0 0
    outer loop
      vertex 0 0 5.2
      vertex -1.50012 3.62161 5.2
      vertex -1.13792 3.75121 5.2
    endloop
  endfacet
  facet normal 0 0 0
    outer loop
      vertex 0 0 18.4
      vertex -1.56463 5.15791 18.4
      vertex -2.06266 4.97971 18.4
    endloop
  endfacet
  facet normal 0 0 0
    outer loop
      vertex -1.50012 3.62161 5.2
      vertex -2.06266 4.97971 18.4
      vertex -2.54083 4.75356 18.4
    endloop
  endfacet
  facet normal 0 0 0
    outer loop
      vertex -1.50012 3.62161 5.2
      vertex -2.54083 4.75356 18.4
      vertex -1.84788 3.45713 5.2
    endloop
  endfacet
  facet normal 0 0 0
    outer loop
      vertex 0 0 5.2
      vertex -1.84788 3.45713 5.2
      vertex -1.50012 3.62161 5.2
    endloop
  endfacet
  facet normal 0 0 0
    outer loop
      vertex 0 0 18.4
      vertex -2.06266 4.97971 18.4
      vertex -2.54083 4.75356 18.4
    endloop
  endfacet
  facet normal 0 0 0
    outer loop
      vertex -1.84788 3.45713 5.2
      vertex -2.54083 4.75356 18.4
      vertex -2.99452 4.48162 18.4
    endloop
  endfacet
  facet normal 0 0 0
    outer loop
      vertex -1.84788 3.45713 5.2
      vertex -2.99452 4.48162 18.4
      vertex -2.17784 3.25936 5.2
    endloop
  endfacet
  facet normal 0 0 0
    outer loop
      vertex 0 0 5.2
      vertex -2.17784 3.25936 5.2
      vertex -1.84788 3.45713 5.2
    endloop
  endfacet
  facet normal 0 0 0
    outer loop
      vertex 0 0 18.4
      vertex -2.54083 4.75356 18.4
      vertex -2.99452 4.48162 18.4
    endloop
  endfacet
  facet normal 0 0 0
    outer loop
      vertex -2.17784 3.25936 5.2
      vertex -2.99452 4.48162 18.4
      vertex -3.41938 4.16653 18.4
    endloop
  endfacet
  facet normal 0 0 0
    outer loop
      vertex -2.17784 3.25936 5.2
      vertex -3.41938 4.16653 18.4
      vertex -2.48682 3.0302 5.2
    endloop
  endfacet
  facet normal 0 0 0
    outer loop
      vertex 0 0 5.2
      vertex -2.48682 3.0302 5.2
      vertex -2.17784 3.25936 5.2
    endloop
  endfacet
  facet normal 0 0 0
    outer loop
      vertex 0 0 18.4
      vertex -2.99452 4.48162 18.4
      vertex -3.41938 4.16653 18.4
    endloop
  endfacet
  facet normal 0 0 0
    outer loop
      vertex -2.48682 3.0302 5.2
      vertex -3.41938 4.16653 18.4
      vertex -3.81131 3.81131 18.4
    endloop
  endfacet
  facet normal 0 0 0
    outer loop
      vertex -2.48682 3.0302 5.2
      vertex -3.81131 3.81131 18.4
      vertex -2.77186 2.77186 5.2
    endloop
  endfacet
  facet normal 0 0 0
    outer loop
      vertex 0 0 5.2
      vertex -2.77186 2.77186 5.2
      vertex -2.48682 3.0302 5.2
    endloop
  endfacet
  facet normal 0 0 0
    outer loop
      vertex 0 0 18.4
      vertex -3.41938 4.16653 18.4
      vertex -3.81131 3.81131 18.4
    endloop
  endfacet
  facet normal 0 0 0
    outer loop
      vertex -2.77186 2.77186 5.2
      vertex -3.81131 3.81131 18.4
      vertex -4.16653 3.41938 18.4
    endloop
  endfacet
  facet normal 0 0 0
    outer loop
      vertex -2.77186 2.77186 5.2
      vertex -4.16653 3.41938 18.4
      vertex -3.0302 2.48682 5.2
    endloop
  endfacet
  facet normal 0 0 0
    outer loop
      vertex 0 0 5.2
      vertex -3.0302 2.48682 5.2
      vertex -2.77186 2.77186 5.2
    endloop
  endfacet
  facet normal 0 0 0
    outer loop
      vertex 0 0 18.4
      vertex -3.81131 3.81131 18.4
      vertex -4.16653 3.41938 18.4
    endloop
  endfacet
  facet normal 0 0 0
    outer loop
      vertex -3.0302 2.48682 5.2
      vertex -4.16653 3.41938 18.4
      vertex -4.48162 2.99452 18.4
    endloop
  endfacet
  facet normal 0 0 0
    outer loop
      vertex -3.0302 2.48682 5.2
      vertex -4.48162 2.99452 18.4
      vertex -3.25936 2.17784 5.2
    endloop
  endfacet
  facet normal 0 0 0
    outer loop
      vertex 0 0 5.2
      vertex -3.25936 2.17784 5.2
      vertex -3.0302 2.48682 5.2
    endloop
  endfacet
  facet normal 0 0 0
    outer loop
      vertex 0 0 18.4
      vertex -4.16653 3.41938 18.4
      vertex -4.48162 2.99452 18.4
    endloop
  endfacet
  facet normal 0 0 0
    outer loop
      vertex -3.25936 2.17784 5.2
      vertex -4.48162 2.99452 18.4
      vertex -4.75356 2.54083 18.4
    endloop
  endfacet
  facet normal 0 0 0
    outer loop
      vertex -3.25936 2.17784 5.2
      vertex -4.75356 2.54083 18.4
      vertex -3.45713 1.84788 5.2
    endloop
  endfacet
  facet normal 0 0 0
    outer loop
      vertex 0 0 5.2
      vertex -3.45713 1.84788 5.2
      vertex -3.25936 2.17784 5.2
    endloop
  endfacet
  facet normal 0 0 0
    outer loop
      vertex 0 0 18.4
      vertex -4.48162 2.99452 18.4
      vertex -4.75356 2.54083 18.4
    endloop
  endfacet
  facet normal 0 0 0
    outer loop
      vertex -3.45713 1.84788 5.2
      vertex -4.75356 2.54083 18.4
      vertex -4.97971 2.06266 18.4
    endloop
  endfacet
  facet normal 0 0 0
    outer loop
      vertex -3.45713 1.84788 5.2
      vertex -4.97971 2.06266 18.4
      vertex -3.62161 1.50012 5.2
    endloop
  endfacet
  facet normal 0 0 0
    outer loop
      vertex 0 0 5.2
      vertex -3.62161 1.50012 5.2
      vertex -3.45713 1.84788 5.2
    endloop
  endfacet
  facet normal 0 0 0
    outer loop
      vertex 0 0 18.4
      vertex -4.75356 2.54083 18.4
      vertex -4.97971 2.06266 18.4
    endloop
  endfacet
  facet normal 0 0 0
    outer loop
      vertex -3.62161 1.50012 5.2
      vertex -4.97971 2.06266 18.4
      vertex -5.15791 1.56463 18.4
    endloop
  endfacet
  facet normal 0 0 0
    outer loop
      vertex -3.62161 1.50012 5.2
      vertex -5.15791 1.56463 18.4
      vertex -3.75121 1.13792 5.2
    endloop
  endfacet
  facet normal 0 0 0
    outer loop
      vertex 0 0 5.2
      vertex -3.75121 1.13792 5.2
      vertex -3.62161 1.50012 5.2
    endloop
  endfacet
  facet normal 0 0 0
    outer loop
      vertex 0 0 18.4
      vertex -4.97971 2.06266 18.4
      vertex -5.15791 1.56463 18.4
    endloop
  endfacet
  facet normal 0 0 0
    outer loop
      vertex -3.75121 1.13792 5.2
      vertex -5.15791 1.56463 18.4
      vertex -5.28643 1.05154 18.4
    endloop
  endfacet
  facet normal 0 0 0
    outer loop
      vertex -3.75121 1.13792 5.2
      vertex -5.28643 1.05154 18.4
      vertex -3.84468 0.76475 5.2
    endloop
  endfacet
  facet normal 0 0 0
    outer loop
      vertex 0 0 5.2
      vertex -3.84468 0.76475 5.2
      vertex -3.75121 1.13792 5.2
    endloop
  endfacet
  facet normal 0 0 0
    outer loop
      vertex 0 0 18.4
      vertex -5.15791 1.56463 18.4
      vertex -5.28643 1.05154 18.4
    endloop
  endfacet
  facet normal 0 0 0
    outer loop
      vertex -3.84468 0.76475 5.2
      vertex -5.28643 1.05154 18.4
      vertex -5.36405 0.52831 18.4
    endloop
  endfacet
  facet normal 0 0 0
    outer loop
      vertex -3.84468 0.76475 5.2
      vertex -5.36405 0.52831 18.4
      vertex -3.90112 0.38423 5.2
    endloop
  endfacet
  facet normal 0 0 0
    outer loop
      vertex 0 0 5.2
      vertex -3.90112 0.38423 5.2
      vertex -3.84468 0.76475 5.2
    endloop
  endfacet
  facet normal 0 0 0
    outer loop
      vertex 0 0 18.4
      vertex -5.28643 1.05154 18.4
      vertex -5.36405 0.52831 18.4
    endloop
  endfacet
  facet normal 0 0 0
    outer loop
      vertex -3.90112 0.38423 5.2
      vertex -5.36405 0.52831 18.4
      vertex -5.39 0 18.4
    endloop
  endfacet
  facet normal 0 0 0
    outer loop
      vertex -3.90112 0.38423 5.2
      vertex -5.39 0 18.4
      vertex -3.92 0 5.2
    endloop
  endfacet
  facet normal 0 0 0
    outer loop
      vertex 0 0 5.2
      vertex -3.92 0 5.2
      vertex -3.90112 0.38423 5.2
    endloop
  endfacet
  facet normal 0 0 0
    outer loop
      vertex 0 0 18.4
      vertex -5.36405 0.52831 18.4
      vertex -5.39 0 18.4
    endloop
  endfacet
  facet normal 0 0 0
    outer loop
      vertex -3.92 0 5.2
      vertex -5.39 0 18.4
      vertex -5.36405 -0.52831 18.4
    endloop
  endfacet
  facet normal 0 0 0
    outer loop
      vertex -3.92 0 5.2
      vertex -5.36405 -0.52831 18.4
      vertex -3.90112 -0.38423 5.2
    endloop
  endfacet
  facet normal 0 0 0
    outer loop
      vertex 0 0 5.2
      vertex -3.90112 -0.38423 5.2
      vertex -3.92 0 5.2
    endloop
  endfacet
  facet normal 0 0 0
    outer loop
      vertex 0 0 18.4
      vertex -5.39 0 18.4
      vertex -5.36405 -0.52831 18.4
    endloop
  endfacet
  facet normal 0 0 0
    outer loop
      vertex -3.90112 -0.38423 5.2
      vertex -5.36405 -0.52831 18.4
      vertex -5.28643 -1.05154 18.4
    endloop
  endfacet
  facet normal 0 0 0
    outer loop
      vertex -3.90112 -0.38423 5.2
      vertex -5.28643 -1.05154 18.4
      vertex -3.84468 -0.76475 5.2
    endloop
  endfacet
  facet normal 0 0 0
    outer loop
      vertex 0 0 5.2
      vertex -3.84468 -0.76475 5.2
      vertex -3.90112 -0.38423 5.2
    endloop
  endfacet
  facet normal 0 0 0
    outer loop
      vertex 0 0 18.4
      vertex -5.36405 -0.52831 18.4
      vertex -5.28643 -1.05154 18.4
    endloop
  endfacet
  facet normal 0 0 0
    outer loop
      vertex -3.84468 -0.76475 5.2
      vertex -5.28643 -1.05154 18.4
      vertex -5.15791 -1.56463 18.4
    endloop
  endfacet
  facet normal 0 0 0
    outer loop
      vertex -3.84468 -0.76475 5.2
      vertex -5.15791 -1.56463 18.4
      vertex -3.75121 -1.13792 5.2
    endloop
  endfacet
  facet normal 0 0 0
    outer loop
      vertex 0 0 5.2
      vertex -3.75121 -1.13792 5.2
      vertex -3.84468 -0.76475 5.2
    endloop
  endfacet
  facet normal 0 0 0
    outer loop
      vertex 0 0 18.4
      vertex -5.28643 -1.05154 18.4
      vertex -5.15791 -1.56463 18.4
    endloop
  endfacet
  facet normal 0 0 0
    outer loop
      vertex -3.75121 -1.13792 5.2
      vertex -5.15791 -1.56463 18.4
      vertex -4.97971 -2.06266 18.4
    endloop
  endfacet
  facet normal 0 0 0
    outer loop
      vertex -3.75121 -1.13792 5.2
      vertex -4.97971 -2.06266 18.4
      vertex -3.62161 -1.50012 5.2
    endloop
  endfacet
  facet normal 0 0 0
    outer loop
      vertex 0 0 5.2
      vertex -3.62161 -1.50012 5.2
      vertex -3.75121 -1.13792 5.2
    endloop
  endfacet
  facet normal 0 0 0
    outer loop
      vertex 0 0 18.4
      vertex -5.15791 -1.56463 18.4
      vertex -4.97971 -2.06266 18.4
    endloop
  endfacet
  facet normal 0 0 0
    outer loop
      vertex -3.62161 -1.50012 5.2
      vertex -4.97971 -2.06266 18.4
      vertex -4.75356 -2.54083 18.4
    endloop
  endfacet
  facet normal 0 0 0
    outer loop
      vertex -3.62161 -1.50012 5.2
      vertex -4.75356 -2.54083 18.4
      vertex -3.45713 -1.84788 5.2
    endloop
  endfacet
  facet normal 0 0 0
    outer loop
      vertex 0 0 5.2
      vertex -3.45713 -1.84788 5.2
      vertex -3.62161 -1.50012 5.2
    endloop
  endfacet
  facet normal 0 0 0
    outer loop
      vertex 0 0 18.4
      vertex -4.97971 -2.06266 18.4
      vertex -4.75356 -2.54083 18.4
    endloop
  endfacet
  facet normal 0 0 0
    outer loop
      vertex -3.45713 -1.84788 5.2
      vertex -4.75356 -2.54083 18.4
      vertex -4.48162 -2.99452 18.4
    endloop
  endfacet
  facet normal 0 0 0
    outer loop
      vertex -3.45713 -1.84788 5.2
      vertex -4.48162 -2.99452 18.4
      vertex -3.25936 -2.17784 5.2
    endloop
  endfacet
  facet normal 0 0 0
    outer loop
      vertex 0 0 5.2
      vertex -3.25936 -2.17784 5.2
      vertex -3.45713 -1.84788 5.2
    endloop
  endfacet
  facet normal 0 0 0
    outer loop
      vertex 0 0 18.4
      vertex -4.75356 -2.54083 18.4
      vertex -4.48162 -2.99452 18.4
    endloop
  endfacet
  facet normal 0 0 0
    outer loop
      vertex -3.25936 -2.17784 5.2
      vertex -4.48162 -2.99452 18.4
      vertex -4.16653 -3.41938 18.4
    endloop
  endfacet
  facet normal 0 0 0
    outer loop
      vertex -3.25936 -2.17784 5.2
      vertex -4.16653 -3.41938 18.4
      vertex -3.0302 -2.48682 5.2
    endloop
  endfacet
  facet normal 0 0 0
    outer loop
      vertex 0 0 5.2
      vertex -3.0302 -2.48682 5.2
      vertex -3.25936 -2.17784 5.2
    endloop
  endfacet
  facet normal 0 0 0
    outer loop
      vertex 0 0 18.4
      vertex -4.48162 -2.99452 18.4
      vertex -4.16653 -3.41938 18.4
    endloop
  endfacet
  facet normal 0 0 0
    outer loop
      vertex -3.0302 -2.48682 5.2
      vertex -4.16653 -3.41938 18.4
      vertex -3.81131 -3.81131 18.4
    endloop
  endfacet
  facet normal 0 0 0
    outer loop
      vertex -3.0302 -2.48682 5.2
      vertex -3.81131 -3.81131 18.4
      vertex -2.77186 -2.77186 5.2
    endloop
  endfacet
  facet normal 0 0 0
    outer loop
      vertex 0 0 5.2
      vertex -2.77186 -2.77186 5.2
      vertex -3.0302 -2.48682 5.2
    endloop
  endfacet
  facet normal 0 0 0
    outer loop
      vertex 0 0 18.4
      vertex -4.16653 -3.41938 18.4
      vertex -3.81131 -3.81131 18.4
    endloop
  endfacet
  facet normal 0 0 0
    outer loop
      vertex -2.77186 -2.77186 5.2
      vertex -3.81131 -3.81131 18.4
      vertex -3.41938 -4.16653 18.4
    endloop
  endfacet
  facet normal 0 0 0
    outer loop
      vertex -2.77186 -2.77186 5.2
      vertex -3.41938 -4.16653 18.4
      vertex -2.48682 -3.0302 5.2
    endloop
  endfacet
  facet normal 0 0 0
    outer loop
      vertex 0 0 5.2
      vertex -2.48682 -3.0302 5.2
      vertex -2.77186 -2.77186 5.2
    endloop
  endfacet
  facet normal 0 0 0
    outer loop
      vertex 0 0 18.4
      vertex -3.81131 -3.81131 18.4
      vertex -3.41938 -4.16653 18.4
    endloop
  endfacet
  facet normal 0 0 0
    outer loop
      vertex -2.48682 -3.0302 5.2
      vertex -3.41938 -4.16653 18.4
      vertex -2.99452 -4.48162 18.4
    endloop
  endfacet
  facet normal 0 0 0
    outer loop
      vertex -2.48682 -3.0302 5.2
      vertex -2.99452 -4.48162 18.4
      vertex -2.17784 -3.25936 5.2
    endloop
  endfacet
  facet normal 0 0 0
    outer loop
      vertex 0 0 5.2
      vertex -2.17784 -3.25936 5.2
      vertex -2.48682 -3.0302 5.2
    endloop
  endfacet
  facet normal 0 0 0
    outer loop
      vertex 0 0 18.4
      vertex -3.41938 -4.16653 18.4
      vertex -2.99452 -4.48162 18.4
    endloop
  endfacet
  facet normal 0 0 0
    outer loop
      vertex -2.17784 -3.25936 5.2
      vertex -2.99452 -4.48162 18.4
      vertex -2.54083 -4.75356 18.4
    endloop
  endfacet
  facet normal 0 0 0
    outer loop
      vertex -2.17784 -3.25936 5.2
      vertex -2.54083 -4.75356 18.4
      vertex -1.84788 -3.45713 5.2
    endloop
  endfacet
  facet normal 0 0 0
    outer loop
      vertex 0 0 5.2
      vertex -1.84788 -3.45713 5.2
      vertex -2.17784 -3.25936 5.2
    endloop
  endfacet
  facet normal 0 0 0
    outer loop
      vertex 0 0 18.4
      vertex -2.99452 -4.48162 18.4
      vertex -2.54083 -4.75356 18.4
    endloop
  endfacet
  facet normal 0 0 0
    outer loop
      vertex -1.84788 -3.45713 5.2
      vertex -2.54083 -4.75356 18.4
      vertex -2.06266 -4.97971 18.4
    endloop
  endfacet
  facet normal 0 0 0
    outer loop
      vertex -1.84788 -3.45713 5.2
      vertex -2.06266 -4.97971 18.4
      vertex -1.50012 -3.62161 5.2
    endloop
  endfacet
  facet normal 0 0 0
    outer loop
      vertex 0 0 5.2
      vertex -1.50012 -3.62161 5.2
      vertex -1.84788 -3.45713 5.2
    endloop
  endfacet
  facet normal 0 0 0
    outer loop
      vertex 0 0 18.4
      vertex -2.54083 -4.75356 18.4
      vertex -2.06266 -4.97971 18.4
    endloop
  endfacet
  facet normal 0 0 0
    outer loop
      vertex -1.50012 -3.62161 5.2
      vertex -2.06266 -4.97971 18.4
      vertex -1.56463 -5.15791 18.4
    endloop
  endfacet
  facet normal 0 0 0
    outer loop
      vertex -1.50012 -3.62161 5.2
      vertex -1.56463 -5.15791 18.4
      vertex -1.13792 -3.75121 5.2
    endloop
  endfacet
  facet normal 0 0 0
    outer loop
      vertex 0 0 5.2
      vertex -1.13792 -3.75121 5.2
      vertex -1.50012 -3.62161 5.2
    endloop
  endfacet
  facet normal 0 0 0
    outer loop
      vertex 0 0 18.4
      vertex -2.06266 -4.97971 18.4
      vertex -1.56463 -5.15791 18.4
    endloop
  endfacet
  facet normal 0 0 0
    outer loop
      vertex -1.13792 -3.75121 5.2
      vertex -1.56463 -5.15791 18.4
      vertex -1.05154 -5.28643 18.4
    endloop
  endfacet
  facet normal 0 0 0
    outer loop
      vertex -1.13792 -3.75121 5.2
      vertex -1.05154 -5.28643 18.4
      vertex -0.76475 -3.84468 5.2
    endloop
  endfacet
  facet normal 0 0 0
    outer loop
      vertex 0 0 5.2
      vertex -0.76475 -3.84468 5.2
      vertex -1.13792 -3.75121 5.2
    endloop
  endfacet
  facet normal 0 0 0
    outer loop
      vertex 0 0 18.4
      vertex -1.56463 -5.15791 18.4
      vertex -1.05154 -5.28643 18.4
    endloop
  endfacet
  facet normal 0 0 0
    outer loop
      vertex -0.76475 -3.84468 5.2
      vertex -1.05154 -5.28643 18.4
      vertex -0.52831 -5.36405 18.4
    endloop
  endfacet
  facet normal 0 0 0
    outer loop
      vertex -0.76475 -3.84468 5.2
      vertex -0.52831 -5.36405 18.4
      vertex -0.38423 -3.90112 5.2
    endloop
  endfacet
  facet normal 0 0 0
    outer loop
      vertex 0 0 5.2
      vertex -0.38423 -3.90112 5.2
      vertex -0.76475 -3.84468 5.2
    endloop
  endfacet
  facet normal 0 0 0
    outer loop
      vertex 0 0 18.4
      vertex -1.05154 -5.28643 18.4
      vertex -0.52831 -5.36405 18.4
    endloop
  endfacet
  facet normal 0 0 0
    outer loop
      vertex -0.38423 -3.90112 5.2
      vertex -0.52831 -5.36405 18.4
      vertex 0 -5.39 18.4
    endloop
  endfacet
  facet normal 0 0 0
    outer loop
      vertex -0.38423 -3.90112 5.2
      vertex 0 -5.39 18.4
      vertex 0 -3.92 5.2
    endloop
  endfacet
  facet normal 0 0 0
    outer loop
      vertex 0 0 5.2
      vertex 0 -3.92 5.2
      vertex -0.38423 -3.90112 5.2
    endloop
  endfacet
  facet normal 0 0 0
    outer loop
      vertex 0 0 18.4
      vertex -0.52831 -5.36405 18.4
      vertex 0 -5.39 18.4
    endloop
  endfacet
  facet normal 0 0 0
    outer loop
      vertex 0 -3.92 5.2
      vertex 0 -5.39 18.4
      vertex 0.52831 -5.36405 18.4
    endloop
  endfacet
  facet normal 0 0 0
    outer loop
      vertex 0 -3.92 5.2
      vertex 0.52831 -5.36405 18.4
      vertex 0.38423 -3.90112 5.2
    endloop
  endfacet
  facet normal 0 0 0
    outer loop
      vertex 0 0 5.2
      vertex 0.38423 -3.90112 5.2
      vertex 0 -3.92 5.2
    endloop
  endfacet
  facet normal 0 0 0
    outer loop
      vertex 0 0 18.4
      vertex 0 -5.39 18.4
      vertex 0.52831 -5.36405 18.4
    endloop
  endfacet
  facet normal 0 0 0
    outer loop
      vertex 0.38423 -3.90112 5.2
      vertex 0.52831 -5.36405 18.4
      vertex 1.05154 -5.28643 18.4
    endloop
  endfacet
  facet normal 0 0 0
    outer loop
      vertex 0.38423 -3.90112 5.2
      vertex 1.05154 -5.28643 18.4
      vertex 0.76475 -3.84468 5.2
    endloop
  endfacet
  facet normal 0 0 0
    outer loop
      vertex 0 0 5.2
      vertex 0.76475 -3.84468 5.2
      vertex 0.38423 -3.90112 5.2
    endloop
  endfacet
  facet normal 0 0 0
    outer loop
      vertex 0 0 18.4
      vertex 0.52831 -5.36405 18.4
      vertex 1.05154 -5.28643 18.4
    endloop
  endfacet
  facet normal 0 0 0
    outer loop
      vertex 0.76475 -3.84468 5.2
      vertex 1.05154 -5.28643 18.4
      vertex 1.56463 -5.15791 18.4
    endloop
  endfacet
  facet normal 0 0 0
    outer loop
      vertex 0.76475 -3.84468 5.2
      vertex 1.56463 -5.15791 18.4
      vertex 1.13792 -3.75121 5.2
    endloop
  endfacet
  facet normal 0 0 0
    outer loop
      vertex 0 0 5.2
      vertex 1.13792 -3.75121 5.2
      vertex 0.76475 -3.84468 5.2
    endloop
  endfacet
  facet normal 0 0 0
    outer loop
      vertex 0 0 18.4
      vertex 1.05154 -5.28643 18.4
      vertex 1.56463 -5.15791 18.4
    endloop
  endfacet
  facet normal 0 0 0
    outer loop
      vertex 1.13792 -3.75121 5.2
      vertex 1.56463 -5.15791 18.4
      vertex 2.06266 -4.97971 18.4
    endloop
  endfacet
  facet normal 0 0 0
    outer loop
      vertex 1.13792 -3.75121 5.2
      vertex 2.06266 -4.97971 18.4
      vertex 1.50012 -3.62161 5.2
    endloop
  endfacet
  facet normal 0 0 0
    outer loop
      vertex 0 0 5.2
      vertex 1.50012 -3.62161 5.2
      vertex 1.13792 -3.75121 5.2
    endloop
  endfacet
  facet normal 0 0 0
    outer loop
      vertex 0 0 18.4
      vertex 1.56463 -5.15791 18.4
      vertex 2.06266 -4.97971 18.4
    endloop
  endfacet
  facet normal 0 0 0
    outer loop
      vertex 1.50012 -3.62161 5.2
      vertex 2.06266 -4.97971 18.4
      vertex 2.54083 -4.75356 18.4
    endloop
  endfacet
  facet normal 0 0 0
    outer loop
      vertex 1.50012 -3.62161 5.2
      vertex 2.54083 -4.75356 18.4
      vertex 1.84788 -3.45713 5.2
    endloop
  endfacet
  facet normal 0 0 0
    outer loop
      vertex 0 0 5.2
      vertex 1.84788 -3.45713 5.2
      vertex 1.50012 -3.62161 5.2
    endloop
  endfacet
  facet normal 0 0 0
    outer loop
      vertex 0 0 18.4
      vertex 2.06266 -4.97971 18.4
      vertex 2.54083 -4.75356 18.4
    endloop
  endfacet
  facet normal 0 0 0
    outer loop
      vertex 1.84788 -3.45713 5.2
      vertex 2.54083 -4.75356 18.4
      vertex 2.99452 -4.48162 18.4
    endloop
  endfacet
  facet normal 0 0 0
    outer loop
      vertex 1.84788 -3.45713 5.2
      vertex 2.99452 -4.48162 18.4
      vertex 2.17784 -3.25936 5.2
    endloop
  endfacet
  facet normal 0 0 0
    outer loop
      vertex 0 0 5.2
      vertex 2.17784 -3.25936 5.2
      vertex 1.84788 -3.45713 5.2
    endloop
  endfacet
  facet normal 0 0 0
    outer loop
      vertex 0 0 18.4
      vertex 2.54083 -4.75356 18.4
      vertex 2.99452 -4.48162 18.4
    endloop
  endfacet
  facet normal 0 0 0
    outer loop
      vertex 2.17784 -3.25936 5.2
      vertex 2.99452 -4.48162 18.4
      vertex 3.41938 -4.16653 18.4
    endloop
  endfacet
  facet normal 0 0 0
    outer loop
      vertex 2.17784 -3.25936 5.2
      vertex 3.41938 -4.16653 18.4
      vertex 2.48682 -3.0302 5.2
    endloop
  endfacet
  facet normal 0 0 0
    outer loop
      vertex 0 0 5.2
      vertex 2.48682 -3.0302 5.2
      vertex 2.17784 -3.25936 5.2
    endloop
  endfacet
  facet normal 0 0 0
    outer loop
      vertex 0 0 18.4
      vertex 2.99452 -4.48162 18.4
      vertex 3.41938 -4.16653 18.4
    endloop
  endfacet
  facet normal 0 0 0
    outer loop
      vertex 2.48682 -3.0302 5.2
      vertex 3.41938 -4.16653 18.4
      vertex 3.81131 -3.81131 18.4
    endloop
  endfacet
  facet normal 0 0 0
    outer loop
      vertex 2.48682 -3.0302 5.2
      vertex 3.81131 -3.81131 18.4
      vertex 2.77186 -2.77186 5.2
    endloop
  endfacet
  facet normal 0 0 0
    outer loop
      vertex 0 0 5.2
      vertex 2.77186 -2.77186 5.2
      vertex 2.48682 -3.0302 5.2
    endloop
  endfacet
  facet normal 0 0 0
    outer loop
      vertex 0 0 18.4
      vertex 3.41938 -4.16653 18.4
      vertex 3.81131 -3.81131 18.4
    endloop
  endfacet
  facet normal 0 0 0
    outer loop
      vertex 2.77186 -2.77186 5.2
      vertex 3.81131 -3.81131 18.4
      vertex 4.16653 -3.41938 18.4
    endloop
  endfacet
  facet normal 0 0 0
    outer loop
      vertex 2.77186 -2.77186 5.2
      vertex 4.16653 -3.41938 18.4
      vertex 3.0302 -2.48682 5.2
    endloop
  endfacet
  facet normal 0 0 0
    outer loop
      vertex 0 0 5.2
      vertex 3.0302 -2.48682 5.2
      vertex 2.77186 -2.77186 5.2
    endloop
  endfacet
  facet normal 0 0 0
    outer loop
      vertex 0 0 18.4
      vertex 3.81131 -3.81131 18.4
      vertex 4.16653 -3.41938 18.4
    endloop
  endfacet
  facet normal 0 0 0
    outer loop
      vertex 3.0302 -2.48682 5.2
      vertex 4.16653 -3.41938 18.4
      vertex 4.48162 -2.99452 18.4
    endloop
  endfacet
  facet normal 0 0 0
    outer loop
      vertex 3.0302 -2.48682 5.2
      vertex 4.48162 -2.99452 18.4
      vertex 3.25936 -2.17784 5.2
    endloop
  endfacet
  facet normal 0 0 0
    outer loop
      vertex 0 0 5.2
      vertex 3.25936 -2.17784 5.2
      vertex 3.0302 -2.48682 5.2
    endloop
  endfacet
  facet normal 0 0 0
    outer loop
      vertex 0 0 18.4
      vertex 4.16653 -3.41938 18.4
      vertex 4.48162 -2.99452 18.4
    endloop
  endfacet
  facet normal 0 0 0
    outer loop
      vertex 3.25936 -2.17784 5.2
      vertex 4.48162 -2.99452 18.4
      vertex 4.75356 -2.54083 18.4
    endloop
  endfacet
  facet normal 0 0 0
    outer loop
      vertex 3.25936 -2.17784 5.2
      vertex 4.75356 -2.54083 18.4
      vertex 3.45713 -1.84788 5.2
    endloop
  endfacet
  facet normal 0 0 0
    outer loop
      vertex 0 0 5.2
      vertex 3.45713 -1.84788 5.2
      vertex 3.25936 -2.17784 5.2
    endloop
  endfacet
  facet normal 0 0 0
    outer loop
      vertex 0 0 18.4
      vertex 4.48162 -2.99452 18.4
      vertex 4.75356 -2.54083 18.4
    endloop
  endfacet
  facet normal 0 0 0
    outer loop
      vertex 3.45713 -1.84788 5.2
      vertex 4.75356 -2.54083 18.4
      vertex 4.97971 -2.06266 18.4
    endloop
  endfacet
  facet normal 0 0 0
    outer loop
      vertex 3.45713 -1.84788 5.2
      vertex 4.97971 -2.06266 18.4
      vertex 3.62161 -1.50012 5.2
    endloop
  endfacet
  facet normal 0 0 0
    outer loop
      vertex 0 0 5.2
      vertex 3.62161 -1.50012 5.2
      vertex 3.45713 -1.84788 5.2
    endloop
  endfacet
  facet normal 0 0 0
    outer loop
      vertex 0 0 18.4
      vertex 4.75356 -2.54083 18.4
      vertex 4.97971 -2.06266 18.4
    endloop
  endfacet
  facet normal 0 0 0
    outer loop
      vertex 3.62161 -1.50012 5.2
      vertex 4.97971 -2.06266 18.4
      vertex 5.15791 -1.56463 18.4
    endloop
  endfacet
  facet normal 0 0 0
    outer loop
      vertex 3.62161 -1.50012 5.2
      vertex 5.15791 -1.56463 18.4
      vertex 3.75121 -1.13792 5.2
    endloop
  endfacet
  facet normal 0 0 0
    outer loop
      vertex 0 0 5.2
      vertex 3.75121 -1.13792 5.2
      vertex 3.62161 -1.50012 5.2
    endloop
  endfacet
  facet normal 0 0 0
    outer loop
      vertex 0 0 18.4
      vertex 4.97971 -2.06266 18.4
      vertex 5.15791 -1.56463 18.4
    endloop
  endfacet
  facet normal 0 0 0
    outer loop
      vertex 3.75121 -1.13792 5.2
      vertex 5.15791 -1.56463 18.4
      vertex 5.28643 -1.05154 18.4
    endloop
  endfacet
  facet normal 0 0 0
    outer loop
      vertex 3.75121 -1.13792 5.2
      vertex 5.28643 -1.05154 18.4
      vertex 3.84468 -0.76475 5.2
    endloop
  endfacet
  facet normal 0 0 0
    outer loop
      vertex 0 0 5.2
      vertex 3.84468 -0.76475 5.2
      vertex 3.75121 -1.13792 5.2
    endloop
  endfacet
  facet normal 0 0 0
    outer loop
      vertex 0 0 18.4
      vertex 5.15791 -1.56463 18.4
      vertex 5.28643 -1.05154 18.4
    endloop
  endfacet
  facet normal 0 0 0
    outer loop
      vertex 3.84468 -0.76475 5.2
      vertex 5.28643 -1.05154 18.4
      vertex 5.36405 -0.52831 18.4
    endloop
  endfacet
  facet normal 0 0 0
    outer loop
      vertex 3.84468 -0.76475 5.2
      vertex 5.36405 -0.52831 18.4
      vertex 3.90112 -0.38423 5.2
    endloop
  endfacet
  facet normal 0 0 0
    outer loop
      vertex 0 0 5.2
      vertex 3.90112 -0.38423 5.2
      vertex 3.84468 -0.76475 5.2
    endloop
  endfacet
  facet normal 0 0 0
    outer loop
      vertex 0 0 18.4
      vertex 5.28643 -1.05154 18.4
      vertex 5.36405 -0.52831 18.4
    endloop
  endfacet
  facet normal 0 0 0
    outer loop
      vertex 3.90112 -0.38423 5.2
      vertex 5.36405 -0.52831 18.4
      vertex 5.39 0 18.4
    endloop
  endfacet
  facet normal 0 0 0
    outer loop
      vertex 3.90112 -0.38423 5.2
      vertex 5.39 0 18.4
      vertex 3.92 0 5.2
    endloop
  endfacet
  facet normal 0 0 0
    outer loop
      vertex 0 0 5.2
      vertex 3.92 0 5.2
      vertex 3.90112 -0.38423 5.2
    endloop
  endfacet
  facet normal 0 0 0
    outer loop
      vertex 0 0 18.4
      vertex 5.36405 -0.52831 18.4
      vertex 5.39 0 18.4
    endloop
  endfacet
  facet normal 0 0 0
    outer loop
      vertex 14.69328 0 15.6
      vertex 14.10555 0 23.2
      vertex 14.00258 1.37913 23.2
    endloop
  endfacet
  facet normal 0 0 0
    outer loop
      vertex 14.69328 0 15.6
      vertex 14.00258 1.37913 23.2
      vertex 14.58602 1.4366 15.6
    endloop
  endfacet
  facet normal 0 0 0
    outer loop
      vertex 4.165 0 15.6
      vertex 3.81335 0.37558 23.2
      vertex 3.8318 0 23.2
    endloop
  endfacet
  facet normal 0 0 0
    outer loop
      vertex 4.165 0 15.6
      vertex 4.14494 0.40824 15.6
      vertex 3.81335 0.37558 23.2
    endloop
  endfacet
  facet normal 0 0 0
    outer loop
      vertex 3.8318 0 23.2
      vertex 14.10555 0 23.2
      vertex 14.00258 1.37913 23.2
    endloop
  endfacet
  facet normal 0 0 0
    outer loop
      vertex 3.8318 0 23.2
      vertex 14.00258 1.37913 23.2
      vertex 3.81335 0.37558 23.2
    endloop
  endfacet
  facet normal 0 0 0
    outer loop
      vertex 4.165 0 15.6
      vertex 14.58602 1.4366 15.6
      vertex 14.69328 0 15.6
    endloop
  endfacet
  facet normal 0 0 0
    outer loop
      vertex 4.165 0 15.6
      vertex 4.14494 0.40824 15.6
      vertex 14.58602 1.4366 15.6
    endloop
  endfacet
  facet normal 0 0 0
    outer loop
      vertex 14.58602 1.4366 15.6
      vertex 14.00258 1.37913 23.2
      vertex 13.7742 2.73986 23.2
    endloop
  endfacet
  facet normal 0 0 0
    outer loop
      vertex 14.58602 1.4366 15.6
      vertex 13.7742 2.73986 23.2
      vertex 14.34813 2.85402 15.6
    endloop
  endfacet
  facet normal 0 0 0
    outer loop
      vertex 4.14494 0.40824 15.6
      vertex 3.75817 0.74755 23.2
      vertex 3.81335 0.37558 23.2
    endloop
  endfacet
  facet normal 0 0 0
    outer loop
      vertex 4.14494 0.40824 15.6
      vertex 4.08497 0.81255 15.6
      vertex 3.75817 0.74755 23.2
    endloop
  endfacet
  facet normal 0 0 0
    outer loop
      vertex 3.81335 0.37558 23.2
      vertex 14.00258 1.37913 23.2
      vertex 13.7742 2.73986 23.2
    endloop
  endfacet
  facet normal 0 0 0
    outer loop
      vertex 3.81335 0.37558 23.2
      vertex 13.7742 2.73986 23.2
      vertex 3.75817 0.74755 23.2
    endloop
  endfacet
  facet normal 0 0 0
    outer loop
      vertex 4.14494 0.40824 15.6
      vertex 14.34813 2.85402 15.6
      vertex 14.58602 1.4366 15.6
    endloop
  endfacet
  facet normal 0 0 0
    outer loop
      vertex 4.14494 0.40824 15.6
      vertex 4.08497 0.81255 15.6
      vertex 14.34813 2.85402 15.6
    endloop
  endfacet
  facet normal 0 0 0
    outer loop
      vertex 14.34813 2.85402 15.6
      vertex 13.7742 2.73986 23.2
      vertex 13.43123 4.07432 23.2
    endloop
  endfacet
  facet normal 0 0 0
    outer loop
      vertex 14.34813 2.85402 15.6
      vertex 13.43123 4.07432 23.2
      vertex 13.99086 4.24408 15.6
    endloop
  endfacet
  facet normal 0 0 0
    outer loop
      vertex 4.08497 0.81255 15.6
      vertex 3.6668 1.11231 23.2
      vertex 3.75817 0.74755 23.2
    endloop
  endfacet
  facet normal 0 0 0
    outer loop
      vertex 4.08497 0.81255 15.6
      vertex 3.98566 1.20904 15.6
      vertex 3.6668 1.11231 23.2
    endloop
  endfacet
  facet normal 0 0 0
    outer loop
      vertex 3.75817 0.74755 23.2
      vertex 13.7742 2.73986 23.2
      vertex 13.43123 4.07432 23.2
    endloop
  endfacet
  facet normal 0 0 0
    outer loop
      vertex 3.75817 0.74755 23.2
      vertex 13.43123 4.07432 23.2
      vertex 3.6668 1.11231 23.2
    endloop
  endfacet
  facet normal 0 0 0
    outer loop
      vertex 4.08497 0.81255 15.6
      vertex 13.99086 4.24408 15.6
      vertex 14.34813 2.85402 15.6
    endloop
  endfacet
  facet normal 0 0 0
    outer loop
      vertex 4.08497 0.81255 15.6
      vertex 3.98566 1.20904 15.6
      vertex 13.99086 4.24408 15.6
    endloop
  endfacet
  facet normal 0 0 0
    outer loop
      vertex 13.99086 4.24408 15.6
      vertex 13.43123 4.07432 23.2
      vertex 12.61455 5.22512 23.2
    endloop
  endfacet
  facet normal 0 0 0
    outer loop
      vertex 13.99086 4.24408 15.6
      vertex 12.61455 5.22512 23.2
      vertex 13.14015 5.44283 15.6
    endloop
  endfacet
  facet normal 0 0 0
    outer loop
      vertex 3.98566 1.20904 15.6
      vertex 3.54012 1.46637 23.2
      vertex 3.6668 1.11231 23.2
    endloop
  endfacet
  facet normal 0 0 0
    outer loop
      vertex 3.98566 1.20904 15.6
      vertex 3.84796 1.59388 15.6
      vertex 3.54012 1.46637 23.2
    endloop
  endfacet
  facet normal 0 0 0
    outer loop
      vertex 3.6668 1.11231 23.2
      vertex 13.43123 4.07432 23.2
      vertex 12.61455 5.22512 23.2
    endloop
  endfacet
  facet normal 0 0 0
    outer loop
      vertex 3.6668 1.11231 23.2
      vertex 12.61455 5.22512 23.2
      vertex 3.54012 1.46637 23.2
    endloop
  endfacet
  facet normal 0 0 0
    outer loop
      vertex 3.98566 1.20904 15.6
      vertex 13.14015 5.44283 15.6
      vertex 13.99086 4.24408 15.6
    endloop
  endfacet
  facet normal 0 0 0
    outer loop
      vertex 3.98566 1.20904 15.6
      vertex 3.84796 1.59388 15.6
      vertex 13.14015 5.44283 15.6
    endloop
  endfacet
  facet normal 0 0 0
    outer loop
      vertex 13.14015 5.44283 15.6
      vertex 12.61455 5.22512 23.2
      vertex 12.06701 6.44995 23.2
    endloop
  endfacet
  facet normal 0 0 0
    outer loop
      vertex 13.14015 5.44283 15.6
      vertex 12.06701 6.44995 23.2
      vertex 12.5698 6.7187 15.6
    endloop
  endfacet
  facet normal 0 0 0
    outer loop
      vertex 3.84796 1.59388 15.6
      vertex 3.37935 1.8063 23.2
      vertex 3.54012 1.46637 23.2
    endloop
  endfacet
  facet normal 0 0 0
    outer loop
      vertex 3.84796 1.59388 15.6
      vertex 3.6732 1.96337 15.6
      vertex 3.37935 1.8063 23.2
    endloop
  endfacet
  facet normal 0 0 0
    outer loop
      vertex 3.54012 1.46637 23.2
      vertex 12.61455 5.22512 23.2
      vertex 12.06701 6.44995 23.2
    endloop
  endfacet
  facet normal 0 0 0
    outer loop
      vertex 3.54012 1.46637 23.2
      vertex 12.06701 6.44995 23.2
      vertex 3.37935 1.8063 23.2
    endloop
  endfacet
  facet normal 0 0 0
    outer loop
      vertex 3.84796 1.59388 15.6
      vertex 12.5698 6.7187 15.6
      vertex 13.14015 5.44283 15.6
    endloop
  endfacet
  facet normal 0 0 0
    outer loop
      vertex 3.84796 1.59388 15.6
      vertex 3.6732 1.96337 15.6
      vertex 12.5698 6.7187 15.6
    endloop
  endfacet
  facet normal 0 0 0
    outer loop
      vertex 12.5698 6.7187 15.6
      vertex 12.06701 6.44995 23.2
      vertex 11.4063 7.62145 23.2
    endloop
  endfacet
  facet normal 0 0 0
    outer loop
      vertex 12.5698 6.7187 15.6
      vertex 11.4063 7.62145 23.2
      vertex 11.88156 7.93901 15.6
    endloop
  endfacet
  facet normal 0 0 0
    outer loop
      vertex 3.6732 1.96337 15.6
      vertex 3.18603 2.12883 23.2
      vertex 3.37935 1.8063 23.2
    endloop
  endfacet
  facet normal 0 0 0
    outer loop
      vertex 3.6732 1.96337 15.6
      vertex 3.46307 2.31395 15.6
      vertex 3.18603 2.12883 23.2
    endloop
  endfacet
  facet normal 0 0 0
    outer loop
      vertex 3.37935 1.8063 23.2
      vertex 12.06701 6.44995 23.2
      vertex 11.4063 7.62145 23.2
    endloop
  endfacet
  facet normal 0 0 0
    outer loop
      vertex 3.37935 1.8063 23.2
      vertex 11.4063 7.62145 23.2
      vertex 3.18603 2.12883 23.2
    endloop
  endfacet
  facet normal 0 0 0
    outer loop
      vertex 3.6732 1.96337 15.6
      vertex 11.88156 7.93901 15.6
      vertex 12.5698 6.7187 15.6
    endloop
  endfacet
  facet normal 0 0 0
    outer loop
      vertex 3.6732 1.96337 15.6
      vertex 3.46307 2.31395 15.6
      vertex 11.88156 7.93901 15.6
    endloop
  endfacet
  facet normal 0 0 0
    outer loop
      vertex 11.88156 7.93901 15.6
      vertex 11.4063 7.62145 23.2
      vertex 10.62789 8.72209 23.2
    endloop
  endfacet
  facet normal 0 0 0
    outer loop
      vertex 11.88156 7.93901 15.6
      vertex 10.62789 8.72209 23.2
      vertex 11.07072 9.08551 15.6
    endloop
  endfacet
  facet normal 0 0 0
    outer loop
      vertex 3.46307 2.31395 15.6
      vertex 2.96202 2.43087 23.2
      vertex 3.18603 2.12883 23.2
    endloop
  endfacet
  facet normal 0 0 0
    outer loop
      vertex 3.46307 2.31395 15.6
      vertex 3.21959 2.64225 15.6
      vertex 2.96202 2.43087 23.2
    endloop
  endfacet
  facet normal 0 0 0
    outer loop
      vertex 3.18603 2.12883 23.2
      vertex 11.4063 7.62145 23.2
      vertex 10.62789 8.72209 23.2
    endloop
  endfacet
  facet normal 0 0 0
    outer loop
      vertex 3.18603 2.12883 23.2
      vertex 10.62789 8.72209 23.2
      vertex 2.96202 2.43087 23.2
    endloop
  endfacet
  facet normal 0 0 0
    outer loop
      vertex 3.46307 2.31395 15.6
      vertex 11.07072 9.08551 15.6
      vertex 11.88156 7.93901 15.6
    endloop
  endfacet
  facet normal 0 0 0
    outer loop
      vertex 3.46307 2.31395 15.6
      vertex 3.21959 2.64225 15.6
      vertex 11.07072 9.08551 15.6
    endloop
  endfacet
  facet normal 0 0 0
    outer loop
      vertex 11.07072 9.08551 15.6
      vertex 10.62789 8.72209 23.2
      vertex 9.73245 9.73245 23.2
    endloop
  endfacet
  facet normal 0 0 0
    outer loop
      vertex 11.07072 9.08551 15.6
      vertex 9.73245 9.73245 23.2
      vertex 10.13797 10.13797 15.6
    endloop
  endfacet
  facet normal 0 0 0
    outer loop
      vertex 3.21959 2.64225 15.6
      vertex 2.70949 2.70949 23.2
      vertex 2.96202 2.43087 23.2
    endloop
  endfacet
  facet normal 0 0 0
    outer loop
      vertex 3.21959 2.64225 15.6
      vertex 2.9451 2.9451 15.6
      vertex 2.70949 2.70949 23.2
    endloop
  endfacet
  facet normal 0 0 0
    outer loop
      vertex 2.96202 2.43087 23.2
      vertex 10.62789 8.72209 23.2
      vertex 9.73245 9.73245 23.2
    endloop
  endfacet
  facet normal 0 0 0
    outer loop
      vertex 2.96202 2.43087 23.2
      vertex 9.73245 9.73245 23.2
      vertex 2.70949 2.70949 23.2
    endloop
  endfacet
  facet normal 0 0 0
    outer loop
      vertex 3.21959 2.64225 15.6
      vertex 10.13797 10.13797 15.6
      vertex 11.07072 9.08551 15.6
    endloop
  endfacet
  facet normal 0 0 0
    outer loop
      vertex 3.21959 2.64225 15.6
      vertex 2.9451 2.9451 15.6
      vertex 10.13797 10.13797 15.6
    endloop
  endfacet
  facet normal 0 0 0
    outer loop
      vertex 10.13797 10.13797 15.6
      vertex 9.73245 9.73245 23.2
      vertex 8.72819 10.63533 23.2
    endloop
  endfacet
  facet normal 0 0 0
    outer loop
      vertex 10.13797 10.13797 15.6
      vertex 8.72819 10.63533 23.2
      vertex 9.09187 11.07847 15.6
    endloop
  endfacet
  facet normal 0 0 0
    outer loop
      vertex 2.9451 2.9451 15.6
      vertex 2.43087 2.96202 23.2
      vertex 2.70949 2.70949 23.2
    endloop
  endfacet
  facet normal 0 0 0
    outer loop
      vertex 2.9451 2.9451 15.6
      vertex 2.64225 3.21959 15.6
      vertex 2.43087 2.96202 23.2
    endloop
  endfacet
  facet normal 0 0 0
    outer loop
      vertex 2.70949 2.70949 23.2
      vertex 9.73245 9.73245 23.2
      vertex 8.72819 10.63533 23.2
    endloop
  endfacet
  facet normal 0 0 0
    outer loop
      vertex 2.70949 2.70949 23.2
      vertex 8.72819 10.63533 23.2
      vertex 2.43087 2.96202 23.2
    endloop
  endfacet
  facet normal 0 0 0
    outer loop
      vertex 2.9451 2.9451 15.6
      vertex 9.09187 11.07847 15.6
      vertex 10.13797 10.13797 15.6
    endloop
  endfacet
  facet normal 0 0 0
    outer loop
      vertex 2.9451 2.9451 15.6
      vertex 2.64225 3.21959 15.6
      vertex 9.09187 11.07847 15.6
    endloop
  endfacet
  facet normal 0 0 0
    outer loop
      vertex 9.09187 11.07847 15.6
      vertex 8.72819 10.63533 23.2
      vertex 7.63034 11.41961 23.2
    endloop
  endfacet
  facet normal 0 0 0
    outer loop
      vertex 9.09187 11.07847 15.6
      vertex 7.63034 11.41961 23.2
      vertex 7.94827 11.89543 15.6
    endloop
  endfacet
  facet normal 0 0 0
    outer loop
      vertex 2.64225 3.21959 15.6
      vertex 2.12883 3.18603 23.2
      vertex 2.43087 2.96202 23.2
    endloop
  endfacet
  facet normal 0 0 0
    outer loop
      vertex 2.64225 3.21959 15.6
      vertex 2.31395 3.46307 15.6
      vertex 2.12883 3.18603 23.2
    endloop
  endfacet
  facet normal 0 0 0
    outer loop
      vertex 2.43087 2.96202 23.2
      vertex 8.72819 10.63533 23.2
      vertex 7.63034 11.41961 23.2
    endloop
  endfacet
  facet normal 0 0 0
    outer loop
      vertex 2.43087 2.96202 23.2
      vertex 7.63034 11.41961 23.2
      vertex 2.12883 3.18603 23.2
    endloop
  endfacet
  facet normal 0 0 0
    outer loop
      vertex 2.64225 3.21959 15.6
      vertex 7.94827 11.89543 15.6
      vertex 9.09187 11.07847 15.6
    endloop
  endfacet
  facet normal 0 0 0
    outer loop
      vertex 2.64225 3.21959 15.6
      vertex 2.31395 3.46307 15.6
      vertex 7.94827 11.89543 15.6
    endloop
  endfacet
  facet normal 0 0 0
    outer loop
      vertex 7.94827 11.89543 15.6
      vertex 7.63034 11.41961 23.2
      vertex 6.45796 12.08199 23.2
    endloop
  endfacet
  facet normal 0 0 0
    outer loop
      vertex 7.94827 11.89543 15.6
      vertex 6.45796 12.08199 23.2
      vertex 6.72704 12.58541 15.6
    endloop
  endfacet
  facet normal 0 0 0
    outer loop
      vertex 2.31395 3.46307 15.6
      vertex 1.8063 3.37935 23.2
      vertex 2.12883 3.18603 23.2
    endloop
  endfacet
  facet normal 0 0 0
    outer loop
      vertex 2.31395 3.46307 15.6
      vertex 1.96337 3.6732 15.6
      vertex 1.8063 3.37935 23.2
    endloop
  endfacet
  facet normal 0 0 0
    outer loop
      vertex 2.12883 3.18603 23.2
      vertex 7.63034 11.41961 23.2
      vertex 6.45796 12.08199 23.2
    endloop
  endfacet
  facet normal 0 0 0
    outer loop
      vertex 2.12883 3.18603 23.2
      vertex 6.45796 12.08199 23.2
      vertex 1.8063 3.37935 23.2
    endloop
  endfacet
  facet normal 0 0 0
    outer loop
      vertex 2.31395 3.46307 15.6
      vertex 6.72704 12.58541 15.6
      vertex 7.94827 11.89543 15.6
    endloop
  endfacet
  facet normal 0 0 0
    outer loop
      vertex 2.31395 3.46307 15.6
      vertex 1.96337 3.6732 15.6
      vertex 6.72704 12.58541 15.6
    endloop
  endfacet
  facet normal 0 0 0
    outer loop
      vertex 6.72704 12.58541 15.6
      vertex 6.45796 12.08199 23.2
      vertex 5.22981 12.62587 23.2
    endloop
  endfacet
  facet normal 0 0 0
    outer loop
      vertex 6.72704 12.58541 15.6
      vertex 5.22981 12.62587 23.2
      vertex 5.44771 13.15194 15.6
    endloop
  endfacet
  facet normal 0 0 0
    outer loop
      vertex 1.96337 3.6732 15.6
      vertex 1.46637 3.54012 23.2
      vertex 1.8063 3.37935 23.2
    endloop
  endfacet
  facet normal 0 0 0
    outer loop
      vertex 1.96337 3.6732 15.6
      vertex 1.59388 3.84796 15.6
      vertex 1.46637 3.54012 23.2
    endloop
  endfacet
  facet normal 0 0 0
    outer loop
      vertex 1.8063 3.37935 23.2
      vertex 6.45796 12.08199 23.2
      vertex 5.22981 12.62587 23.2
    endloop
  endfacet
  facet normal 0 0 0
    outer loop
      vertex 1.8063 3.37935 23.2
      vertex 5.22981 12.62587 23.2
      vertex 1.46637 3.54012 23.2
    endloop
  endfacet
  facet normal 0 0 0
    outer loop
      vertex 1.96337 3.6732 15.6
      vertex 5.44771 13.15194 15.6
      vertex 6.72704 12.58541 15.6
    endloop
  endfacet
  facet normal 0 0 0
    outer loop
      vertex 1.96337 3.6732 15.6
      vertex 1.59388 3.84796 15.6
      vertex 5.44771 13.15194 15.6
    endloop
  endfacet
  facet normal 0 0 0
    outer loop
      vertex 5.44771 13.15194 15.6
      vertex 5.22981 12.62587 23.2
      vertex 3.96096 13.05752 23.2
    endloop
  endfacet
  facet normal 0 0 0
    outer loop
      vertex 5.44771 13.15194 15.6
      vertex 3.96096 13.05752 23.2
      vertex 4.126 13.60158 15.6
    endloop
  endfacet
  facet normal 0 0 0
    outer loop
      vertex 1.59388 3.84796 15.6
      vertex 1.11231 3.6668 23.2
      vertex 1.46637 3.54012 23.2
    endloop
  endfacet
  facet normal 0 0 0
    outer loop
      vertex 1.59388 3.84796 15.6
      vertex 1.20904 3.98566 15.6
      vertex 1.11231 3.6668 23.2
    endloop
  endfacet
  facet normal 0 0 0
    outer loop
      vertex 1.46637 3.54012 23.2
      vertex 5.22981 12.62587 23.2
      vertex 3.96096 13.05752 23.2
    endloop
  endfacet
  facet normal 0 0 0
    outer loop
      vertex 1.46637 3.54012 23.2
      vertex 3.96096 13.05752 23.2
      vertex 1.11231 3.6668 23.2
    endloop
  endfacet
  facet normal 0 0 0
    outer loop
      vertex 1.59388 3.84796 15.6
      vertex 4.126 13.60158 15.6
      vertex 5.44771 13.15194 15.6
    endloop
  endfacet
  facet normal 0 0 0
    outer loop
      vertex 1.59388 3.84796 15.6
      vertex 1.20904 3.98566 15.6
      vertex 4.126 13.60158 15.6
    endloop
  endfacet
  facet normal 0 0 0
    outer loop
      vertex 4.126 13.60158 15.6
      vertex 3.96096 13.05752 23.2
      vertex 2.66172 13.38137 23.2
    endloop
  endfacet
  facet normal 0 0 0
    outer loop
      vertex 4.126 13.60158 15.6
      vertex 2.66172 13.38137 23.2
      vertex 2.77262 13.93893 15.6
    endloop
  endfacet
  facet normal 0 0 0
    outer loop
      vertex 1.20904 3.98566 15.6
      vertex 0.74755 3.75817 23.2
      vertex 1.11231 3.6668 23.2
    endloop
  endfacet
  facet normal 0 0 0
    outer loop
      vertex 1.20904 3.98566 15.6
      vertex 0.81255 4.08497 15.6
      vertex 0.74755 3.75817 23.2
    endloop
  endfacet
  facet normal 0 0 0
    outer loop
      vertex 1.11231 3.6668 23.2
      vertex 3.96096 13.05752 23.2
      vertex 2.66172 13.38137 23.2
    endloop
  endfacet
  facet normal 0 0 0
    outer loop
      vertex 1.11231 3.6668 23.2
      vertex 2.66172 13.38137 23.2
      vertex 0.74755 3.75817 23.2
    endloop
  endfacet
  facet normal 0 0 0
    outer loop
      vertex 1.20904 3.98566 15.6
      vertex 2.77262 13.93893 15.6
      vertex 4.126 13.60158 15.6
    endloop
  endfacet
  facet normal 0 0 0
    outer loop
      vertex 1.20904 3.98566 15.6
      vertex 0.81255 4.08497 15.6
      vertex 2.77262 13.93893 15.6
    endloop
  endfacet
  facet normal 0 0 0
    outer loop
      vertex 2.77262 13.93893 15.6
      vertex 2.66172 13.38137 23.2
      vertex 1.33911 13.59623 23.2
    endloop
  endfacet
  facet normal 0 0 0
    outer loop
      vertex 2.77262 13.93893 15.6
      vertex 1.33911 13.59623 23.2
      vertex 1.39491 14.16274 15.6
    endloop
  endfacet
  facet normal 0 0 0
    outer loop
      vertex 0.81255 4.08497 15.6
      vertex 0.37558 3.81335 23.2
      vertex 0.74755 3.75817 23.2
    endloop
  endfacet
  facet normal 0 0 0
    outer loop
      vertex 0.81255 4.08497 15.6
      vertex 0.40824 4.14494 15.6
      vertex 0.37558 3.81335 23.2
    endloop
  endfacet
  facet normal 0 0 0
    outer loop
      vertex 0.74755 3.75817 23.2
      vertex 2.66172 13.38137 23.2
      vertex 1.33911 13.59623 23.2
    endloop
  endfacet
  facet normal 0 0 0
    outer loop
      vertex 0.74755 3.75817 23.2
      vertex 1.33911 13.59623 23.2
      vertex 0.37558 3.81335 23.2
    endloop
  endfacet
  facet normal 0 0 0
    outer loop
      vertex 0.81255 4.08497 15.6
      vertex 1.39491 14.16274 15.6
      vertex 2.77262 13.93893 15.6
    endloop
  endfacet
  facet normal 0 0 0
    outer loop
      vertex 0.81255 4.08497 15.6
      vertex 0.40824 4.14494 15.6
      vertex 1.39491 14.16274 15.6
    endloop
  endfacet
  facet normal 0 0 0
    outer loop
      vertex 1.39491 14.16274 15.6
      vertex 1.33911 13.59623 23.2
      vertex 0 13.69432 23.2
    endloop
  endfacet
  facet normal 0 0 0
    outer loop
      vertex 1.39491 14.16274 15.6
      vertex 0 13.69432 23.2
      vertex 0 14.26492 15.6
    endloop
  endfacet
  facet normal 0 0 0
    outer loop
      vertex 0.40824 4.14494 15.6
      vertex 0 3.8318 23.2
      vertex 0.37558 3.81335 23.2
    endloop
  endfacet
  facet normal 0 0 0
    outer loop
      vertex 0.40824 4.14494 15.6
      vertex 0 4.165 15.6
      vertex 0 3.8318 23.2
    endloop
  endfacet
  facet normal 0 0 0
    outer loop
      vertex 0.37558 3.81335 23.2
      vertex 1.33911 13.59623 23.2
      vertex 0 13.69432 23.2
    endloop
  endfacet
  facet normal 0 0 0
    outer loop
      vertex 0.37558 3.81335 23.2
      vertex 0 13.69432 23.2
      vertex 0 3.8318 23.2
    endloop
  endfacet
  facet normal 0 0 0
    outer loop
      vertex 0.40824 4.14494 15.6
      vertex 0 14.26492 15.6
      vertex 1.39491 14.16274 15.6
    endloop
  endfacet
  facet normal 0 0 0
    outer loop
      vertex 0.40824 4.14494 15.6
      vertex 0 4.165 15.6
      vertex 0 14.26492 15.6
    endloop
  endfacet
  facet normal 0 0 0
    outer loop
      vertex 0 14.26492 15.6
      vertex 0 13.69432 23.2
      vertex -1.34573 13.66344 23.2
    endloop
  endfacet
  facet normal 0 0 0
    outer loop
      vertex 0 14.26492 15.6
      vertex -1.34573 13.66344 23.2
      vertex -1.4018 14.23275 15.6
    endloop
  endfacet
  facet normal 0 0 0
    outer loop
      vertex 0 4.165 15.6
      vertex -0.37558 3.81335 23.2
      vertex 0 3.8318 23.2
    endloop
  endfacet
  facet normal 0 0 0
    outer loop
      vertex 0 4.165 15.6
      vertex -0.40824 4.14494 15.6
      vertex -0.37558 3.81335 23.2
    endloop
  endfacet
  facet normal 0 0 0
    outer loop
      vertex 0 3.8318 23.2
      vertex 0 13.69432 23.2
      vertex -1.34573 13.66344 23.2
    endloop
  endfacet
  facet normal 0 0 0
    outer loop
      vertex 0 3.8318 23.2
      vertex -1.34573 13.66344 23.2
      vertex -0.37558 3.81335 23.2
    endloop
  endfacet
  facet normal 0 0 0
    outer loop
      vertex 0 4.165 15.6
      vertex -1.4018 14.23275 15.6
      vertex 0 14.26492 15.6
    endloop
  endfacet
  facet normal 0 0 0
    outer loop
      vertex 0 4.165 15.6
      vertex -0.40824 4.14494 15.6
      vertex -1.4018 14.23275 15.6
    endloop
  endfacet
  facet normal 0 0 0
    outer loop
      vertex -1.4018 14.23275 15.6
      vertex -1.34573 13.66344 23.2
      vertex -2.76047 13.87784 23.2
    endloop
  endfacet
  facet normal 0 0 0
    outer loop
      vertex -1.4018 14.23275 15.6
      vertex -2.76047 13.87784 23.2
      vertex -2.87549 14.45608 15.6
    endloop
  endfacet
  facet normal 0 0 0
    outer loop
      vertex -0.40824 4.14494 15.6
      vertex -0.74755 3.75817 23.2
      vertex -0.37558 3.81335 23.2
    endloop
  endfacet
  facet normal 0 0 0
    outer loop
      vertex -0.40824 4.14494 15.6
      vertex -0.81255 4.08497 15.6
      vertex -0.74755 3.75817 23.2
    endloop
  endfacet
  facet normal 0 0 0
    outer loop
      vertex -0.37558 3.81335 23.2
      vertex -1.34573 13.66344 23.2
      vertex -2.76047 13.87784 23.2
    endloop
  endfacet
  facet normal 0 0 0
    outer loop
      vertex -0.37558 3.81335 23.2
      vertex -2.76047 13.87784 23.2
      vertex -0.74755 3.75817 23.2
    endloop
  endfacet
  facet normal 0 0 0
    outer loop
      vertex -0.40824 4.14494 15.6
      vertex -2.87549 14.45608 15.6
      vertex -1.4018 14.23275 15.6
    endloop
  endfacet
  facet normal 0 0 0
    outer loop
      vertex -0.40824 4.14494 15.6
      vertex -0.81255 4.08497 15.6
      vertex -2.87549 14.45608 15.6
    endloop
  endfacet
  facet normal 0 0 0
    outer loop
      vertex -2.87549 14.45608 15.6
      vertex -2.76047 13.87784 23.2
      vertex -4.1099 13.54854 23.2
    endloop
  endfacet
  facet normal 0 0 0
    outer loop
      vertex -2.87549 14.45608 15.6
      vertex -4.1099 13.54854 23.2
      vertex -4.28115 14.11306 15.6
    endloop
  endfacet
  facet normal 0 0 0
    outer loop
      vertex -0.81255 4.08497 15.6
      vertex -1.11231 3.6668 23.2
      vertex -0.74755 3.75817 23.2
    endloop
  endfacet
  facet normal 0 0 0
    outer loop
      vertex -0.81255 4.08497 15.6
      vertex -1.20904 3.98566 15.6
      vertex -1.11231 3.6668 23.2
    endloop
  endfacet
  facet normal 0 0 0
    outer loop
      vertex -0.74755 3.75817 23.2
      vertex -2.76047 13.87784 23.2
      vertex -4.1099 13.54854 23.2
    endloop
  endfacet
  facet normal 0 0 0
    outer loop
      vertex -0.74755 3.75817 23.2
      vertex -4.1099 13.54854 23.2
      vertex -1.11231 3.6668 23.2
    endloop
  endfacet
  facet normal 0 0 0
    outer loop
      vertex -0.81255 4.08497 15.6
      vertex -4.28115 14.11306 15.6
      vertex -2.87549 14.45608 15.6
    endloop
  endfacet
  facet normal 0 0 0
    outer loop
      vertex -0.81255 4.08497 15.6
      vertex -1.20904 3.98566 15.6
      vertex -4.28115 14.11306 15.6
    endloop
  endfacet
  facet normal 0 0 0
    outer loop
      vertex -4.28115 14.11306 15.6
      vertex -4.1099 13.54854 23.2
      vertex -5.41343 13.06919 23.2
    endloop
  endfacet
  facet normal 0 0 0
    outer loop
      vertex -4.28115 14.11306 15.6
      vertex -5.41343 13.06919 23.2
      vertex -5.63899 13.61374 15.6
    endloop
  endfacet
  facet normal 0 0 0
    outer loop
      vertex -1.20904 3.98566 15.6
      vertex -1.46637 3.54012 23.2
      vertex -1.11231 3.6668 23.2
    endloop
  endfacet
  facet normal 0 0 0
    outer loop
      vertex -1.20904 3.98566 15.6
      vertex -1.59388 3.84796 15.6
      vertex -1.46637 3.54012 23.2
    endloop
  endfacet
  facet normal 0 0 0
    outer loop
      vertex -1.11231 3.6668 23.2
      vertex -4.1099 13.54854 23.2
      vertex -5.41343 13.06919 23.2
    endloop
  endfacet
  facet normal 0 0 0
    outer loop
      vertex -1.11231 3.6668 23.2
      vertex -5.41343 13.06919 23.2
      vertex -1.46637 3.54012 23.2
    endloop
  endfacet
  facet normal 0 0 0
    outer loop
      vertex -1.20904 3.98566 15.6
      vertex -5.63899 13.61374 15.6
      vertex -4.28115 14.11306 15.6
    endloop
  endfacet
  facet normal 0 0 0
    outer loop
      vertex -1.20904 3.98566 15.6
      vertex -1.59388 3.84796 15.6
      vertex -5.63899 13.61374 15.6
    endloop
  endfacet
  facet normal 0 0 0
    outer loop
      vertex -5.63899 13.61374 15.6
      vertex -5.41343 13.06919 23.2
      vertex -6.65482 12.4503 23.2
    endloop
  endfacet
  facet normal 0 0 0
    outer loop
      vertex -5.63899 13.61374 15.6
      vertex -6.65482 12.4503 23.2
      vertex -6.93211 12.96906 15.6
    endloop
  endfacet
  facet normal 0 0 0
    outer loop
      vertex -1.59388 3.84796 15.6
      vertex -1.8063 3.37935 23.2
      vertex -1.46637 3.54012 23.2
    endloop
  endfacet
  facet normal 0 0 0
    outer loop
      vertex -1.59388 3.84796 15.6
      vertex -1.96337 3.6732 15.6
      vertex -1.8063 3.37935 23.2
    endloop
  endfacet
  facet normal 0 0 0
    outer loop
      vertex -1.46637 3.54012 23.2
      vertex -5.41343 13.06919 23.2
      vertex -6.65482 12.4503 23.2
    endloop
  endfacet
  facet normal 0 0 0
    outer loop
      vertex -1.46637 3.54012 23.2
      vertex -6.65482 12.4503 23.2
      vertex -1.8063 3.37935 23.2
    endloop
  endfacet
  facet normal 0 0 0
    outer loop
      vertex -1.59388 3.84796 15.6
      vertex -6.93211 12.96906 15.6
      vertex -5.63899 13.61374 15.6
    endloop
  endfacet
  facet normal 0 0 0
    outer loop
      vertex -1.59388 3.84796 15.6
      vertex -1.96337 3.6732 15.6
      vertex -6.93211 12.96906 15.6
    endloop
  endfacet
  facet normal 0 0 0
    outer loop
      vertex -6.93211 12.96906 15.6
      vertex -6.65482 12.4503 23.2
      vertex -7.82334 11.70845 23.2
    endloop
  endfacet
  facet normal 0 0 0
    outer loop
      vertex -6.93211 12.96906 15.6
      vertex -7.82334 11.70845 23.2
      vertex -8.14931 12.1963 15.6
    endloop
  endfacet
  facet normal 0 0 0
    outer loop
      vertex -1.96337 3.6732 15.6
      vertex -2.12883 3.18603 23.2
      vertex -1.8063 3.37935 23.2
    endloop
  endfacet
  facet normal 0 0 0
    outer loop
      vertex -1.96337 3.6732 15.6
      vertex -2.31395 3.46307 15.6
      vertex -2.12883 3.18603 23.2
    endloop
  endfacet
  facet normal 0 0 0
    outer loop
      vertex -1.8063 3.37935 23.2
      vertex -6.65482 12.4503 23.2
      vertex -7.82334 11.70845 23.2
    endloop
  endfacet
  facet normal 0 0 0
    outer loop
      vertex -1.8063 3.37935 23.2
      vertex -7.82334 11.70845 23.2
      vertex -2.12883 3.18603 23.2
    endloop
  endfacet
  facet normal 0 0 0
    outer loop
      vertex -1.96337 3.6732 15.6
      vertex -8.14931 12.1963 15.6
      vertex -6.93211 12.96906 15.6
    endloop
  endfacet
  facet normal 0 0 0
    outer loop
      vertex -1.96337 3.6732 15.6
      vertex -2.31395 3.46307 15.6
      vertex -8.14931 12.1963 15.6
    endloop
  endfacet
  facet normal 0 0 0
    outer loop
      vertex -8.14931 12.1963 15.6
      vertex -7.82334 11.70845 23.2
      vertex -8.91397 10.8617 23.2
    endloop
  endfacet
  facet normal 0 0 0
    outer loop
      vertex -8.14931 12.1963 15.6
      vertex -8.91397 10.8617 23.2
      vertex -9.28538 11.31427 15.6
    endloop
  endfacet
  facet normal 0 0 0
    outer loop
      vertex -2.31395 3.46307 15.6
      vertex -2.43087 2.96202 23.2
      vertex -2.12883 3.18603 23.2
    endloop
  endfacet
  facet normal 0 0 0
    outer loop
      vertex -2.31395 3.46307 15.6
      vertex -2.64225 3.21959 15.6
      vertex -2.43087 2.96202 23.2
    endloop
  endfacet
  facet normal 0 0 0
    outer loop
      vertex -2.12883 3.18603 23.2
      vertex -7.82334 11.70845 23.2
      vertex -8.91397 10.8617 23.2
    endloop
  endfacet
  facet normal 0 0 0
    outer loop
      vertex -2.12883 3.18603 23.2
      vertex -8.91397 10.8617 23.2
      vertex -2.43087 2.96202 23.2
    endloop
  endfacet
  facet normal 0 0 0
    outer loop
      vertex -2.31395 3.46307 15.6
      vertex -9.28538 11.31427 15.6
      vertex -8.14931 12.1963 15.6
    endloop
  endfacet
  facet normal 0 0 0
    outer loop
      vertex -2.31395 3.46307 15.6
      vertex -2.64225 3.21959 15.6
      vertex -9.28538 11.31427 15.6
    endloop
  endfacet
  facet normal 0 0 0
    outer loop
      vertex -9.28538 11.31427 15.6
      vertex -8.91397 10.8617 23.2
      vertex -9.92503 9.92503 23.2
    endloop
  endfacet
  facet normal 0 0 0
    outer loop
      vertex -9.28538 11.31427 15.6
      vertex -9.92503 9.92503 23.2
      vertex -10.33858 10.33858 15.6
    endloop
  endfacet
  facet normal 0 0 0
    outer loop
      vertex -2.64225 3.21959 15.6
      vertex -2.70949 2.70949 23.2
      vertex -2.43087 2.96202 23.2
    endloop
  endfacet
  facet normal 0 0 0
    outer loop
      vertex -2.64225 3.21959 15.6
      vertex -2.9451 2.9451 15.6
      vertex -2.70949 2.70949 23.2
    endloop
  endfacet
  facet normal 0 0 0
    outer loop
      vertex -2.43087 2.96202 23.2
      vertex -8.91397 10.8617 23.2
      vertex -9.92503 9.92503 23.2
    endloop
  endfacet
  facet normal 0 0 0
    outer loop
      vertex -2.43087 2.96202 23.2
      vertex -9.92503 9.92503 23.2
      vertex -2.70949 2.70949 23.2
    endloop
  endfacet
  facet normal 0 0 0
    outer loop
      vertex -2.64225 3.21959 15.6
      vertex -10.33858 10.33858 15.6
      vertex -9.28538 11.31427 15.6
    endloop
  endfacet
  facet normal 0 0 0
    outer loop
      vertex -2.64225 3.21959 15.6
      vertex -2.9451 2.9451 15.6
      vertex -10.33858 10.33858 15.6
    endloop
  endfacet
  facet normal 0 0 0
    outer loop
      vertex -10.33858 10.33858 15.6
      vertex -9.92503 9.92503 23.2
      vertex -10.54977 8.65797 23.2
    endloop
  endfacet
  facet normal 0 0 0
    outer loop
      vertex -10.33858 10.33858 15.6
      vertex -10.54977 8.65797 23.2
      vertex -10.98934 9.01872 15.6
    endloop
  endfacet
  facet normal 0 0 0
    outer loop
      vertex -2.9451 2.9451 15.6
      vertex -2.96202 2.43087 23.2
      vertex -2.70949 2.70949 23.2
    endloop
  endfacet
  facet normal 0 0 0
    outer loop
      vertex -2.9451 2.9451 15.6
      vertex -3.21959 2.64225 15.6
      vertex -2.96202 2.43087 23.2
    endloop
  endfacet
  facet normal 0 0 0
    outer loop
      vertex -2.70949 2.70949 23.2
      vertex -9.92503 9.92503 23.2
      vertex -10.54977 8.65797 23.2
    endloop
  endfacet
  facet normal 0 0 0
    outer loop
      vertex -2.70949 2.70949 23.2
      vertex -10.54977 8.65797 23.2
      vertex -2.96202 2.43087 23.2
    endloop
  endfacet
  facet normal 0 0 0
    outer loop
      vertex -2.9451 2.9451 15.6
      vertex -10.98934 9.01872 15.6
      vertex -10.33858 10.33858 15.6
    endloop
  endfacet
  facet normal 0 0 0
    outer loop
      vertex -2.9451 2.9451 15.6
      vertex -3.21959 2.64225 15.6
      vertex -10.98934 9.01872 15.6
    endloop
  endfacet
  facet normal 0 0 0
    outer loop
      vertex -10.98934 9.01872 15.6
      vertex -10.54977 8.65797 23.2
      vertex -11.36763 7.5956 23.2
    endloop
  endfacet
  facet normal 0 0 0
    outer loop
      vertex -10.98934 9.01872 15.6
      vertex -11.36763 7.5956 23.2
      vertex -11.84128 7.91209 15.6
    endloop
  endfacet
  facet normal 0 0 0
    outer loop
      vertex -3.21959 2.64225 15.6
      vertex -3.18603 2.12883 23.2
      vertex -2.96202 2.43087 23.2
    endloop
  endfacet
  facet normal 0 0 0
    outer loop
      vertex -3.21959 2.64225 15.6
      vertex -3.46307 2.31395 15.6
      vertex -3.18603 2.12883 23.2
    endloop
  endfacet
  facet normal 0 0 0
    outer loop
      vertex -2.96202 2.43087 23.2
      vertex -10.54977 8.65797 23.2
      vertex -11.36763 7.5956 23.2
    endloop
  endfacet
  facet normal 0 0 0
    outer loop
      vertex -2.96202 2.43087 23.2
      vertex -11.36763 7.5956 23.2
      vertex -3.18603 2.12883 23.2
    endloop
  endfacet
  facet normal 0 0 0
    outer loop
      vertex -3.21959 2.64225 15.6
      vertex -11.84128 7.91209 15.6
      vertex -10.98934 9.01872 15.6
    endloop
  endfacet
  facet normal 0 0 0
    outer loop
      vertex -3.21959 2.64225 15.6
      vertex -3.46307 2.31395 15.6
      vertex -11.84128 7.91209 15.6
    endloop
  endfacet
  facet normal 0 0 0
    outer loop
      vertex -11.84128 7.91209 15.6
      vertex -11.36763 7.5956 23.2
      vertex -12.08792 6.46113 23.2
    endloop
  endfacet
  facet normal 0 0 0
    outer loop
      vertex -11.84128 7.91209 15.6
      vertex -12.08792 6.46113 23.2
      vertex -12.59158 6.73034 15.6
    endloop
  endfacet
  facet normal 0 0 0
    outer loop
      vertex -3.46307 2.31395 15.6
      vertex -3.37935 1.8063 23.2
      vertex -3.18603 2.12883 23.2
    endloop
  endfacet
  facet normal 0 0 0
    outer loop
      vertex -3.46307 2.31395 15.6
      vertex -3.6732 1.96337 15.6
      vertex -3.37935 1.8063 23.2
    endloop
  endfacet
  facet normal 0 0 0
    outer loop
      vertex -3.18603 2.12883 23.2
      vertex -11.36763 7.5956 23.2
      vertex -12.08792 6.46113 23.2
    endloop
  endfacet
  facet normal 0 0 0
    outer loop
      vertex -3.18603 2.12883 23.2
      vertex -12.08792 6.46113 23.2
      vertex -3.37935 1.8063 23.2
    endloop
  endfacet
  facet normal 0 0 0
    outer loop
      vertex -3.46307 2.31395 15.6
      vertex -12.59158 6.73034 15.6
      vertex -11.84128 7.91209 15.6
    endloop
  endfacet
  facet normal 0 0 0
    outer loop
      vertex -3.46307 2.31395 15.6
      vertex -3.6732 1.96337 15.6
      vertex -12.59158 6.73034 15.6
    endloop
  endfacet
  facet normal 0 0 0
    outer loop
      vertex -12.59158 6.73034 15.6
      vertex -12.08792 6.46113 23.2
      vertex -12.69395 5.25801 23.2
    endloop
  endfacet
  facet normal 0 0 0
    outer loop
      vertex -12.59158 6.73034 15.6
      vertex -12.69395 5.25801 23.2
      vertex -13.22287 5.47709 15.6
    endloop
  endfacet
  facet normal 0 0 0
    outer loop
      vertex -3.6732 1.96337 15.6
      vertex -3.54012 1.46637 23.2
      vertex -3.37935 1.8063 23.2
    endloop
  endfacet
  facet normal 0 0 0
    outer loop
      vertex -3.6732 1.96337 15.6
      vertex -3.84796 1.59388 15.6
      vertex -3.54012 1.46637 23.2
    endloop
  endfacet
  facet normal 0 0 0
    outer loop
      vertex -3.37935 1.8063 23.2
      vertex -12.08792 6.46113 23.2
      vertex -12.69395 5.25801 23.2
    endloop
  endfacet
  facet normal 0 0 0
    outer loop
      vertex -3.37935 1.8063 23.2
      vertex -12.69395 5.25801 23.2
      vertex -3.54012 1.46637 23.2
    endloop
  endfacet
  facet normal 0 0 0
    outer loop
      vertex -3.6732 1.96337 15.6
      vertex -13.22287 5.47709 15.6
      vertex -12.59158 6.73034 15.6
    endloop
  endfacet
  facet normal 0 0 0
    outer loop
      vertex -3.6732 1.96337 15.6
      vertex -3.84796 1.59388 15.6
      vertex -13.22287 5.47709 15.6
    endloop
  endfacet
  facet normal 0 0 0
    outer loop
      vertex -13.22287 5.47709 15.6
      vertex -12.69395 5.25801 23.2
      vertex -13.16836 3.99458 23.2
    endloop
  endfacet
  facet normal 0 0 0
    outer loop
      vertex -13.22287 5.47709 15.6
      vertex -13.16836 3.99458 23.2
      vertex -13.71704 4.16102 15.6
    endloop
  endfacet
  facet normal 0 0 0
    outer loop
      vertex -3.84796 1.59388 15.6
      vertex -3.6668 1.11231 23.2
      vertex -3.54012 1.46637 23.2
    endloop
  endfacet
  facet normal 0 0 0
    outer loop
      vertex -3.84796 1.59388 15.6
      vertex -3.98566 1.20904 15.6
      vertex -3.6668 1.11231 23.2
    endloop
  endfacet
  facet normal 0 0 0
    outer loop
      vertex -3.54012 1.46637 23.2
      vertex -12.69395 5.25801 23.2
      vertex -13.16836 3.99458 23.2
    endloop
  endfacet
  facet normal 0 0 0
    outer loop
      vertex -3.54012 1.46637 23.2
      vertex -13.16836 3.99458 23.2
      vertex -3.6668 1.11231 23.2
    endloop
  endfacet
  facet normal 0 0 0
    outer loop
      vertex -3.84796 1.59388 15.6
      vertex -13.71704 4.16102 15.6
      vertex -13.22287 5.47709 15.6
    endloop
  endfacet
  facet normal 0 0 0
    outer loop
      vertex -3.84796 1.59388 15.6
      vertex -3.98566 1.20904 15.6
      vertex -13.71704 4.16102 15.6
    endloop
  endfacet
  facet normal 0 0 0
    outer loop
      vertex -13.71704 4.16102 15.6
      vertex -13.16836 3.99458 23.2
      vertex -13.49801 2.68492 23.2
    endloop
  endfacet
  facet normal 0 0 0
    outer loop
      vertex -13.71704 4.16102 15.6
      vertex -13.49801 2.68492 23.2
      vertex -14.06042 2.79679 15.6
    endloop
  endfacet
  facet normal 0 0 0
    outer loop
      vertex -3.98566 1.20904 15.6
      vertex -3.75817 0.74755 23.2
      vertex -3.6668 1.11231 23.2
    endloop
  endfacet
  facet normal 0 0 0
    outer loop
      vertex -3.98566 1.20904 15.6
      vertex -4.08497 0.81255 15.6
      vertex -3.75817 0.74755 23.2
    endloop
  endfacet
  facet normal 0 0 0
    outer loop
      vertex -3.6668 1.11231 23.2
      vertex -13.16836 3.99458 23.2
      vertex -13.49801 2.68492 23.2
    endloop
  endfacet
  facet normal 0 0 0
    outer loop
      vertex -3.6668 1.11231 23.2
      vertex -13.49801 2.68492 23.2
      vertex -3.75817 0.74755 23.2
    endloop
  endfacet
  facet normal 0 0 0
    outer loop
      vertex -3.98566 1.20904 15.6
      vertex -14.06042 2.79679 15.6
      vertex -13.71704 4.16102 15.6
    endloop
  endfacet
  facet normal 0 0 0
    outer loop
      vertex -3.98566 1.20904 15.6
      vertex -4.08497 0.81255 15.6
      vertex -14.06042 2.79679 15.6
    endloop
  endfacet
  facet normal 0 0 0
    outer loop
      vertex -14.06042 2.79679 15.6
      vertex -13.49801 2.68492 23.2
      vertex -13.67777 1.34714 23.2
    endloop
  endfacet
  facet normal 0 0 0
    outer loop
      vertex -14.06042 2.79679 15.6
      vertex -13.67777 1.34714 23.2
      vertex -14.24768 1.40327 15.6
    endloop
  endfacet
  facet normal 0 0 0
    outer loop
      vertex -4.08497 0.81255 15.6
      vertex -3.81335 0.37558 23.2
      vertex -3.75817 0.74755 23.2
    endloop
  endfacet
  facet normal 0 0 0
    outer loop
      vertex -4.08497 0.81255 15.6
      vertex -4.14494 0.40824 15.6
      vertex -3.81335 0.37558 23.2
    endloop
  endfacet
  facet normal 0 0 0
    outer loop
      vertex -3.75817 0.74755 23.2
      vertex -13.49801 2.68492 23.2
      vertex -13.67777 1.34714 23.2
    endloop
  endfacet
  facet normal 0 0 0
    outer loop
      vertex -3.75817 0.74755 23.2
      vertex -13.67777 1.34714 23.2
      vertex -3.81335 0.37558 23.2
    endloop
  endfacet
  facet normal 0 0 0
    outer loop
      vertex -4.08497 0.81255 15.6
      vertex -14.24768 1.40327 15.6
      vertex -14.06042 2.79679 15.6
    endloop
  endfacet
  facet normal 0 0 0
    outer loop
      vertex -4.08497 0.81255 15.6
      vertex -4.14494 0.40824 15.6
      vertex -14.24768 1.40327 15.6
    endloop
  endfacet
  facet normal 0 0 0
    outer loop
      vertex -14.24768 1.40327 15.6
      vertex -13.67777 1.34714 23.2
      vertex -13.71165 0 23.2
    endloop
  endfacet
  facet normal 0 0 0
    outer loop
      vertex -14.24768 1.40327 15.6
      vertex -13.71165 0 23.2
      vertex -14.28297 0 15.6
    endloop
  endfacet
  facet normal 0 0 0
    outer loop
      vertex -4.14494 0.40824 15.6
      vertex -3.8318 0 23.2
      vertex -3.81335 0.37558 23.2
    endloop
  endfacet
  facet normal 0 0 0
    outer loop
      vertex -4.14494 0.40824 15.6
      vertex -4.165 0 15.6
      vertex -3.8318 0 23.2
    endloop
  endfacet
  facet normal 0 0 0
    outer loop
      vertex -3.81335 0.37558 23.2
      vertex -13.67777 1.34714 23.2
      vertex -13.71165 0 23.2
    endloop
  endfacet
  facet normal 0 0 0
    outer loop
      vertex -3.81335 0.37558 23.2
      vertex -13.71165 0 23.2
      vertex -3.8318 0 23.2
    endloop
  endfacet
  facet normal 0 0 0
    outer loop
      vertex -4.14494 0.40824 15.6
      vertex -14.28297 0 15.6
      vertex -14.24768 1.40327 15.6
    endloop
  endfacet
  facet normal 0 0 0
    outer loop
      vertex -4.14494 0.40824 15.6
      vertex -4.165 0 15.6
      vertex -14.28297 0 15.6
    endloop
  endfacet
  facet normal 0 0 0
    outer loop
      vertex -14.28297 0 15.6
      vertex -13.71165 0 23.2
      vertex -13.61057 -1.34052 23.2
    endloop
  endfacet
  facet normal 0 0 0
    outer loop
      vertex -14.28297 0 15.6
      vertex -13.61057 -1.34052 23.2
      vertex -14.17768 -1.39638 15.6
    endloop
  endfacet
  facet normal 0 0 0
    outer loop
      vertex -4.165 0 15.6
      vertex -3.81335 -0.37558 23.2
      vertex -3.8318 0 23.2
    endloop
  endfacet
  facet normal 0 0 0
    outer loop
      vertex -4.165 0 15.6
      vertex -4.14494 -0.40824 15.6
      vertex -3.81335 -0.37558 23.2
    endloop
  endfacet
  facet normal 0 0 0
    outer loop
      vertex -3.8318 0 23.2
      vertex -13.71165 0 23.2
      vertex -13.61057 -1.34052 23.2
    endloop
  endfacet
  facet normal 0 0 0
    outer loop
      vertex -3.8318 0 23.2
      vertex -13.61057 -1.34052 23.2
      vertex -3.81335 -0.37558 23.2
    endloop
  endfacet
  facet normal 0 0 0
    outer loop
      vertex -4.165 0 15.6
      vertex -14.17768 -1.39638 15.6
      vertex -14.28297 0 15.6
    endloop
  endfacet
  facet normal 0 0 0
    outer loop
      vertex -4.165 0 15.6
      vertex -4.14494 -0.40824 15.6
      vertex -14.17768 -1.39638 15.6
    endloop
  endfacet
  facet normal 0 0 0
    outer loop
      vertex -14.17768 -1.39638 15.6
      vertex -13.61057 -1.34052 23.2
      vertex -13.38787 -2.66301 23.2
    endloop
  endfacet
  facet normal 0 0 0
    outer loop
      vertex -14.17768 -1.39638 15.6
      vertex -13.38787 -2.66301 23.2
      vertex -13.9457 -2.77397 15.6
    endloop
  endfacet
  facet normal 0 0 0
    outer loop
      vertex -4.14494 -0.40824 15.6
      vertex -3.75817 -0.74755 23.2
      vertex -3.81335 -0.37558 23.2
    endloop
  endfacet
  facet normal 0 0 0
    outer loop
      vertex -4.14494 -0.40824 15.6
      vertex -4.08497 -0.81255 15.6
      vertex -3.75817 -0.74755 23.2
    endloop
  endfacet
  facet normal 0 0 0
    outer loop
      vertex -3.81335 -0.37558 23.2
      vertex -13.61057 -1.34052 23.2
      vertex -13.38787 -2.66301 23.2
    endloop
  endfacet
  facet normal 0 0 0
    outer loop
      vertex -3.81335 -0.37558 23.2
      vertex -13.38787 -2.66301 23.2
      vertex -3.75817 -0.74755 23.2
    endloop
  endfacet
  facet normal 0 0 0
    outer loop
      vertex -4.14494 -0.40824 15.6
      vertex -13.9457 -2.77397 15.6
      vertex -14.17768 -1.39638 15.6
    endloop
  endfacet
  facet normal 0 0 0
    outer loop
      vertex -4.14494 -0.40824 15.6
      vertex -4.08497 -0.81255 15.6
      vertex -13.9457 -2.77397 15.6
    endloop
  endfacet
  facet normal 0 0 0
    outer loop
      vertex -13.9457 -2.77397 15.6
      vertex -13.38787 -2.66301 23.2
      vertex -13.05429 -3.95997 23.2
    endloop
  endfacet
  facet normal 0 0 0
    outer loop
      vertex -13.9457 -2.77397 15.6
      vertex -13.05429 -3.95997 23.2
      vertex -13.59821 -4.12497 15.6
    endloop
  endfacet
  facet normal 0 0 0
    outer loop
      vertex -4.08497 -0.81255 15.6
      vertex -3.6668 -1.11231 23.2
      vertex -3.75817 -0.74755 23.2
    endloop
  endfacet
  facet normal 0 0 0
    outer loop
      vertex -4.08497 -0.81255 15.6
      vertex -3.98566 -1.20904 15.6
      vertex -3.6668 -1.11231 23.2
    endloop
  endfacet
  facet normal 0 0 0
    outer loop
      vertex -3.75817 -0.74755 23.2
      vertex -13.38787 -2.66301 23.2
      vertex -13.05429 -3.95997 23.2
    endloop
  endfacet
  facet normal 0 0 0
    outer loop
      vertex -3.75817 -0.74755 23.2
      vertex -13.05429 -3.95997 23.2
      vertex -3.6668 -1.11231 23.2
    endloop
  endfacet
  facet normal 0 0 0
    outer loop
      vertex -4.08497 -0.81255 15.6
      vertex -13.59821 -4.12497 15.6
      vertex -13.9457 -2.77397 15.6
    endloop
  endfacet
  facet normal 0 0 0
    outer loop
      vertex -4.08497 -0.81255 15.6
      vertex -3.98566 -1.20904 15.6
      vertex -13.59821 -4.12497 15.6
    endloop
  endfacet
  facet normal 0 0 0
    outer loop
      vertex -13.59821 -4.12497 15.6
      vertex -13.05429 -3.95997 23.2
      vertex -12.61455 -5.22512 23.2
    endloop
  endfacet
  facet normal 0 0 0
    outer loop
      vertex -13.59821 -4.12497 15.6
      vertex -12.61455 -5.22512 23.2
      vertex -13.14015 -5.44283 15.6
    endloop
  endfacet
  facet normal 0 0 0
    outer loop
      vertex -3.98566 -1.20904 15.6
      vertex -3.54012 -1.46637 23.2
      vertex -3.6668 -1.11231 23.2
    endloop
  endfacet
  facet normal 0 0 0
    outer loop
      vertex -3.98566 -1.20904 15.6
      vertex -3.84796 -1.59388 15.6
      vertex -3.54012 -1.46637 23.2
    endloop
  endfacet
  facet normal 0 0 0
    outer loop
      vertex -3.6668 -1.11231 23.2
      vertex -13.05429 -3.95997 23.2
      vertex -12.61455 -5.22512 23.2
    endloop
  endfacet
  facet normal 0 0 0
    outer loop
      vertex -3.6668 -1.11231 23.2
      vertex -12.61455 -5.22512 23.2
      vertex -3.54012 -1.46637 23.2
    endloop
  endfacet
  facet normal 0 0 0
    outer loop
      vertex -3.98566 -1.20904 15.6
      vertex -13.14015 -5.44283 15.6
      vertex -13.59821 -4.12497 15.6
    endloop
  endfacet
  facet normal 0 0 0
    outer loop
      vertex -3.98566 -1.20904 15.6
      vertex -3.84796 -1.59388 15.6
      vertex -13.14015 -5.44283 15.6
    endloop
  endfacet
  facet normal 0 0 0
    outer loop
      vertex -13.14015 -5.44283 15.6
      vertex -12.61455 -5.22512 23.2
      vertex -12.06701 -6.44995 23.2
    endloop
  endfacet
  facet normal 0 0 0
    outer loop
      vertex -13.14015 -5.44283 15.6
      vertex -12.06701 -6.44995 23.2
      vertex -12.5698 -6.7187 15.6
    endloop
  endfacet
  facet normal 0 0 0
    outer loop
      vertex -3.84796 -1.59388 15.6
      vertex -3.37935 -1.8063 23.2
      vertex -3.54012 -1.46637 23.2
    endloop
  endfacet
  facet normal 0 0 0
    outer loop
      vertex -3.84796 -1.59388 15.6
      vertex -3.6732 -1.96337 15.6
      vertex -3.37935 -1.8063 23.2
    endloop
  endfacet
  facet normal 0 0 0
    outer loop
      vertex -3.54012 -1.46637 23.2
      vertex -12.61455 -5.22512 23.2
      vertex -12.06701 -6.44995 23.2
    endloop
  endfacet
  facet normal 0 0 0
    outer loop
      vertex -3.54012 -1.46637 23.2
      vertex -12.06701 -6.44995 23.2
      vertex -3.37935 -1.8063 23.2
    endloop
  endfacet
  facet normal 0 0 0
    outer loop
      vertex -3.84796 -1.59388 15.6
      vertex -12.5698 -6.7187 15.6
      vertex -13.14015 -5.44283 15.6
    endloop
  endfacet
  facet normal 0 0 0
    outer loop
      vertex -3.84796 -1.59388 15.6
      vertex -3.6732 -1.96337 15.6
      vertex -12.5698 -6.7187 15.6
    endloop
  endfacet
  facet normal 0 0 0
    outer loop
      vertex -12.5698 -6.7187 15.6
      vertex -12.06701 -6.44995 23.2
      vertex -11.4063 -7.62145 23.2
    endloop
  endfacet
  facet normal 0 0 0
    outer loop
      vertex -12.5698 -6.7187 15.6
      vertex -11.4063 -7.62145 23.2
      vertex -11.88156 -7.93901 15.6
    endloop
  endfacet
  facet normal 0 0 0
    outer loop
      vertex -3.6732 -1.96337 15.6
      vertex -3.18603 -2.12883 23.2
      vertex -3.37935 -1.8063 23.2
    endloop
  endfacet
  facet normal 0 0 0
    outer loop
      vertex -3.6732 -1.96337 15.6
      vertex -3.46307 -2.31395 15.6
      vertex -3.18603 -2.12883 23.2
    endloop
  endfacet
  facet normal 0 0 0
    outer loop
      vertex -3.37935 -1.8063 23.2
      vertex -12.06701 -6.44995 23.2
      vertex -11.4063 -7.62145 23.2
    endloop
  endfacet
  facet normal 0 0 0
    outer loop
      vertex -3.37935 -1.8063 23.2
      vertex -11.4063 -7.62145 23.2
      vertex -3.18603 -2.12883 23.2
    endloop
  endfacet
  facet normal 0 0 0
    outer loop
      vertex -3.6732 -1.96337 15.6
      vertex -11.88156 -7.93901 15.6
      vertex -12.5698 -6.7187 15.6
    endloop
  endfacet
  facet normal 0 0 0
    outer loop
      vertex -3.6732 -1.96337 15.6
      vertex -3.46307 -2.31395 15.6
      vertex -11.88156 -7.93901 15.6
    endloop
  endfacet
  facet normal 0 0 0
    outer loop
      vertex -11.88156 -7.93901 15.6
      vertex -11.4063 -7.62145 23.2
      vertex -10.62789 -8.72209 23.2
    endloop
  endfacet
  facet normal 0 0 0
    outer loop
      vertex -11.88156 -7.93901 15.6
      vertex -10.62789 -8.72209 23.2
      vertex -11.07072 -9.08551 15.6
    endloop
  endfacet
  facet normal 0 0 0
    outer loop
      vertex -3.46307 -2.31395 15.6
      vertex -2.96202 -2.43087 23.2
      vertex -3.18603 -2.12883 23.2
    endloop
  endfacet
  facet normal 0 0 0
    outer loop
      vertex -3.46307 -2.31395 15.6
      vertex -3.21959 -2.64225 15.6
      vertex -2.96202 -2.43087 23.2
    endloop
  endfacet
  facet normal 0 0 0
    outer loop
      vertex -3.18603 -2.12883 23.2
      vertex -11.4063 -7.62145 23.2
      vertex -10.62789 -8.72209 23.2
    endloop
  endfacet
  facet normal 0 0 0
    outer loop
      vertex -3.18603 -2.12883 23.2
      vertex -10.62789 -8.72209 23.2
      vertex -2.96202 -2.43087 23.2
    endloop
  endfacet
  facet normal 0 0 0
    outer loop
      vertex -3.46307 -2.31395 15.6
      vertex -11.07072 -9.08551 15.6
      vertex -11.88156 -7.93901 15.6
    endloop
  endfacet
  facet normal 0 0 0
    outer loop
      vertex -3.46307 -2.31395 15.6
      vertex -3.21959 -2.64225 15.6
      vertex -11.07072 -9.08551 15.6
    endloop
  endfacet
  facet normal 0 0 0
    outer loop
      vertex -11.07072 -9.08551 15.6
      vertex -10.62789 -8.72209 23.2
      vertex -10.01098 -10.01098 23.2
    endloop
  endfacet
  facet normal 0 0 0
    outer loop
      vertex -11.07072 -9.08551 15.6
      vertex -10.01098 -10.01098 23.2
      vertex -10.4281 -10.4281 15.6
    endloop
  endfacet
  facet normal 0 0 0
    outer loop
      vertex -3.21959 -2.64225 15.6
      vertex -2.70949 -2.70949 23.2
      vertex -2.96202 -2.43087 23.2
    endloop
  endfacet
  facet normal 0 0 0
    outer loop
      vertex -3.21959 -2.64225 15.6
      vertex -2.9451 -2.9451 15.6
      vertex -2.70949 -2.70949 23.2
    endloop
  endfacet
  facet normal 0 0 0
    outer loop
      vertex -2.96202 -2.43087 23.2
      vertex -10.62789 -8.72209 23.2
      vertex -10.01098 -10.01098 23.2
    endloop
  endfacet
  facet normal 0 0 0
    outer loop
      vertex -2.96202 -2.43087 23.2
      vertex -10.01098 -10.01098 23.2
      vertex -2.70949 -2.70949 23.2
    endloop
  endfacet
  facet normal 0 0 0
    outer loop
      vertex -3.21959 -2.64225 15.6
      vertex -10.4281 -10.4281 15.6
      vertex -11.07072 -9.08551 15.6
    endloop
  endfacet
  facet normal 0 0 0
    outer loop
      vertex -3.21959 -2.64225 15.6
      vertex -2.9451 -2.9451 15.6
      vertex -10.4281 -10.4281 15.6
    endloop
  endfacet
  facet normal 0 0 0
    outer loop
      vertex -10.4281 -10.4281 15.6
      vertex -10.01098 -10.01098 23.2
      vertex -8.97808 -10.93982 23.2
    endloop
  endfacet
  facet normal 0 0 0
    outer loop
      vertex -10.4281 -10.4281 15.6
      vertex -8.97808 -10.93982 23.2
      vertex -9.35217 -11.39565 15.6
    endloop
  endfacet
  facet normal 0 0 0
    outer loop
      vertex -2.9451 -2.9451 15.6
      vertex -2.43087 -2.96202 23.2
      vertex -2.70949 -2.70949 23.2
    endloop
  endfacet
  facet normal 0 0 0
    outer loop
      vertex -2.9451 -2.9451 15.6
      vertex -2.64225 -3.21959 15.6
      vertex -2.43087 -2.96202 23.2
    endloop
  endfacet
  facet normal 0 0 0
    outer loop
      vertex -2.70949 -2.70949 23.2
      vertex -10.01098 -10.01098 23.2
      vertex -8.97808 -10.93982 23.2
    endloop
  endfacet
  facet normal 0 0 0
    outer loop
      vertex -2.70949 -2.70949 23.2
      vertex -8.97808 -10.93982 23.2
      vertex -2.43087 -2.96202 23.2
    endloop
  endfacet
  facet normal 0 0 0
    outer loop
      vertex -2.9451 -2.9451 15.6
      vertex -9.35217 -11.39565 15.6
      vertex -10.4281 -10.4281 15.6
    endloop
  endfacet
  facet normal 0 0 0
    outer loop
      vertex -2.9451 -2.9451 15.6
      vertex -2.64225 -3.21959 15.6
      vertex -9.35217 -11.39565 15.6
    endloop
  endfacet
  facet normal 0 0 0
    outer loop
      vertex -9.35217 -11.39565 15.6
      vertex -8.97808 -10.93982 23.2
      vertex -7.84918 -11.74713 23.2
    endloop
  endfacet
  facet normal 0 0 0
    outer loop
      vertex -9.35217 -11.39565 15.6
      vertex -7.84918 -11.74713 23.2
      vertex -8.17623 -12.23659 15.6
    endloop
  endfacet
  facet normal 0 0 0
    outer loop
      vertex -2.64225 -3.21959 15.6
      vertex -2.12883 -3.18603 23.2
      vertex -2.43087 -2.96202 23.2
    endloop
  endfacet
  facet normal 0 0 0
    outer loop
      vertex -2.64225 -3.21959 15.6
      vertex -2.31395 -3.46307 15.6
      vertex -2.12883 -3.18603 23.2
    endloop
  endfacet
  facet normal 0 0 0
    outer loop
      vertex -2.43087 -2.96202 23.2
      vertex -8.97808 -10.93982 23.2
      vertex -7.84918 -11.74713 23.2
    endloop
  endfacet
  facet normal 0 0 0
    outer loop
      vertex -2.43087 -2.96202 23.2
      vertex -7.84918 -11.74713 23.2
      vertex -2.12883 -3.18603 23.2
    endloop
  endfacet
  facet normal 0 0 0
    outer loop
      vertex -2.64225 -3.21959 15.6
      vertex -8.17623 -12.23659 15.6
      vertex -9.35217 -11.39565 15.6
    endloop
  endfacet
  facet normal 0 0 0
    outer loop
      vertex -2.64225 -3.21959 15.6
      vertex -2.31395 -3.46307 15.6
      vertex -8.17623 -12.23659 15.6
    endloop
  endfacet
  facet normal 0 0 0
    outer loop
      vertex -8.17623 -12.23659 15.6
      vertex -7.84918 -11.74713 23.2
      vertex -6.64364 -12.42938 23.2
    endloop
  endfacet
  facet normal 0 0 0
    outer loop
      vertex -8.17623 -12.23659 15.6
      vertex -6.64364 -12.42938 23.2
      vertex -6.92046 -12.94727 15.6
    endloop
  endfacet
  facet normal 0 0 0
    outer loop
      vertex -2.31395 -3.46307 15.6
      vertex -1.8063 -3.37935 23.2
      vertex -2.12883 -3.18603 23.2
    endloop
  endfacet
  facet normal 0 0 0
    outer loop
      vertex -2.31395 -3.46307 15.6
      vertex -1.96337 -3.6732 15.6
      vertex -1.8063 -3.37935 23.2
    endloop
  endfacet
  facet normal 0 0 0
    outer loop
      vertex -2.12883 -3.18603 23.2
      vertex -7.84918 -11.74713 23.2
      vertex -6.64364 -12.42938 23.2
    endloop
  endfacet
  facet normal 0 0 0
    outer loop
      vertex -2.12883 -3.18603 23.2
      vertex -6.64364 -12.42938 23.2
      vertex -1.8063 -3.37935 23.2
    endloop
  endfacet
  facet normal 0 0 0
    outer loop
      vertex -2.31395 -3.46307 15.6
      vertex -6.92046 -12.94727 15.6
      vertex -8.17623 -12.23659 15.6
    endloop
  endfacet
  facet normal 0 0 0
    outer loop
      vertex -2.31395 -3.46307 15.6
      vertex -1.96337 -3.6732 15.6
      vertex -6.92046 -12.94727 15.6
    endloop
  endfacet
  facet normal 0 0 0
    outer loop
      vertex -6.92046 -12.94727 15.6
      vertex -6.64364 -12.42938 23.2
      vertex -5.38054 -12.98978 23.2
    endloop
  endfacet
  facet normal 0 0 0
    outer loop
      vertex -6.92046 -12.94727 15.6
      vertex -5.38054 -12.98978 23.2
      vertex -5.60473 -13.53103 15.6
    endloop
  endfacet
  facet normal 0 0 0
    outer loop
      vertex -1.96337 -3.6732 15.6
      vertex -1.46637 -3.54012 23.2
      vertex -1.8063 -3.37935 23.2
    endloop
  endfacet
  facet normal 0 0 0
    outer loop
      vertex -1.96337 -3.6732 15.6
      vertex -1.59388 -3.84796 15.6
      vertex -1.46637 -3.54012 23.2
    endloop
  endfacet
  facet normal 0 0 0
    outer loop
      vertex -1.8063 -3.37935 23.2
      vertex -6.64364 -12.42938 23.2
      vertex -5.38054 -12.98978 23.2
    endloop
  endfacet
  facet normal 0 0 0
    outer loop
      vertex -1.8063 -3.37935 23.2
      vertex -5.38054 -12.98978 23.2
      vertex -1.46637 -3.54012 23.2
    endloop
  endfacet
  facet normal 0 0 0
    outer loop
      vertex -1.96337 -3.6732 15.6
      vertex -5.60473 -13.53103 15.6
      vertex -6.92046 -12.94727 15.6
    endloop
  endfacet
  facet normal 0 0 0
    outer loop
      vertex -1.96337 -3.6732 15.6
      vertex -1.59388 -3.84796 15.6
      vertex -5.60473 -13.53103 15.6
    endloop
  endfacet
  facet normal 0 0 0
    outer loop
      vertex -5.60473 -13.53103 15.6
      vertex -5.38054 -12.98978 23.2
      vertex -4.0753 -13.43446 23.2
    endloop
  endfacet
  facet normal 0 0 0
    outer loop
      vertex -5.60473 -13.53103 15.6
      vertex -4.0753 -13.43446 23.2
      vertex -4.2451 -13.99423 15.6
    endloop
  endfacet
  facet normal 0 0 0
    outer loop
      vertex -1.59388 -3.84796 15.6
      vertex -1.11231 -3.6668 23.2
      vertex -1.46637 -3.54012 23.2
    endloop
  endfacet
  facet normal 0 0 0
    outer loop
      vertex -1.59388 -3.84796 15.6
      vertex -1.20904 -3.98566 15.6
      vertex -1.11231 -3.6668 23.2
    endloop
  endfacet
  facet normal 0 0 0
    outer loop
      vertex -1.46637 -3.54012 23.2
      vertex -5.38054 -12.98978 23.2
      vertex -4.0753 -13.43446 23.2
    endloop
  endfacet
  facet normal 0 0 0
    outer loop
      vertex -1.46637 -3.54012 23.2
      vertex -4.0753 -13.43446 23.2
      vertex -1.11231 -3.6668 23.2
    endloop
  endfacet
  facet normal 0 0 0
    outer loop
      vertex -1.59388 -3.84796 15.6
      vertex -4.2451 -13.99423 15.6
      vertex -5.60473 -13.53103 15.6
    endloop
  endfacet
  facet normal 0 0 0
    outer loop
      vertex -1.59388 -3.84796 15.6
      vertex -1.20904 -3.98566 15.6
      vertex -4.2451 -13.99423 15.6
    endloop
  endfacet
  facet normal 0 0 0
    outer loop
      vertex -4.2451 -13.99423 15.6
      vertex -4.0753 -13.43446 23.2
      vertex -2.73857 -13.7677 23.2
    endloop
  endfacet
  facet normal 0 0 0
    outer loop
      vertex -4.2451 -13.99423 15.6
      vertex -2.73857 -13.7677 23.2
      vertex -2.85267 -14.34136 15.6
    endloop
  endfacet
  facet normal 0 0 0
    outer loop
      vertex -1.20904 -3.98566 15.6
      vertex -0.74755 -3.75817 23.2
      vertex -1.11231 -3.6668 23.2
    endloop
  endfacet
  facet normal 0 0 0
    outer loop
      vertex -1.20904 -3.98566 15.6
      vertex -0.81255 -4.08497 15.6
      vertex -0.74755 -3.75817 23.2
    endloop
  endfacet
  facet normal 0 0 0
    outer loop
      vertex -1.11231 -3.6668 23.2
      vertex -4.0753 -13.43446 23.2
      vertex -2.73857 -13.7677 23.2
    endloop
  endfacet
  facet normal 0 0 0
    outer loop
      vertex -1.11231 -3.6668 23.2
      vertex -2.73857 -13.7677 23.2
      vertex -0.74755 -3.75817 23.2
    endloop
  endfacet
  facet normal 0 0 0
    outer loop
      vertex -1.20904 -3.98566 15.6
      vertex -2.85267 -14.34136 15.6
      vertex -4.2451 -13.99423 15.6
    endloop
  endfacet
  facet normal 0 0 0
    outer loop
      vertex -1.20904 -3.98566 15.6
      vertex -0.81255 -4.08497 15.6
      vertex -2.85267 -14.34136 15.6
    endloop
  endfacet
  facet normal 0 0 0
    outer loop
      vertex -2.85267 -14.34136 15.6
      vertex -2.73857 -13.7677 23.2
      vertex -1.33911 -13.59623 23.2
    endloop
  endfacet
  facet normal 0 0 0
    outer loop
      vertex -2.85267 -14.34136 15.6
      vertex -1.33911 -13.59623 23.2
      vertex -1.39491 -14.16274 15.6
    endloop
  endfacet
  facet normal 0 0 0
    outer loop
      vertex -0.81255 -4.08497 15.6
      vertex -0.37558 -3.81335 23.2
      vertex -0.74755 -3.75817 23.2
    endloop
  endfacet
  facet normal 0 0 0
    outer loop
      vertex -0.81255 -4.08497 15.6
      vertex -0.40824 -4.14494 15.6
      vertex -0.37558 -3.81335 23.2
    endloop
  endfacet
  facet normal 0 0 0
    outer loop
      vertex -0.74755 -3.75817 23.2
      vertex -2.73857 -13.7677 23.2
      vertex -1.33911 -13.59623 23.2
    endloop
  endfacet
  facet normal 0 0 0
    outer loop
      vertex -0.74755 -3.75817 23.2
      vertex -1.33911 -13.59623 23.2
      vertex -0.37558 -3.81335 23.2
    endloop
  endfacet
  facet normal 0 0 0
    outer loop
      vertex -0.81255 -4.08497 15.6
      vertex -1.39491 -14.16274 15.6
      vertex -2.85267 -14.34136 15.6
    endloop
  endfacet
  facet normal 0 0 0
    outer loop
      vertex -0.81255 -4.08497 15.6
      vertex -0.40824 -4.14494 15.6
      vertex -1.39491 -14.16274 15.6
    endloop
  endfacet
  facet normal 0 0 0
    outer loop
      vertex -1.39491 -14.16274 15.6
      vertex -1.33911 -13.59623 23.2
      vertex 0 -13.69432 23.2
    endloop
  endfacet
  facet normal 0 0 0
    outer loop
      vertex -1.39491 -14.16274 15.6
      vertex 0 -13.69432 23.2
      vertex 0 -14.26492 15.6
    endloop
  endfacet
  facet normal 0 0 0
    outer loop
      vertex -0.40824 -4.14494 15.6
      vertex 0 -3.8318 23.2
      vertex -0.37558 -3.81335 23.2
    endloop
  endfacet
  facet normal 0 0 0
    outer loop
      vertex -0.40824 -4.14494 15.6
      vertex 0 -4.165 15.6
      vertex 0 -3.8318 23.2
    endloop
  endfacet
  facet normal 0 0 0
    outer loop
      vertex -0.37558 -3.81335 23.2
      vertex -1.33911 -13.59623 23.2
      vertex 0 -13.69432 23.2
    endloop
  endfacet
  facet normal 0 0 0
    outer loop
      vertex -0.37558 -3.81335 23.2
      vertex 0 -13.69432 23.2
      vertex 0 -3.8318 23.2
    endloop
  endfacet
  facet normal 0 0 0
    outer loop
      vertex -0.40824 -4.14494 15.6
      vertex 0 -14.26492 15.6
      vertex -1.39491 -14.16274 15.6
    endloop
  endfacet
  facet normal 0 0 0
    outer loop
      vertex -0.40824 -4.14494 15.6
      vertex 0 -4.165 15.6
      vertex 0 -14.26492 15.6
    endloop
  endfacet
  facet normal 0 0 0
    outer loop
      vertex 0 -14.26492 15.6
      vertex 0 -13.69432 23.2
      vertex 1.34573 -13.66344 23.2
    endloop
  endfacet
  facet normal 0 0 0
    outer loop
      vertex 0 -14.26492 15.6
      vertex 1.34573 -13.66344 23.2
      vertex 1.4018 -14.23275 15.6
    endloop
  endfacet
  facet normal 0 0 0
    outer loop
      vertex 0 -4.165 15.6
      vertex 0.37558 -3.81335 23.2
      vertex 0 -3.8318 23.2
    endloop
  endfacet
  facet normal 0 0 0
    outer loop
      vertex 0 -4.165 15.6
      vertex 0.40824 -4.14494 15.6
      vertex 0.37558 -3.81335 23.2
    endloop
  endfacet
  facet normal 0 0 0
    outer loop
      vertex 0 -3.8318 23.2
      vertex 0 -13.69432 23.2
      vertex 1.34573 -13.66344 23.2
    endloop
  endfacet
  facet normal 0 0 0
    outer loop
      vertex 0 -3.8318 23.2
      vertex 1.34573 -13.66344 23.2
      vertex 0.37558 -3.81335 23.2
    endloop
  endfacet
  facet normal 0 0 0
    outer loop
      vertex 0 -4.165 15.6
      vertex 1.4018 -14.23275 15.6
      vertex 0 -14.26492 15.6
    endloop
  endfacet
  facet normal 0 0 0
    outer loop
      vertex 0 -4.165 15.6
      vertex 0.40824 -4.14494 15.6
      vertex 1.4018 -14.23275 15.6
    endloop
  endfacet
  facet normal 0 0 0
    outer loop
      vertex 1.4018 -14.23275 15.6
      vertex 1.34573 -13.66344 23.2
      vertex 2.68363 -13.4915 23.2
    endloop
  endfacet
  facet normal 0 0 0
    outer loop
      vertex 1.4018 -14.23275 15.6
      vertex 2.68363 -13.4915 23.2
      vertex 2.79544 -14.05365 15.6
    endloop
  endfacet
  facet normal 0 0 0
    outer loop
      vertex 0.40824 -4.14494 15.6
      vertex 0.74755 -3.75817 23.2
      vertex 0.37558 -3.81335 23.2
    endloop
  endfacet
  facet normal 0 0 0
    outer loop
      vertex 0.40824 -4.14494 15.6
      vertex 0.81255 -4.08497 15.6
      vertex 0.74755 -3.75817 23.2
    endloop
  endfacet
  facet normal 0 0 0
    outer loop
      vertex 0.37558 -3.81335 23.2
      vertex 1.34573 -13.66344 23.2
      vertex 2.68363 -13.4915 23.2
    endloop
  endfacet
  facet normal 0 0 0
    outer loop
      vertex 0.37558 -3.81335 23.2
      vertex 2.68363 -13.4915 23.2
      vertex 0.74755 -3.75817 23.2
    endloop
  endfacet
  facet normal 0 0 0
    outer loop
      vertex 0.40824 -4.14494 15.6
      vertex 2.79544 -14.05365 15.6
      vertex 1.4018 -14.23275 15.6
    endloop
  endfacet
  facet normal 0 0 0
    outer loop
      vertex 0.40824 -4.14494 15.6
      vertex 0.81255 -4.08497 15.6
      vertex 2.79544 -14.05365 15.6
    endloop
  endfacet
  facet normal 0 0 0
    outer loop
      vertex 2.79544 -14.05365 15.6
      vertex 2.68363 -13.4915 23.2
      vertex 3.99556 -13.1716 23.2
    endloop
  endfacet
  facet normal 0 0 0
    outer loop
      vertex 2.79544 -14.05365 15.6
      vertex 3.99556 -13.1716 23.2
      vertex 4.16204 -13.72041 15.6
    endloop
  endfacet
  facet normal 0 0 0
    outer loop
      vertex 0.81255 -4.08497 15.6
      vertex 1.11231 -3.6668 23.2
      vertex 0.74755 -3.75817 23.2
    endloop
  endfacet
  facet normal 0 0 0
    outer loop
      vertex 0.81255 -4.08497 15.6
      vertex 1.20904 -3.98566 15.6
      vertex 1.11231 -3.6668 23.2
    endloop
  endfacet
  facet normal 0 0 0
    outer loop
      vertex 0.74755 -3.75817 23.2
      vertex 2.68363 -13.4915 23.2
      vertex 3.99556 -13.1716 23.2
    endloop
  endfacet
  facet normal 0 0 0
    outer loop
      vertex 0.74755 -3.75817 23.2
      vertex 3.99556 -13.1716 23.2
      vertex 1.11231 -3.6668 23.2
    endloop
  endfacet
  facet normal 0 0 0
    outer loop
      vertex 0.81255 -4.08497 15.6
      vertex 4.16204 -13.72041 15.6
      vertex 2.79544 -14.05365 15.6
    endloop
  endfacet
  facet normal 0 0 0
    outer loop
      vertex 0.81255 -4.08497 15.6
      vertex 1.20904 -3.98566 15.6
      vertex 4.16204 -13.72041 15.6
    endloop
  endfacet
  facet normal 0 0 0
    outer loop
      vertex 4.16204 -13.72041 15.6
      vertex 3.99556 -13.1716 23.2
      vertex 5.2627 -12.70527 23.2
    endloop
  endfacet
  facet normal 0 0 0
    outer loop
      vertex 4.16204 -13.72041 15.6
      vertex 5.2627 -12.70527 23.2
      vertex 5.48197 -13.23466 15.6
    endloop
  endfacet
  facet normal 0 0 0
    outer loop
      vertex 1.20904 -3.98566 15.6
      vertex 1.46637 -3.54012 23.2
      vertex 1.11231 -3.6668 23.2
    endloop
  endfacet
  facet normal 0 0 0
    outer loop
      vertex 1.20904 -3.98566 15.6
      vertex 1.59388 -3.84796 15.6
      vertex 1.46637 -3.54012 23.2
    endloop
  endfacet
  facet normal 0 0 0
    outer loop
      vertex 1.11231 -3.6668 23.2
      vertex 3.99556 -13.1716 23.2
      vertex 5.2627 -12.70527 23.2
    endloop
  endfacet
  facet normal 0 0 0
    outer loop
      vertex 1.11231 -3.6668 23.2
      vertex 5.2627 -12.70527 23.2
      vertex 1.46637 -3.54012 23.2
    endloop
  endfacet
  facet normal 0 0 0
    outer loop
      vertex 1.20904 -3.98566 15.6
      vertex 5.48197 -13.23466 15.6
      vertex 4.16204 -13.72041 15.6
    endloop
  endfacet
  facet normal 0 0 0
    outer loop
      vertex 1.20904 -3.98566 15.6
      vertex 1.59388 -3.84796 15.6
      vertex 5.48197 -13.23466 15.6
    endloop
  endfacet
  facet normal 0 0 0
    outer loop
      vertex 5.48197 -13.23466 15.6
      vertex 5.2627 -12.70527 23.2
      vertex 6.46914 -12.10291 23.2
    endloop
  endfacet
  facet normal 0 0 0
    outer loop
      vertex 5.48197 -13.23466 15.6
      vertex 6.46914 -12.10291 23.2
      vertex 6.73869 -12.60719 15.6
    endloop
  endfacet
  facet normal 0 0 0
    outer loop
      vertex 1.59388 -3.84796 15.6
      vertex 1.8063 -3.37935 23.2
      vertex 1.46637 -3.54012 23.2
    endloop
  endfacet
  facet normal 0 0 0
    outer loop
      vertex 1.59388 -3.84796 15.6
      vertex 1.96337 -3.6732 15.6
      vertex 1.8063 -3.37935 23.2
    endloop
  endfacet
  facet normal 0 0 0
    outer loop
      vertex 1.46637 -3.54012 23.2
      vertex 5.2627 -12.70527 23.2
      vertex 6.46914 -12.10291 23.2
    endloop
  endfacet
  facet normal 0 0 0
    outer loop
      vertex 1.46637 -3.54012 23.2
      vertex 6.46914 -12.10291 23.2
      vertex 1.8063 -3.37935 23.2
    endloop
  endfacet
  facet normal 0 0 0
    outer loop
      vertex 1.59388 -3.84796 15.6
      vertex 6.73869 -12.60719 15.6
      vertex 5.48197 -13.23466 15.6
    endloop
  endfacet
  facet normal 0 0 0
    outer loop
      vertex 1.59388 -3.84796 15.6
      vertex 1.96337 -3.6732 15.6
      vertex 6.73869 -12.60719 15.6
    endloop
  endfacet
  facet normal 0 0 0
    outer loop
      vertex 6.73869 -12.60719 15.6
      vertex 6.46914 -12.10291 23.2
      vertex 7.6045 -11.38093 23.2
    endloop
  endfacet
  facet normal 0 0 0
    outer loop
      vertex 6.73869 -12.60719 15.6
      vertex 7.6045 -11.38093 23.2
      vertex 7.92135 -11.85514 15.6
    endloop
  endfacet
  facet normal 0 0 0
    outer loop
      vertex 1.96337 -3.6732 15.6
      vertex 2.12883 -3.18603 23.2
      vertex 1.8063 -3.37935 23.2
    endloop
  endfacet
  facet normal 0 0 0
    outer loop
      vertex 1.96337 -3.6732 15.6
      vertex 2.31395 -3.46307 15.6
      vertex 2.12883 -3.18603 23.2
    endloop
  endfacet
  facet normal 0 0 0
    outer loop
      vertex 1.8063 -3.37935 23.2
      vertex 6.46914 -12.10291 23.2
      vertex 7.6045 -11.38093 23.2
    endloop
  endfacet
  facet normal 0 0 0
    outer loop
      vertex 1.8063 -3.37935 23.2
      vertex 7.6045 -11.38093 23.2
      vertex 2.12883 -3.18603 23.2
    endloop
  endfacet
  facet normal 0 0 0
    outer loop
      vertex 1.96337 -3.6732 15.6
      vertex 7.92135 -11.85514 15.6
      vertex 6.73869 -12.60719 15.6
    endloop
  endfacet
  facet normal 0 0 0
    outer loop
      vertex 1.96337 -3.6732 15.6
      vertex 2.31395 -3.46307 15.6
      vertex 7.92135 -11.85514 15.6
    endloop
  endfacet
  facet normal 0 0 0
    outer loop
      vertex 7.92135 -11.85514 15.6
      vertex 7.6045 -11.38093 23.2
      vertex 8.66408 -10.55721 23.2
    endloop
  endfacet
  facet normal 0 0 0
    outer loop
      vertex 7.92135 -11.85514 15.6
      vertex 8.66408 -10.55721 23.2
      vertex 9.02508 -10.9971 15.6
    endloop
  endfacet
  facet normal 0 0 0
    outer loop
      vertex 2.31395 -3.46307 15.6
      vertex 2.43087 -2.96202 23.2
      vertex 2.12883 -3.18603 23.2
    endloop
  endfacet
  facet normal 0 0 0
    outer loop
      vertex 2.31395 -3.46307 15.6
      vertex 2.64225 -3.21959 15.6
      vertex 2.43087 -2.96202 23.2
    endloop
  endfacet
  facet normal 0 0 0
    outer loop
      vertex 2.12883 -3.18603 23.2
      vertex 7.6045 -11.38093 23.2
      vertex 8.66408 -10.55721 23.2
    endloop
  endfacet
  facet normal 0 0 0
    outer loop
      vertex 2.12883 -3.18603 23.2
      vertex 8.66408 -10.55721 23.2
      vertex 2.43087 -2.96202 23.2
    endloop
  endfacet
  facet normal 0 0 0
    outer loop
      vertex 2.31395 -3.46307 15.6
      vertex 9.02508 -10.9971 15.6
      vertex 7.92135 -11.85514 15.6
    endloop
  endfacet
  facet normal 0 0 0
    outer loop
      vertex 2.31395 -3.46307 15.6
      vertex 2.64225 -3.21959 15.6
      vertex 9.02508 -10.9971 15.6
    endloop
  endfacet
  facet normal 0 0 0
    outer loop
      vertex 9.02508 -10.9971 15.6
      vertex 8.66408 -10.55721 23.2
      vertex 9.6465 -9.6465 23.2
    endloop
  endfacet
  facet normal 0 0 0
    outer loop
      vertex 9.02508 -10.9971 15.6
      vertex 9.6465 -9.6465 23.2
      vertex 10.04844 -10.04844 15.6
    endloop
  endfacet
  facet normal 0 0 0
    outer loop
      vertex 2.64225 -3.21959 15.6
      vertex 2.70949 -2.70949 23.2
      vertex 2.43087 -2.96202 23.2
    endloop
  endfacet
  facet normal 0 0 0
    outer loop
      vertex 2.64225 -3.21959 15.6
      vertex 2.9451 -2.9451 15.6
      vertex 2.70949 -2.70949 23.2
    endloop
  endfacet
  facet normal 0 0 0
    outer loop
      vertex 2.43087 -2.96202 23.2
      vertex 8.66408 -10.55721 23.2
      vertex 9.6465 -9.6465 23.2
    endloop
  endfacet
  facet normal 0 0 0
    outer loop
      vertex 2.43087 -2.96202 23.2
      vertex 9.6465 -9.6465 23.2
      vertex 2.70949 -2.70949 23.2
    endloop
  endfacet
  facet normal 0 0 0
    outer loop
      vertex 2.64225 -3.21959 15.6
      vertex 10.04844 -10.04844 15.6
      vertex 9.02508 -10.9971 15.6
    endloop
  endfacet
  facet normal 0 0 0
    outer loop
      vertex 2.64225 -3.21959 15.6
      vertex 2.9451 -2.9451 15.6
      vertex 10.04844 -10.04844 15.6
    endloop
  endfacet
  facet normal 0 0 0
    outer loop
      vertex 10.04844 -10.04844 15.6
      vertex 9.6465 -9.6465 23.2
      vertex 10.54977 -8.65797 23.2
    endloop
  endfacet
  facet normal 0 0 0
    outer loop
      vertex 10.04844 -10.04844 15.6
      vertex 10.54977 -8.65797 23.2
      vertex 10.98934 -9.01872 15.6
    endloop
  endfacet
  facet normal 0 0 0
    outer loop
      vertex 2.9451 -2.9451 15.6
      vertex 2.96202 -2.43087 23.2
      vertex 2.70949 -2.70949 23.2
    endloop
  endfacet
  facet normal 0 0 0
    outer loop
      vertex 2.9451 -2.9451 15.6
      vertex 3.21959 -2.64225 15.6
      vertex 2.96202 -2.43087 23.2
    endloop
  endfacet
  facet normal 0 0 0
    outer loop
      vertex 2.70949 -2.70949 23.2
      vertex 9.6465 -9.6465 23.2
      vertex 10.54977 -8.65797 23.2
    endloop
  endfacet
  facet normal 0 0 0
    outer loop
      vertex 2.70949 -2.70949 23.2
      vertex 10.54977 -8.65797 23.2
      vertex 2.96202 -2.43087 23.2
    endloop
  endfacet
  facet normal 0 0 0
    outer loop
      vertex 2.9451 -2.9451 15.6
      vertex 10.98934 -9.01872 15.6
      vertex 10.04844 -10.04844 15.6
    endloop
  endfacet
  facet normal 0 0 0
    outer loop
      vertex 2.9451 -2.9451 15.6
      vertex 3.21959 -2.64225 15.6
      vertex 10.98934 -9.01872 15.6
    endloop
  endfacet
  facet normal 0 0 0
    outer loop
      vertex 10.98934 -9.01872 15.6
      vertex 10.54977 -8.65797 23.2
      vertex 11.36763 -7.5956 23.2
    endloop
  endfacet
  facet normal 0 0 0
    outer loop
      vertex 10.98934 -9.01872 15.6
      vertex 11.36763 -7.5956 23.2
      vertex 11.84128 -7.91209 15.6
    endloop
  endfacet
  facet normal 0 0 0
    outer loop
      vertex 3.21959 -2.64225 15.6
      vertex 3.18603 -2.12883 23.2
      vertex 2.96202 -2.43087 23.2
    endloop
  endfacet
  facet normal 0 0 0
    outer loop
      vertex 3.21959 -2.64225 15.6
      vertex 3.46307 -2.31395 15.6
      vertex 3.18603 -2.12883 23.2
    endloop
  endfacet
  facet normal 0 0 0
    outer loop
      vertex 2.96202 -2.43087 23.2
      vertex 10.54977 -8.65797 23.2
      vertex 11.36763 -7.5956 23.2
    endloop
  endfacet
  facet normal 0 0 0
    outer loop
      vertex 2.96202 -2.43087 23.2
      vertex 11.36763 -7.5956 23.2
      vertex 3.18603 -2.12883 23.2
    endloop
  endfacet
  facet normal 0 0 0
    outer loop
      vertex 3.21959 -2.64225 15.6
      vertex 11.84128 -7.91209 15.6
      vertex 10.98934 -9.01872 15.6
    endloop
  endfacet
  facet normal 0 0 0
    outer loop
      vertex 3.21959 -2.64225 15.6
      vertex 3.46307 -2.31395 15.6
      vertex 11.84128 -7.91209 15.6
    endloop
  endfacet
  facet normal 0 0 0
    outer loop
      vertex 11.84128 -7.91209 15.6
      vertex 11.36763 -7.5956 23.2
      vertex 12.08792 -6.46113 23.2
    endloop
  endfacet
  facet normal 0 0 0
    outer loop
      vertex 11.84128 -7.91209 15.6
      vertex 12.08792 -6.46113 23.2
      vertex 12.59158 -6.73034 15.6
    endloop
  endfacet
  facet normal 0 0 0
    outer loop
      vertex 3.46307 -2.31395 15.6
      vertex 3.37935 -1.8063 23.2
      vertex 3.18603 -2.12883 23.2
    endloop
  endfacet
  facet normal 0 0 0
    outer loop
      vertex 3.46307 -2.31395 15.6
      vertex 3.6732 -1.96337 15.6
      vertex 3.37935 -1.8063 23.2
    endloop
  endfacet
  facet normal 0 0 0
    outer loop
      vertex 3.18603 -2.12883 23.2
      vertex 11.36763 -7.5956 23.2
      vertex 12.08792 -6.46113 23.2
    endloop
  endfacet
  facet normal 0 0 0
    outer loop
      vertex 3.18603 -2.12883 23.2
      vertex 12.08792 -6.46113 23.2
      vertex 3.37935 -1.8063 23.2
    endloop
  endfacet
  facet normal 0 0 0
    outer loop
      vertex 3.46307 -2.31395 15.6
      vertex 12.59158 -6.73034 15.6
      vertex 11.84128 -7.91209 15.6
    endloop
  endfacet
  facet normal 0 0 0
    outer loop
      vertex 3.46307 -2.31395 15.6
      vertex 3.6732 -1.96337 15.6
      vertex 12.59158 -6.73034 15.6
    endloop
  endfacet
  facet normal 0 0 0
    outer loop
      vertex 12.59158 -6.73034 15.6
      vertex 12.08792 -6.46113 23.2
      vertex 12.69395 -5.25801 23.2
    endloop
  endfacet
  facet normal 0 0 0
    outer loop
      vertex 12.59158 -6.73034 15.6
      vertex 12.69395 -5.25801 23.2
      vertex 13.22287 -5.47709 15.6
    endloop
  endfacet
  facet normal 0 0 0
    outer loop
      vertex 3.6732 -1.96337 15.6
      vertex 3.54012 -1.46637 23.2
      vertex 3.37935 -1.8063 23.2
    endloop
  endfacet
  facet normal 0 0 0
    outer loop
      vertex 3.6732 -1.96337 15.6
      vertex 3.84796 -1.59388 15.6
      vertex 3.54012 -1.46637 23.2
    endloop
  endfacet
  facet normal 0 0 0
    outer loop
      vertex 3.37935 -1.8063 23.2
      vertex 12.08792 -6.46113 23.2
      vertex 12.69395 -5.25801 23.2
    endloop
  endfacet
  facet normal 0 0 0
    outer loop
      vertex 3.37935 -1.8063 23.2
      vertex 12.69395 -5.25801 23.2
      vertex 3.54012 -1.46637 23.2
    endloop
  endfacet
  facet normal 0 0 0
    outer loop
      vertex 3.6732 -1.96337 15.6
      vertex 13.22287 -5.47709 15.6
      vertex 12.59158 -6.73034 15.6
    endloop
  endfacet
  facet normal 0 0 0
    outer loop
      vertex 3.6732 -1.96337 15.6
      vertex 3.84796 -1.59388 15.6
      vertex 13.22287 -5.47709 15.6
    endloop
  endfacet
  facet normal 0 0 0
    outer loop
      vertex 13.22287 -5.47709 15.6
      vertex 12.69395 -5.25801 23.2
      vertex 13.5453 -4.10892 23.2
    endloop
  endfacet
  facet normal 0 0 0
    outer loop
      vertex 13.22287 -5.47709 15.6
      vertex 13.5453 -4.10892 23.2
      vertex 14.10969 -4.28013 15.6
    endloop
  endfacet
  facet normal 0 0 0
    outer loop
      vertex 3.84796 -1.59388 15.6
      vertex 3.6668 -1.11231 23.2
      vertex 3.54012 -1.46637 23.2
    endloop
  endfacet
  facet normal 0 0 0
    outer loop
      vertex 3.84796 -1.59388 15.6
      vertex 3.98566 -1.20904 15.6
      vertex 3.6668 -1.11231 23.2
    endloop
  endfacet
  facet normal 0 0 0
    outer loop
      vertex 3.54012 -1.46637 23.2
      vertex 12.69395 -5.25801 23.2
      vertex 13.5453 -4.10892 23.2
    endloop
  endfacet
  facet normal 0 0 0
    outer loop
      vertex 3.54012 -1.46637 23.2
      vertex 13.5453 -4.10892 23.2
      vertex 3.6668 -1.11231 23.2
    endloop
  endfacet
  facet normal 0 0 0
    outer loop
      vertex 3.84796 -1.59388 15.6
      vertex 14.10969 -4.28013 15.6
      vertex 13.22287 -5.47709 15.6
    endloop
  endfacet
  facet normal 0 0 0
    outer loop
      vertex 3.84796 -1.59388 15.6
      vertex 3.98566 -1.20904 15.6
      vertex 14.10969 -4.28013 15.6
    endloop
  endfacet
  facet normal 0 0 0
    outer loop
      vertex 14.10969 -4.28013 15.6
      vertex 13.5453 -4.10892 23.2
      vertex 13.88434 -2.76177 23.2
    endloop
  endfacet
  facet normal 0 0 0
    outer loop
      vertex 14.10969 -4.28013 15.6
      vertex 13.88434 -2.76177 23.2
      vertex 14.46285 -2.87684 15.6
    endloop
  endfacet
  facet normal 0 0 0
    outer loop
      vertex 3.98566 -1.20904 15.6
      vertex 3.75817 -0.74755 23.2
      vertex 3.6668 -1.11231 23.2
    endloop
  endfacet
  facet normal 0 0 0
    outer loop
      vertex 3.98566 -1.20904 15.6
      vertex 4.08497 -0.81255 15.6
      vertex 3.75817 -0.74755 23.2
    endloop
  endfacet
  facet normal 0 0 0
    outer loop
      vertex 3.6668 -1.11231 23.2
      vertex 13.5453 -4.10892 23.2
      vertex 13.88434 -2.76177 23.2
    endloop
  endfacet
  facet normal 0 0 0
    outer loop
      vertex 3.6668 -1.11231 23.2
      vertex 13.88434 -2.76177 23.2
      vertex 3.75817 -0.74755 23.2
    endloop
  endfacet
  facet normal 0 0 0
    outer loop
      vertex 3.98566 -1.20904 15.6
      vertex 14.46285 -2.87684 15.6
      vertex 14.10969 -4.28013 15.6
    endloop
  endfacet
  facet normal 0 0 0
    outer loop
      vertex 3.98566 -1.20904 15.6
      vertex 4.08497 -0.81255 15.6
      vertex 14.46285 -2.87684 15.6
    endloop
  endfacet
  facet normal 0 0 0
    outer loop
      vertex 14.46285 -2.87684 15.6
      vertex 13.88434 -2.76177 23.2
      vertex 14.06978 -1.38575 23.2
    endloop
  endfacet
  facet normal 0 0 0
    outer loop
      vertex 14.46285 -2.87684 15.6
      vertex 14.06978 -1.38575 23.2
      vertex 14.65602 -1.44349 15.6
    endloop
  endfacet
  facet normal 0 0 0
    outer loop
      vertex 4.08497 -0.81255 15.6
      vertex 3.81335 -0.37558 23.2
      vertex 3.75817 -0.74755 23.2
    endloop
  endfacet
  facet normal 0 0 0
    outer loop
      vertex 4.08497 -0.81255 15.6
      vertex 4.14494 -0.40824 15.6
      vertex 3.81335 -0.37558 23.2
    endloop
  endfacet
  facet normal 0 0 0
    outer loop
      vertex 3.75817 -0.74755 23.2
      vertex 13.88434 -2.76177 23.2
      vertex 14.06978 -1.38575 23.2
    endloop
  endfacet
  facet normal 0 0 0
    outer loop
      vertex 3.75817 -0.74755 23.2
      vertex 14.06978 -1.38575 23.2
      vertex 3.81335 -0.37558 23.2
    endloop
  endfacet
  facet normal 0 0 0
    outer loop
      vertex 4.08497 -0.81255 15.6
      vertex 14.65602 -1.44349 15.6
      vertex 14.46285 -2.87684 15.6
    endloop
  endfacet
  facet normal 0 0 0
    outer loop
      vertex 4.08497 -0.81255 15.6
      vertex 4.14494 -0.40824 15.6
      vertex 14.65602 -1.44349 15.6
    endloop
  endfacet
  facet normal 0 0 0
    outer loop
      vertex 14.65602 -1.44349 15.6
      vertex 14.06978 -1.38575 23.2
      vertex 14.10555 0 23.2
    endloop
  endfacet
  facet normal 0 0 0
    outer loop
      vertex 14.65602 -1.44349 15.6
      vertex 14.10555 0 23.2
      vertex 14.69328 0 15.6
    endloop
  endfacet
  facet normal 0 0 0
    outer loop
      vertex 4.14494 -0.40824 15.6
      vertex 3.8318 0 23.2
      vertex 3.81335 -0.37558 23.2
    endloop
  endfacet
  facet normal 0 0 0
    outer loop
      vertex 4.14494 -0.40824 15.6
      vertex 4.165 0 15.6
      vertex 3.8318 0 23.2
    endloop
  endfacet
  facet normal 0 0 0
    outer loop
      vertex 3.81335 -0.37558 23.2
      vertex 14.06978 -1.38575 23.2
      vertex 14.10555 0 23.2
    endloop
  endfacet
  facet normal 0 0 0
    outer loop
      vertex 3.81335 -0.37558 23.2
      vertex 14.10555 0 23.2
      vertex 3.8318 0 23.2
    endloop
  endfacet
  facet normal 0 0 0
    outer loop
      vertex 4.14494 -0.40824 15.6
      vertex 14.69328 0 15.6
      vertex 14.65602 -1.44349 15.6
    endloop
  endfacet
  facet normal 0 0 0
    outer loop
      vertex 4.14494 -0.40824 15.6
      vertex 4.165 0 15.6
      vertex 14.69328 0 15.6
    endloop
  endfacet
  facet normal 0 0 0
    outer loop
      vertex 26.25072 0 21.6
      vertex 25.20069 0 33.2
      vertex 24.88134 2.4506 33.2
    endloop
  endfacet
  facet normal 0 0 0
    outer loop
      vertex 26.25072 0 21.6
      vertex 24.88134 2.4506 33.2
      vertex 25.91807 2.55271 21.6
    endloop
  endfacet
  facet normal 0 0 0
    outer loop
      vertex 8.33 0 21.6
      vertex 7.6267 0.75116 33.2
      vertex 7.6636 0 33.2
    endloop
  endfacet
  facet normal 0 0 0
    outer loop
      vertex 8.33 0 21.6
      vertex 8.28989 0.81648 21.6
      vertex 7.6267 0.75116 33.2
    endloop
  endfacet
  facet normal 0 0 0
    outer loop
      vertex 7.6636 0 33.2
      vertex 25.20069 0 33.2
      vertex 24.88134 2.4506 33.2
    endloop
  endfacet
  facet normal 0 0 0
    outer loop
      vertex 7.6636 0 33.2
      vertex 24.88134 2.4506 33.2
      vertex 7.6267 0.75116 33.2
    endloop
  endfacet
  facet normal 0 0 0
    outer loop
      vertex 8.33 0 21.6
      vertex 25.91807 2.55271 21.6
      vertex 26.25072 0 21.6
    endloop
  endfacet
  facet normal 0 0 0
    outer loop
      vertex 8.33 0 21.6
      vertex 8.28989 0.81648 21.6
      vertex 25.91807 2.55271 21.6
    endloop
  endfacet
  facet normal 0 0 0
    outer loop
      vertex 25.91807 2.55271 21.6
      vertex 24.88134 2.4506 33.2
      vertex 24.3758 4.84865 33.2
    endloop
  endfacet
  facet normal 0 0 0
    outer loop
      vertex 25.91807 2.55271 21.6
      vertex 24.3758 4.84865 33.2
      vertex 25.39146 5.05067 21.6
    endloop
  endfacet
  facet normal 0 0 0
    outer loop
      vertex 8.28989 0.81648 21.6
      vertex 7.51635 1.49509 33.2
      vertex 7.6267 0.75116 33.2
    endloop
  endfacet
  facet normal 0 0 0
    outer loop
      vertex 8.28989 0.81648 21.6
      vertex 8.16994 1.6251 21.6
      vertex 7.51635 1.49509 33.2
    endloop
  endfacet
  facet normal 0 0 0
    outer loop
      vertex 7.6267 0.75116 33.2
      vertex 24.88134 2.4506 33.2
      vertex 24.3758 4.84865 33.2
    endloop
  endfacet
  facet normal 0 0 0
    outer loop
      vertex 7.6267 0.75116 33.2
      vertex 24.3758 4.84865 33.2
      vertex 7.51635 1.49509 33.2
    endloop
  endfacet
  facet normal 0 0 0
    outer loop
      vertex 8.28989 0.81648 21.6
      vertex 25.39146 5.05067 21.6
      vertex 25.91807 2.55271 21.6
    endloop
  endfacet
  facet normal 0 0 0
    outer loop
      vertex 8.28989 0.81648 21.6
      vertex 8.16994 1.6251 21.6
      vertex 25.39146 5.05067 21.6
    endloop
  endfacet
  facet normal 0 0 0
    outer loop
      vertex 25.39146 5.05067 21.6
      vertex 24.3758 4.84865 33.2
      vertex 23.73743 7.20067 33.2
    endloop
  endfacet
  facet normal 0 0 0
    outer loop
      vertex 25.39146 5.05067 21.6
      vertex 23.73743 7.20067 33.2
      vertex 24.72649 7.5007 21.6
    endloop
  endfacet
  facet normal 0 0 0
    outer loop
      vertex 8.16994 1.6251 21.6
      vertex 7.33361 2.22463 33.2
      vertex 7.51635 1.49509 33.2
    endloop
  endfacet
  facet normal 0 0 0
    outer loop
      vertex 8.16994 1.6251 21.6
      vertex 7.97131 2.41807 21.6
      vertex 7.33361 2.22463 33.2
    endloop
  endfacet
  facet normal 0 0 0
    outer loop
      vertex 7.51635 1.49509 33.2
      vertex 24.3758 4.84865 33.2
      vertex 23.73743 7.20067 33.2
    endloop
  endfacet
  facet normal 0 0 0
    outer loop
      vertex 7.51635 1.49509 33.2
      vertex 23.73743 7.20067 33.2
      vertex 7.33361 2.22463 33.2
    endloop
  endfacet
  facet normal 0 0 0
    outer loop
      vertex 8.16994 1.6251 21.6
      vertex 24.72649 7.5007 21.6
      vertex 25.39146 5.05067 21.6
    endloop
  endfacet
  facet normal 0 0 0
    outer loop
      vertex 8.16994 1.6251 21.6
      vertex 7.97131 2.41807 21.6
      vertex 24.72649 7.5007 21.6
    endloop
  endfacet
  facet normal 0 0 0
    outer loop
      vertex 24.72649 7.5007 21.6
      vertex 23.73743 7.20067 33.2
      vertex 19.8381 8.21721 33.2
    endloop
  endfacet
  facet normal 0 0 0
    outer loop
      vertex 24.72649 7.5007 21.6
      vertex 19.8381 8.21721 33.2
      vertex 20.66469 8.5596 21.6
    endloop
  endfacet
  facet normal 0 0 0
    outer loop
      vertex 7.97131 2.41807 21.6
      vertex 7.08024 2.93273 33.2
      vertex 7.33361 2.22463 33.2
    endloop
  endfacet
  facet normal 0 0 0
    outer loop
      vertex 7.97131 2.41807 21.6
      vertex 7.69592 3.18775 21.6
      vertex 7.08024 2.93273 33.2
    endloop
  endfacet
  facet normal 0 0 0
    outer loop
      vertex 7.33361 2.22463 33.2
      vertex 23.73743 7.20067 33.2
      vertex 19.8381 8.21721 33.2
    endloop
  endfacet
  facet normal 0 0 0
    outer loop
      vertex 7.33361 2.22463 33.2
      vertex 19.8381 8.21721 33.2
      vertex 7.08024 2.93273 33.2
    endloop
  endfacet
  facet normal 0 0 0
    outer loop
      vertex 7.97131 2.41807 21.6
      vertex 20.66469 8.5596 21.6
      vertex 24.72649 7.5007 21.6
    endloop
  endfacet
  facet normal 0 0 0
    outer loop
      vertex 7.97131 2.41807 21.6
      vertex 7.69592 3.18775 21.6
      vertex 20.66469 8.5596 21.6
    endloop
  endfacet
  facet normal 0 0 0
    outer loop
      vertex 20.66469 8.5596 21.6
      vertex 19.8381 8.21721 33.2
      vertex 19.08034 10.19866 33.2
    endloop
  endfacet
  facet normal 0 0 0
    outer loop
      vertex 20.66469 8.5596 21.6
      vertex 19.08034 10.19866 33.2
      vertex 19.87536 10.6236 21.6
    endloop
  endfacet
  facet normal 0 0 0
    outer loop
      vertex 7.69592 3.18775 21.6
      vertex 6.75869 3.6126 33.2
      vertex 7.08024 2.93273 33.2
    endloop
  endfacet
  facet normal 0 0 0
    outer loop
      vertex 7.69592 3.18775 21.6
      vertex 7.3464 3.92673 21.6
      vertex 6.75869 3.6126 33.2
    endloop
  endfacet
  facet normal 0 0 0
    outer loop
      vertex 7.08024 2.93273 33.2
      vertex 19.8381 8.21721 33.2
      vertex 19.08034 10.19866 33.2
    endloop
  endfacet
  facet normal 0 0 0
    outer loop
      vertex 7.08024 2.93273 33.2
      vertex 19.08034 10.19866 33.2
      vertex 6.75869 3.6126 33.2
    endloop
  endfacet
  facet normal 0 0 0
    outer loop
      vertex 7.69592 3.18775 21.6
      vertex 19.87536 10.6236 21.6
      vertex 20.66469 8.5596 21.6
    endloop
  endfacet
  facet normal 0 0 0
    outer loop
      vertex 7.69592 3.18775 21.6
      vertex 7.3464 3.92673 21.6
      vertex 19.87536 10.6236 21.6
    endloop
  endfacet
  facet normal 0 0 0
    outer loop
      vertex 19.87536 10.6236 21.6
      vertex 19.08034 10.19866 33.2
      vertex 18.15604 12.13148 33.2
    endloop
  endfacet
  facet normal 0 0 0
    outer loop
      vertex 19.87536 10.6236 21.6
      vertex 18.15604 12.13148 33.2
      vertex 18.91254 12.63696 21.6
    endloop
  endfacet
  facet normal 0 0 0
    outer loop
      vertex 7.3464 3.92673 21.6
      vertex 6.37205 4.25767 33.2
      vertex 6.75869 3.6126 33.2
    endloop
  endfacet
  facet normal 0 0 0
    outer loop
      vertex 7.3464 3.92673 21.6
      vertex 6.92614 4.6279 21.6
      vertex 6.37205 4.25767 33.2
    endloop
  endfacet
  facet normal 0 0 0
    outer loop
      vertex 6.75869 3.6126 33.2
      vertex 19.08034 10.19866 33.2
      vertex 18.15604 12.13148 33.2
    endloop
  endfacet
  facet normal 0 0 0
    outer loop
      vertex 6.75869 3.6126 33.2
      vertex 18.15604 12.13148 33.2
      vertex 6.37205 4.25767 33.2
    endloop
  endfacet
  facet normal 0 0 0
    outer loop
      vertex 7.3464 3.92673 21.6
      vertex 18.91254 12.63696 21.6
      vertex 19.87536 10.6236 21.6
    endloop
  endfacet
  facet normal 0 0 0
    outer loop
      vertex 7.3464 3.92673 21.6
      vertex 6.92614 4.6279 21.6
      vertex 18.91254 12.63696 21.6
    endloop
  endfacet
  facet normal 0 0 0
    outer loop
      vertex 18.91254 12.63696 21.6
      vertex 18.15604 12.13148 33.2
      vertex 17.01254 13.96183 33.2
    endloop
  endfacet
  facet normal 0 0 0
    outer loop
      vertex 18.91254 12.63696 21.6
      vertex 17.01254 13.96183 33.2
      vertex 17.72139 14.54357 21.6
    endloop
  endfacet
  facet normal 0 0 0
    outer loop
      vertex 6.92614 4.6279 21.6
      vertex 5.92404 4.86174 33.2
      vertex 6.37205 4.25767 33.2
    endloop
  endfacet
  facet normal 0 0 0
    outer loop
      vertex 6.92614 4.6279 21.6
      vertex 6.43918 5.2845 21.6
      vertex 5.92404 4.86174 33.2
    endloop
  endfacet
  facet normal 0 0 0
    outer loop
      vertex 6.37205 4.25767 33.2
      vertex 18.15604 12.13148 33.2
      vertex 17.01254 13.96183 33.2
    endloop
  endfacet
  facet normal 0 0 0
    outer loop
      vertex 6.37205 4.25767 33.2
      vertex 17.01254 13.96183 33.2
      vertex 5.92404 4.86174 33.2
    endloop
  endfacet
  facet normal 0 0 0
    outer loop
      vertex 6.92614 4.6279 21.6
      vertex 17.72139 14.54357 21.6
      vertex 18.91254 12.63696 21.6
    endloop
  endfacet
  facet normal 0 0 0
    outer loop
      vertex 6.92614 4.6279 21.6
      vertex 6.43918 5.2845 21.6
      vertex 17.72139 14.54357 21.6
    endloop
  endfacet
  facet normal 0 0 0
    outer loop
      vertex 17.72139 14.54357 21.6
      vertex 17.01254 13.96183 33.2
      vertex 15.62225 15.62225 33.2
    endloop
  endfacet
  facet normal 0 0 0
    outer loop
      vertex 17.72139 14.54357 21.6
      vertex 15.62225 15.62225 33.2
      vertex 16.27317 16.27317 21.6
    endloop
  endfacet
  facet normal 0 0 0
    outer loop
      vertex 6.43918 5.2845 21.6
      vertex 5.41898 5.41898 33.2
      vertex 5.92404 4.86174 33.2
    endloop
  endfacet
  facet normal 0 0 0
    outer loop
      vertex 6.43918 5.2845 21.6
      vertex 5.8902 5.8902 21.6
      vertex 5.41898 5.41898 33.2
    endloop
  endfacet
  facet normal 0 0 0
    outer loop
      vertex 5.92404 4.86174 33.2
      vertex 17.01254 13.96183 33.2
      vertex 15.62225 15.62225 33.2
    endloop
  endfacet
  facet normal 0 0 0
    outer loop
      vertex 5.92404 4.86174 33.2
      vertex 15.62225 15.62225 33.2
      vertex 5.41898 5.41898 33.2
    endloop
  endfacet
  facet normal 0 0 0
    outer loop
      vertex 6.43918 5.2845 21.6
      vertex 16.27317 16.27317 21.6
      vertex 17.72139 14.54357 21.6
    endloop
  endfacet
  facet normal 0 0 0
    outer loop
      vertex 6.43918 5.2845 21.6
      vertex 5.8902 5.8902 21.6
      vertex 16.27317 16.27317 21.6
    endloop
  endfacet
  facet normal 0 0 0
    outer loop
      vertex 16.27317 16.27317 21.6
      vertex 15.62225 15.62225 33.2
      vertex 13.99632 17.05456 33.2
    endloop
  endfacet
  facet normal 0 0 0
    outer loop
      vertex 16.27317 16.27317 21.6
      vertex 13.99632 17.05456 33.2
      vertex 14.5795 17.76517 21.6
    endloop
  endfacet
  facet normal 0 0 0
    outer loop
      vertex 5.8902 5.8902 21.6
      vertex 4.86174 5.92404 33.2
      vertex 5.41898 5.41898 33.2
    endloop
  endfacet
  facet normal 0 0 0
    outer loop
      vertex 5.8902 5.8902 21.6
      vertex 5.2845 6.43918 21.6
      vertex 4.86174 5.92404 33.2
    endloop
  endfacet
  facet normal 0 0 0
    outer loop
      vertex 5.41898 5.41898 33.2
      vertex 15.62225 15.62225 33.2
      vertex 13.99632 17.05456 33.2
    endloop
  endfacet
  facet normal 0 0 0
    outer loop
      vertex 5.41898 5.41898 33.2
      vertex 13.99632 17.05456 33.2
      vertex 4.86174 5.92404 33.2
    endloop
  endfacet
  facet normal 0 0 0
    outer loop
      vertex 5.8902 5.8902 21.6
      vertex 14.5795 17.76517 21.6
      vertex 16.27317 16.27317 21.6
    endloop
  endfacet
  facet normal 0 0 0
    outer loop
      vertex 5.8902 5.8902 21.6
      vertex 5.2845 6.43918 21.6
      vertex 14.5795 17.76517 21.6
    endloop
  endfacet
  facet normal 0 0 0
    outer loop
      vertex 14.5795 17.76517 21.6
      vertex 13.99632 17.05456 33.2
      vertex 12.18171 18.23122 33.2
    endloop
  endfacet
  facet normal 0 0 0
    outer loop
      vertex 14.5795 17.76517 21.6
      vertex 12.18171 18.23122 33.2
      vertex 12.68928 18.99085 21.6
    endloop
  endfacet
  facet normal 0 0 0
    outer loop
      vertex 5.2845 6.43918 21.6
      vertex 4.25767 6.37205 33.2
      vertex 4.86174 5.92404 33.2
    endloop
  endfacet
  facet normal 0 0 0
    outer loop
      vertex 5.2845 6.43918 21.6
      vertex 4.6279 6.92614 21.6
      vertex 4.25767 6.37205 33.2
    endloop
  endfacet
  facet normal 0 0 0
    outer loop
      vertex 4.86174 5.92404 33.2
      vertex 13.99632 17.05456 33.2
      vertex 12.18171 18.23122 33.2
    endloop
  endfacet
  facet normal 0 0 0
    outer loop
      vertex 4.86174 5.92404 33.2
      vertex 12.18171 18.23122 33.2
      vertex 4.25767 6.37205 33.2
    endloop
  endfacet
  facet normal 0 0 0
    outer loop
      vertex 5.2845 6.43918 21.6
      vertex 12.68928 18.99085 21.6
      vertex 14.5795 17.76517 21.6
    endloop
  endfacet
  facet normal 0 0 0
    outer loop
      vertex 5.2845 6.43918 21.6
      vertex 4.6279 6.92614 21.6
      vertex 12.68928 18.99085 21.6
    endloop
  endfacet
  facet normal 0 0 0
    outer loop
      vertex 12.68928 18.99085 21.6
      vertex 12.18171 18.23122 33.2
      vertex 10.2439 19.16499 33.2
    endloop
  endfacet
  facet normal 0 0 0
    outer loop
      vertex 12.68928 18.99085 21.6
      vertex 10.2439 19.16499 33.2
      vertex 10.67073 19.96353 21.6
    endloop
  endfacet
  facet normal 0 0 0
    outer loop
      vertex 4.6279 6.92614 21.6
      vertex 3.6126 6.75869 33.2
      vertex 4.25767 6.37205 33.2
    endloop
  endfacet
  facet normal 0 0 0
    outer loop
      vertex 4.6279 6.92614 21.6
      vertex 3.92673 7.3464 21.6
      vertex 3.6126 6.75869 33.2
    endloop
  endfacet
  facet normal 0 0 0
    outer loop
      vertex 4.25767 6.37205 33.2
      vertex 12.18171 18.23122 33.2
      vertex 10.2439 19.16499 33.2
    endloop
  endfacet
  facet normal 0 0 0
    outer loop
      vertex 4.25767 6.37205 33.2
      vertex 10.2439 19.16499 33.2
      vertex 3.6126 6.75869 33.2
    endloop
  endfacet
  facet normal 0 0 0
    outer loop
      vertex 4.6279 6.92614 21.6
      vertex 10.67073 19.96353 21.6
      vertex 12.68928 18.99085 21.6
    endloop
  endfacet
  facet normal 0 0 0
    outer loop
      vertex 4.6279 6.92614 21.6
      vertex 3.92673 7.3464 21.6
      vertex 10.67073 19.96353 21.6
    endloop
  endfacet
  facet normal 0 0 0
    outer loop
      vertex 10.67073 19.96353 21.6
      vertex 10.2439 19.16499 33.2
      vertex 8.24369 19.90204 33.2
    endloop
  endfacet
  facet normal 0 0 0
    outer loop
      vertex 10.67073 19.96353 21.6
      vertex 8.24369 19.90204 33.2
      vertex 8.58718 20.73129 21.6
    endloop
  endfacet
  facet normal 0 0 0
    outer loop
      vertex 3.92673 7.3464 21.6
      vertex 2.93273 7.08024 33.2
      vertex 3.6126 6.75869 33.2
    endloop
  endfacet
  facet normal 0 0 0
    outer loop
      vertex 3.92673 7.3464 21.6
      vertex 3.18775 7.69592 21.6
      vertex 2.93273 7.08024 33.2
    endloop
  endfacet
  facet normal 0 0 0
    outer loop
      vertex 3.6126 6.75869 33.2
      vertex 10.2439 19.16499 33.2
      vertex 8.24369 19.90204 33.2
    endloop
  endfacet
  facet normal 0 0 0
    outer loop
      vertex 3.6126 6.75869 33.2
      vertex 8.24369 19.90204 33.2
      vertex 2.93273 7.08024 33.2
    endloop
  endfacet
  facet normal 0 0 0
    outer loop
      vertex 3.92673 7.3464 21.6
      vertex 8.58718 20.73129 21.6
      vertex 10.67073 19.96353 21.6
    endloop
  endfacet
  facet normal 0 0 0
    outer loop
      vertex 3.92673 7.3464 21.6
      vertex 3.18775 7.69592 21.6
      vertex 8.58718 20.73129 21.6
    endloop
  endfacet
  facet normal 0 0 0
    outer loop
      vertex 8.58718 20.73129 21.6
      vertex 8.24369 19.90204 33.2
      vertex 6.21871 20.50035 33.2
    endloop
  endfacet
  facet normal 0 0 0
    outer loop
      vertex 8.58718 20.73129 21.6
      vertex 6.21871 20.50035 33.2
      vertex 6.47783 21.35453 21.6
    endloop
  endfacet
  facet normal 0 0 0
    outer loop
      vertex 3.18775 7.69592 21.6
      vertex 2.22463 7.33361 33.2
      vertex 2.93273 7.08024 33.2
    endloop
  endfacet
  facet normal 0 0 0
    outer loop
      vertex 3.18775 7.69592 21.6
      vertex 2.41807 7.97131 21.6
      vertex 2.22463 7.33361 33.2
    endloop
  endfacet
  facet normal 0 0 0
    outer loop
      vertex 2.93273 7.08024 33.2
      vertex 8.24369 19.90204 33.2
      vertex 6.21871 20.50035 33.2
    endloop
  endfacet
  facet normal 0 0 0
    outer loop
      vertex 2.93273 7.08024 33.2
      vertex 6.21871 20.50035 33.2
      vertex 2.22463 7.33361 33.2
    endloop
  endfacet
  facet normal 0 0 0
    outer loop
      vertex 3.18775 7.69592 21.6
      vertex 6.47783 21.35453 21.6
      vertex 8.58718 20.73129 21.6
    endloop
  endfacet
  facet normal 0 0 0
    outer loop
      vertex 3.18775 7.69592 21.6
      vertex 2.41807 7.97131 21.6
      vertex 6.47783 21.35453 21.6
    endloop
  endfacet
  facet normal 0 0 0
    outer loop
      vertex 6.47783 21.35453 21.6
      vertex 6.21871 20.50035 33.2
      vertex 4.17768 21.00261 33.2
    endloop
  endfacet
  facet normal 0 0 0
    outer loop
      vertex 6.47783 21.35453 21.6
      vertex 4.17768 21.00261 33.2
      vertex 4.35175 21.87772 21.6
    endloop
  endfacet
  facet normal 0 0 0
    outer loop
      vertex 2.41807 7.97131 21.6
      vertex 1.49509 7.51635 33.2
      vertex 2.22463 7.33361 33.2
    endloop
  endfacet
  facet normal 0 0 0
    outer loop
      vertex 2.41807 7.97131 21.6
      vertex 1.6251 8.16994 21.6
      vertex 1.49509 7.51635 33.2
    endloop
  endfacet
  facet normal 0 0 0
    outer loop
      vertex 2.22463 7.33361 33.2
      vertex 6.21871 20.50035 33.2
      vertex 4.17768 21.00261 33.2
    endloop
  endfacet
  facet normal 0 0 0
    outer loop
      vertex 2.22463 7.33361 33.2
      vertex 4.17768 21.00261 33.2
      vertex 1.49509 7.51635 33.2
    endloop
  endfacet
  facet normal 0 0 0
    outer loop
      vertex 2.41807 7.97131 21.6
      vertex 4.35175 21.87772 21.6
      vertex 6.47783 21.35453 21.6
    endloop
  endfacet
  facet normal 0 0 0
    outer loop
      vertex 2.41807 7.97131 21.6
      vertex 1.6251 8.16994 21.6
      vertex 4.35175 21.87772 21.6
    endloop
  endfacet
  facet normal 0 0 0
    outer loop
      vertex 4.35175 21.87772 21.6
      vertex 4.17768 21.00261 33.2
      vertex 2.10919 21.41492 33.2
    endloop
  endfacet
  facet normal 0 0 0
    outer loop
      vertex 4.35175 21.87772 21.6
      vertex 2.10919 21.41492 33.2
      vertex 2.19707 22.30721 21.6
    endloop
  endfacet
  facet normal 0 0 0
    outer loop
      vertex 1.6251 8.16994 21.6
      vertex 0.75116 7.6267 33.2
      vertex 1.49509 7.51635 33.2
    endloop
  endfacet
  facet normal 0 0 0
    outer loop
      vertex 1.6251 8.16994 21.6
      vertex 0.81648 8.28989 21.6
      vertex 0.75116 7.6267 33.2
    endloop
  endfacet
  facet normal 0 0 0
    outer loop
      vertex 1.49509 7.51635 33.2
      vertex 4.17768 21.00261 33.2
      vertex 2.10919 21.41492 33.2
    endloop
  endfacet
  facet normal 0 0 0
    outer loop
      vertex 1.49509 7.51635 33.2
      vertex 2.10919 21.41492 33.2
      vertex 0.75116 7.6267 33.2
    endloop
  endfacet
  facet normal 0 0 0
    outer loop
      vertex 1.6251 8.16994 21.6
      vertex 2.19707 22.30721 21.6
      vertex 4.35175 21.87772 21.6
    endloop
  endfacet
  facet normal 0 0 0
    outer loop
      vertex 1.6251 8.16994 21.6
      vertex 0.81648 8.28989 21.6
      vertex 2.19707 22.30721 21.6
    endloop
  endfacet
  facet normal 0 0 0
    outer loop
      vertex 2.19707 22.30721 21.6
      vertex 2.10919 21.41492 33.2
      vertex 0 21.701 33.2
    endloop
  endfacet
  facet normal 0 0 0
    outer loop
      vertex 2.19707 22.30721 21.6
      vertex 0 21.701 33.2
      vertex 0 22.60521 21.6
    endloop
  endfacet
  facet normal 0 0 0
    outer loop
      vertex 0.81648 8.28989 21.6
      vertex 0 7.6636 33.2
      vertex 0.75116 7.6267 33.2
    endloop
  endfacet
  facet normal 0 0 0
    outer loop
      vertex 0.81648 8.28989 21.6
      vertex 0 8.33 21.6
      vertex 0 7.6636 33.2
    endloop
  endfacet
  facet normal 0 0 0
    outer loop
      vertex 0.75116 7.6267 33.2
      vertex 2.10919 21.41492 33.2
      vertex 0 21.701 33.2
    endloop
  endfacet
  facet normal 0 0 0
    outer loop
      vertex 0.75116 7.6267 33.2
      vertex 0 21.701 33.2
      vertex 0 7.6636 33.2
    endloop
  endfacet
  facet normal 0 0 0
    outer loop
      vertex 0.81648 8.28989 21.6
      vertex 0 22.60521 21.6
      vertex 2.19707 22.30721 21.6
    endloop
  endfacet
  facet normal 0 0 0
    outer loop
      vertex 0.81648 8.28989 21.6
      vertex 0 8.33 21.6
      vertex 0 22.60521 21.6
    endloop
  endfacet
  facet normal 0 0 0
    outer loop
      vertex 0 22.60521 21.6
      vertex 0 21.701 33.2
      vertex -2.14657 21.7945 33.2
    endloop
  endfacet
  facet normal 0 0 0
    outer loop
      vertex 0 22.60521 21.6
      vertex -2.14657 21.7945 33.2
      vertex -2.23601 22.7026 21.6
    endloop
  endfacet
  facet normal 0 0 0
    outer loop
      vertex 0 8.33 21.6
      vertex -0.75116 7.6267 33.2
      vertex 0 7.6636 33.2
    endloop
  endfacet
  facet normal 0 0 0
    outer loop
      vertex 0 8.33 21.6
      vertex -0.81648 8.28989 21.6
      vertex -0.75116 7.6267 33.2
    endloop
  endfacet
  facet normal 0 0 0
    outer loop
      vertex 0 7.6636 33.2
      vertex 0 21.701 33.2
      vertex -2.14657 21.7945 33.2
    endloop
  endfacet
  facet normal 0 0 0
    outer loop
      vertex 0 7.6636 33.2
      vertex -2.14657 21.7945 33.2
      vertex -0.75116 7.6267 33.2
    endloop
  endfacet
  facet normal 0 0 0
    outer loop
      vertex 0 8.33 21.6
      vertex -2.23601 22.7026 21.6
      vertex 0 22.60521 21.6
    endloop
  endfacet
  facet normal 0 0 0
    outer loop
      vertex 0 8.33 21.6
      vertex -0.81648 8.28989 21.6
      vertex -2.23601 22.7026 21.6
    endloop
  endfacet
  facet normal 0 0 0
    outer loop
      vertex -2.23601 22.7026 21.6
      vertex -2.14657 21.7945 33.2
      vertex -4.96508 24.96115 33.2
    endloop
  endfacet
  facet normal 0 0 0
    outer loop
      vertex -2.23601 22.7026 21.6
      vertex -4.96508 24.96115 33.2
      vertex -5.17196 26.00119 21.6
    endloop
  endfacet
  facet normal 0 0 0
    outer loop
      vertex -0.81648 8.28989 21.6
      vertex -1.49509 7.51635 33.2
      vertex -0.75116 7.6267 33.2
    endloop
  endfacet
  facet normal 0 0 0
    outer loop
      vertex -0.81648 8.28989 21.6
      vertex -1.6251 8.16994 21.6
      vertex -1.49509 7.51635 33.2
    endloop
  endfacet
  facet normal 0 0 0
    outer loop
      vertex -0.75116 7.6267 33.2
      vertex -2.14657 21.7945 33.2
      vertex -4.96508 24.96115 33.2
    endloop
  endfacet
  facet normal 0 0 0
    outer loop
      vertex -0.75116 7.6267 33.2
      vertex -4.96508 24.96115 33.2
      vertex -1.49509 7.51635 33.2
    endloop
  endfacet
  facet normal 0 0 0
    outer loop
      vertex -0.81648 8.28989 21.6
      vertex -5.17196 26.00119 21.6
      vertex -2.23601 22.7026 21.6
    endloop
  endfacet
  facet normal 0 0 0
    outer loop
      vertex -0.81648 8.28989 21.6
      vertex -1.6251 8.16994 21.6
      vertex -5.17196 26.00119 21.6
    endloop
  endfacet
  facet normal 0 0 0
    outer loop
      vertex -5.17196 26.00119 21.6
      vertex -4.96508 24.96115 33.2
      vertex -7.40167 24.40003 33.2
    endloop
  endfacet
  facet normal 0 0 0
    outer loop
      vertex -5.17196 26.00119 21.6
      vertex -7.40167 24.40003 33.2
      vertex -7.71007 25.4167 21.6
    endloop
  endfacet
  facet normal 0 0 0
    outer loop
      vertex -1.6251 8.16994 21.6
      vertex -2.22463 7.33361 33.2
      vertex -1.49509 7.51635 33.2
    endloop
  endfacet
  facet normal 0 0 0
    outer loop
      vertex -1.6251 8.16994 21.6
      vertex -2.41807 7.97131 21.6
      vertex -2.22463 7.33361 33.2
    endloop
  endfacet
  facet normal 0 0 0
    outer loop
      vertex -1.49509 7.51635 33.2
      vertex -4.96508 24.96115 33.2
      vertex -7.40167 24.40003 33.2
    endloop
  endfacet
  facet normal 0 0 0
    outer loop
      vertex -1.49509 7.51635 33.2
      vertex -7.40167 24.40003 33.2
      vertex -2.22463 7.33361 33.2
    endloop
  endfacet
  facet normal 0 0 0
    outer loop
      vertex -1.6251 8.16994 21.6
      vertex -7.71007 25.4167 21.6
      vertex -5.17196 26.00119 21.6
    endloop
  endfacet
  facet normal 0 0 0
    outer loop
      vertex -1.6251 8.16994 21.6
      vertex -2.41807 7.97131 21.6
      vertex -7.71007 25.4167 21.6
    endloop
  endfacet
  facet normal 0 0 0
    outer loop
      vertex -7.71007 25.4167 21.6
      vertex -7.40167 24.40003 33.2
      vertex -9.73129 23.49341 33.2
    endloop
  endfacet
  facet normal 0 0 0
    outer loop
      vertex -7.71007 25.4167 21.6
      vertex -9.73129 23.49341 33.2
      vertex -10.13676 24.4723 21.6
    endloop
  endfacet
  facet normal 0 0 0
    outer loop
      vertex -2.41807 7.97131 21.6
      vertex -2.93273 7.08024 33.2
      vertex -2.22463 7.33361 33.2
    endloop
  endfacet
  facet normal 0 0 0
    outer loop
      vertex -2.41807 7.97131 21.6
      vertex -3.18775 7.69592 21.6
      vertex -2.93273 7.08024 33.2
    endloop
  endfacet
  facet normal 0 0 0
    outer loop
      vertex -2.22463 7.33361 33.2
      vertex -7.40167 24.40003 33.2
      vertex -9.73129 23.49341 33.2
    endloop
  endfacet
  facet normal 0 0 0
    outer loop
      vertex -2.22463 7.33361 33.2
      vertex -9.73129 23.49341 33.2
      vertex -2.93273 7.08024 33.2
    endloop
  endfacet
  facet normal 0 0 0
    outer loop
      vertex -2.41807 7.97131 21.6
      vertex -10.13676 24.4723 21.6
      vertex -7.71007 25.4167 21.6
    endloop
  endfacet
  facet normal 0 0 0
    outer loop
      vertex -2.41807 7.97131 21.6
      vertex -3.18775 7.69592 21.6
      vertex -10.13676 24.4723 21.6
    endloop
  endfacet
  facet normal 0 0 0
    outer loop
      vertex -10.13676 24.4723 21.6
      vertex -9.73129 23.49341 33.2
      vertex -11.91065 22.28325 33.2
    endloop
  endfacet
  facet normal 0 0 0
    outer loop
      vertex -10.13676 24.4723 21.6
      vertex -11.91065 22.28325 33.2
      vertex -12.40692 23.21172 21.6
    endloop
  endfacet
  facet normal 0 0 0
    outer loop
      vertex -3.18775 7.69592 21.6
      vertex -3.6126 6.75869 33.2
      vertex -2.93273 7.08024 33.2
    endloop
  endfacet
  facet normal 0 0 0
    outer loop
      vertex -3.18775 7.69592 21.6
      vertex -3.92673 7.3464 21.6
      vertex -3.6126 6.75869 33.2
    endloop
  endfacet
  facet normal 0 0 0
    outer loop
      vertex -2.93273 7.08024 33.2
      vertex -9.73129 23.49341 33.2
      vertex -11.91065 22.28325 33.2
    endloop
  endfacet
  facet normal 0 0 0
    outer loop
      vertex -2.93273 7.08024 33.2
      vertex -11.91065 22.28325 33.2
      vertex -3.6126 6.75869 33.2
    endloop
  endfacet
  facet normal 0 0 0
    outer loop
      vertex -3.18775 7.69592 21.6
      vertex -12.40692 23.21172 21.6
      vertex -10.13676 24.4723 21.6
    endloop
  endfacet
  facet normal 0 0 0
    outer loop
      vertex -3.18775 7.69592 21.6
      vertex -3.92673 7.3464 21.6
      vertex -12.40692 23.21172 21.6
    endloop
  endfacet
  facet normal 0 0 0
    outer loop
      vertex -12.40692 23.21172 21.6
      vertex -11.91065 22.28325 33.2
      vertex -13.9257 20.84129 33.2
    endloop
  endfacet
  facet normal 0 0 0
    outer loop
      vertex -12.40692 23.21172 21.6
      vertex -13.9257 20.84129 33.2
      vertex -14.50594 21.70967 21.6
    endloop
  endfacet
  facet normal 0 0 0
    outer loop
      vertex -3.92673 7.3464 21.6
      vertex -4.25767 6.37205 33.2
      vertex -3.6126 6.75869 33.2
    endloop
  endfacet
  facet normal 0 0 0
    outer loop
      vertex -3.92673 7.3464 21.6
      vertex -4.6279 6.92614 21.6
      vertex -4.25767 6.37205 33.2
    endloop
  endfacet
  facet normal 0 0 0
    outer loop
      vertex -3.6126 6.75869 33.2
      vertex -11.91065 22.28325 33.2
      vertex -13.9257 20.84129 33.2
    endloop
  endfacet
  facet normal 0 0 0
    outer loop
      vertex -3.6126 6.75869 33.2
      vertex -13.9257 20.84129 33.2
      vertex -4.25767 6.37205 33.2
    endloop
  endfacet
  facet normal 0 0 0
    outer loop
      vertex -3.92673 7.3464 21.6
      vertex -14.50594 21.70967 21.6
      vertex -12.40692 23.21172 21.6
    endloop
  endfacet
  facet normal 0 0 0
    outer loop
      vertex -3.92673 7.3464 21.6
      vertex -4.6279 6.92614 21.6
      vertex -14.50594 21.70967 21.6
    endloop
  endfacet
  facet normal 0 0 0
    outer loop
      vertex -14.50594 21.70967 21.6
      vertex -13.9257 20.84129 33.2
      vertex -15.79229 19.24296 33.2
    endloop
  endfacet
  facet normal 0 0 0
    outer loop
      vertex -14.50594 21.70967 21.6
      vertex -15.79229 19.24296 33.2
      vertex -16.4503 20.04475 21.6
    endloop
  endfacet
  facet normal 0 0 0
    outer loop
      vertex -4.6279 6.92614 21.6
      vertex -4.86174 5.92404 33.2
      vertex -4.25767 6.37205 33.2
    endloop
  endfacet
  facet normal 0 0 0
    outer loop
      vertex -4.6279 6.92614 21.6
      vertex -5.2845 6.43918 21.6
      vertex -4.86174 5.92404 33.2
    endloop
  endfacet
  facet normal 0 0 0
    outer loop
      vertex -4.25767 6.37205 33.2
      vertex -13.9257 20.84129 33.2
      vertex -15.79229 19.24296 33.2
    endloop
  endfacet
  facet normal 0 0 0
    outer loop
      vertex -4.25767 6.37205 33.2
      vertex -15.79229 19.24296 33.2
      vertex -4.86174 5.92404 33.2
    endloop
  endfacet
  facet normal 0 0 0
    outer loop
      vertex -4.6279 6.92614 21.6
      vertex -16.4503 20.04475 21.6
      vertex -14.50594 21.70967 21.6
    endloop
  endfacet
  facet normal 0 0 0
    outer loop
      vertex -4.6279 6.92614 21.6
      vertex -5.2845 6.43918 21.6
      vertex -16.4503 20.04475 21.6
    endloop
  endfacet
  facet normal 0 0 0
    outer loop
      vertex -16.4503 20.04475 21.6
      vertex -15.79229 19.24296 33.2
      vertex -17.54225 17.54225 33.2
    endloop
  endfacet
  facet normal 0 0 0
    outer loop
      vertex -16.4503 20.04475 21.6
      vertex -17.54225 17.54225 33.2
      vertex -18.27318 18.27318 21.6
    endloop
  endfacet
  facet normal 0 0 0
    outer loop
      vertex -5.2845 6.43918 21.6
      vertex -5.41898 5.41898 33.2
      vertex -4.86174 5.92404 33.2
    endloop
  endfacet
  facet normal 0 0 0
    outer loop
      vertex -5.2845 6.43918 21.6
      vertex -5.8902 5.8902 21.6
      vertex -5.41898 5.41898 33.2
    endloop
  endfacet
  facet normal 0 0 0
    outer loop
      vertex -4.86174 5.92404 33.2
      vertex -15.79229 19.24296 33.2
      vertex -17.54225 17.54225 33.2
    endloop
  endfacet
  facet normal 0 0 0
    outer loop
      vertex -4.86174 5.92404 33.2
      vertex -17.54225 17.54225 33.2
      vertex -5.41898 5.41898 33.2
    endloop
  endfacet
  facet normal 0 0 0
    outer loop
      vertex -5.2845 6.43918 21.6
      vertex -18.27318 18.27318 21.6
      vertex -16.4503 20.04475 21.6
    endloop
  endfacet
  facet normal 0 0 0
    outer loop
      vertex -5.2845 6.43918 21.6
      vertex -5.8902 5.8902 21.6
      vertex -18.27318 18.27318 21.6
    endloop
  endfacet
  facet normal 0 0 0
    outer loop
      vertex -18.27318 18.27318 21.6
      vertex -17.54225 17.54225 33.2
      vertex -16.57128 13.5997 33.2
    endloop
  endfacet
  facet normal 0 0 0
    outer loop
      vertex -18.27318 18.27318 21.6
      vertex -16.57128 13.5997 33.2
      vertex -17.26175 14.16636 21.6
    endloop
  endfacet
  facet normal 0 0 0
    outer loop
      vertex -5.8902 5.8902 21.6
      vertex -5.92404 4.86174 33.2
      vertex -5.41898 5.41898 33.2
    endloop
  endfacet
  facet normal 0 0 0
    outer loop
      vertex -5.8902 5.8902 21.6
      vertex -6.43918 5.2845 21.6
      vertex -5.92404 4.86174 33.2
    endloop
  endfacet
  facet normal 0 0 0
    outer loop
      vertex -5.41898 5.41898 33.2
      vertex -17.54225 17.54225 33.2
      vertex -16.57128 13.5997 33.2
    endloop
  endfacet
  facet normal 0 0 0
    outer loop
      vertex -5.41898 5.41898 33.2
      vertex -16.57128 13.5997 33.2
      vertex -5.92404 4.86174 33.2
    endloop
  endfacet
  facet normal 0 0 0
    outer loop
      vertex -5.8902 5.8902 21.6
      vertex -17.26175 14.16636 21.6
      vertex -18.27318 18.27318 21.6
    endloop
  endfacet
  facet normal 0 0 0
    outer loop
      vertex -5.8902 5.8902 21.6
      vertex -6.43918 5.2845 21.6
      vertex -17.26175 14.16636 21.6
    endloop
  endfacet
  facet normal 0 0 0
    outer loop
      vertex -17.26175 14.16636 21.6
      vertex -16.57128 13.5997 33.2
      vertex -17.9376 11.98552 33.2
    endloop
  endfacet
  facet normal 0 0 0
    outer loop
      vertex -17.26175 14.16636 21.6
      vertex -17.9376 11.98552 33.2
      vertex -18.685 12.48492 21.6
    endloop
  endfacet
  facet normal 0 0 0
    outer loop
      vertex -6.43918 5.2845 21.6
      vertex -6.37205 4.25767 33.2
      vertex -5.92404 4.86174 33.2
    endloop
  endfacet
  facet normal 0 0 0
    outer loop
      vertex -6.43918 5.2845 21.6
      vertex -6.92614 4.6279 21.6
      vertex -6.37205 4.25767 33.2
    endloop
  endfacet
  facet normal 0 0 0
    outer loop
      vertex -5.92404 4.86174 33.2
      vertex -16.57128 13.5997 33.2
      vertex -17.9376 11.98552 33.2
    endloop
  endfacet
  facet normal 0 0 0
    outer loop
      vertex -5.92404 4.86174 33.2
      vertex -17.9376 11.98552 33.2
      vertex -6.37205 4.25767 33.2
    endloop
  endfacet
  facet normal 0 0 0
    outer loop
      vertex -6.43918 5.2845 21.6
      vertex -18.685 12.48492 21.6
      vertex -17.26175 14.16636 21.6
    endloop
  endfacet
  facet normal 0 0 0
    outer loop
      vertex -6.43918 5.2845 21.6
      vertex -6.92614 4.6279 21.6
      vertex -18.685 12.48492 21.6
    endloop
  endfacet
  facet normal 0 0 0
    outer loop
      vertex -18.685 12.48492 21.6
      vertex -17.9376 11.98552 33.2
      vertex -19.19846 10.26179 33.2
    endloop
  endfacet
  facet normal 0 0 0
    outer loop
      vertex -18.685 12.48492 21.6
      vertex -19.19846 10.26179 33.2
      vertex -19.9984 10.68937 21.6
    endloop
  endfacet
  facet normal 0 0 0
    outer loop
      vertex -6.92614 4.6279 21.6
      vertex -6.75869 3.6126 33.2
      vertex -6.37205 4.25767 33.2
    endloop
  endfacet
  facet normal 0 0 0
    outer loop
      vertex -6.92614 4.6279 21.6
      vertex -7.3464 3.92673 21.6
      vertex -6.75869 3.6126 33.2
    endloop
  endfacet
  facet normal 0 0 0
    outer loop
      vertex -6.37205 4.25767 33.2
      vertex -17.9376 11.98552 33.2
      vertex -19.19846 10.26179 33.2
    endloop
  endfacet
  facet normal 0 0 0
    outer loop
      vertex -6.37205 4.25767 33.2
      vertex -19.19846 10.26179 33.2
      vertex -6.75869 3.6126 33.2
    endloop
  endfacet
  facet normal 0 0 0
    outer loop
      vertex -6.92614 4.6279 21.6
      vertex -19.9984 10.68937 21.6
      vertex -18.685 12.48492 21.6
    endloop
  endfacet
  facet normal 0 0 0
    outer loop
      vertex -6.92614 4.6279 21.6
      vertex -7.3464 3.92673 21.6
      vertex -19.9984 10.68937 21.6
    endloop
  endfacet
  facet normal 0 0 0
    outer loop
      vertex -19.9984 10.68937 21.6
      vertex -19.19846 10.26179 33.2
      vertex -20.2866 8.40298 33.2
    endloop
  endfacet
  facet normal 0 0 0
    outer loop
      vertex -19.9984 10.68937 21.6
      vertex -20.2866 8.40298 33.2
      vertex -21.13187 8.75311 21.6
    endloop
  endfacet
  facet normal 0 0 0
    outer loop
      vertex -7.3464 3.92673 21.6
      vertex -7.08024 2.93273 33.2
      vertex -6.75869 3.6126 33.2
    endloop
  endfacet
  facet normal 0 0 0
    outer loop
      vertex -7.3464 3.92673 21.6
      vertex -7.69592 3.18775 21.6
      vertex -7.08024 2.93273 33.2
    endloop
  endfacet
  facet normal 0 0 0
    outer loop
      vertex -6.75869 3.6126 33.2
      vertex -19.19846 10.26179 33.2
      vertex -20.2866 8.40298 33.2
    endloop
  endfacet
  facet normal 0 0 0
    outer loop
      vertex -6.75869 3.6126 33.2
      vertex -20.2866 8.40298 33.2
      vertex -7.08024 2.93273 33.2
    endloop
  endfacet
  facet normal 0 0 0
    outer loop
      vertex -7.3464 3.92673 21.6
      vertex -21.13187 8.75311 21.6
      vertex -19.9984 10.68937 21.6
    endloop
  endfacet
  facet normal 0 0 0
    outer loop
      vertex -7.3464 3.92673 21.6
      vertex -7.69592 3.18775 21.6
      vertex -21.13187 8.75311 21.6
    endloop
  endfacet
  facet normal 0 0 0
    outer loop
      vertex -21.13187 8.75311 21.6
      vertex -20.2866 8.40298 33.2
      vertex -21.12642 6.40863 33.2
    endloop
  endfacet
  facet normal 0 0 0
    outer loop
      vertex -21.13187 8.75311 21.6
      vertex -21.12642 6.40863 33.2
      vertex -22.00669 6.67566 21.6
    endloop
  endfacet
  facet normal 0 0 0
    outer loop
      vertex -7.69592 3.18775 21.6
      vertex -7.33361 2.22463 33.2
      vertex -7.08024 2.93273 33.2
    endloop
  endfacet
  facet normal 0 0 0
    outer loop
      vertex -7.69592 3.18775 21.6
      vertex -7.97131 2.41807 21.6
      vertex -7.33361 2.22463 33.2
    endloop
  endfacet
  facet normal 0 0 0
    outer loop
      vertex -7.08024 2.93273 33.2
      vertex -20.2866 8.40298 33.2
      vertex -21.12642 6.40863 33.2
    endloop
  endfacet
  facet normal 0 0 0
    outer loop
      vertex -7.08024 2.93273 33.2
      vertex -21.12642 6.40863 33.2
      vertex -7.33361 2.22463 33.2
    endloop
  endfacet
  facet normal 0 0 0
    outer loop
      vertex -7.69592 3.18775 21.6
      vertex -22.00669 6.67566 21.6
      vertex -21.13187 8.75311 21.6
    endloop
  endfacet
  facet normal 0 0 0
    outer loop
      vertex -7.69592 3.18775 21.6
      vertex -7.97131 2.41807 21.6
      vertex -22.00669 6.67566 21.6
    endloop
  endfacet
  facet normal 0 0 0
    outer loop
      vertex -22.00669 6.67566 21.6
      vertex -21.12642 6.40863 33.2
      vertex -21.66142 4.30872 33.2
    endloop
  endfacet
  facet normal 0 0 0
    outer loop
      vertex -22.00669 6.67566 21.6
      vertex -21.66142 4.30872 33.2
      vertex -22.56398 4.48825 21.6
    endloop
  endfacet
  facet normal 0 0 0
    outer loop
      vertex -7.97131 2.41807 21.6
      vertex -7.51635 1.49509 33.2
      vertex -7.33361 2.22463 33.2
    endloop
  endfacet
  facet normal 0 0 0
    outer loop
      vertex -7.97131 2.41807 21.6
      vertex -8.16994 1.6251 21.6
      vertex -7.51635 1.49509 33.2
    endloop
  endfacet
  facet normal 0 0 0
    outer loop
      vertex -7.33361 2.22463 33.2
      vertex -21.12642 6.40863 33.2
      vertex -21.66142 4.30872 33.2
    endloop
  endfacet
  facet normal 0 0 0
    outer loop
      vertex -7.33361 2.22463 33.2
      vertex -21.66142 4.30872 33.2
      vertex -7.51635 1.49509 33.2
    endloop
  endfacet
  facet normal 0 0 0
    outer loop
      vertex -7.97131 2.41807 21.6
      vertex -22.56398 4.48825 21.6
      vertex -22.00669 6.67566 21.6
    endloop
  endfacet
  facet normal 0 0 0
    outer loop
      vertex -7.97131 2.41807 21.6
      vertex -8.16994 1.6251 21.6
      vertex -22.56398 4.48825 21.6
    endloop
  endfacet
  facet normal 0 0 0
    outer loop
      vertex -22.56398 4.48825 21.6
      vertex -21.66142 4.30872 33.2
      vertex -21.87548 2.15455 33.2
    endloop
  endfacet
  facet normal 0 0 0
    outer loop
      vertex -22.56398 4.48825 21.6
      vertex -21.87548 2.15455 33.2
      vertex -22.78695 2.24432 21.6
    endloop
  endfacet
  facet normal 0 0 0
    outer loop
      vertex -8.16994 1.6251 21.6
      vertex -7.6267 0.75116 33.2
      vertex -7.51635 1.49509 33.2
    endloop
  endfacet
  facet normal 0 0 0
    outer loop
      vertex -8.16994 1.6251 21.6
      vertex -8.28989 0.81648 21.6
      vertex -7.6267 0.75116 33.2
    endloop
  endfacet
  facet normal 0 0 0
    outer loop
      vertex -7.51635 1.49509 33.2
      vertex -21.66142 4.30872 33.2
      vertex -21.87548 2.15455 33.2
    endloop
  endfacet
  facet normal 0 0 0
    outer loop
      vertex -7.51635 1.49509 33.2
      vertex -21.87548 2.15455 33.2
      vertex -7.6267 0.75116 33.2
    endloop
  endfacet
  facet normal 0 0 0
    outer loop
      vertex -8.16994 1.6251 21.6
      vertex -22.78695 2.24432 21.6
      vertex -22.56398 4.48825 21.6
    endloop
  endfacet
  facet normal 0 0 0
    outer loop
      vertex -8.16994 1.6251 21.6
      vertex -8.28989 0.81648 21.6
      vertex -22.78695 2.24432 21.6
    endloop
  endfacet
  facet normal 0 0 0
    outer loop
      vertex -22.78695 2.24432 21.6
      vertex -21.87548 2.15455 33.2
      vertex -21.79886 0 33.2
    endloop
  endfacet
  facet normal 0 0 0
    outer loop
      vertex -22.78695 2.24432 21.6
      vertex -21.79886 0 33.2
      vertex -22.70715 0 21.6
    endloop
  endfacet
  facet normal 0 0 0
    outer loop
      vertex -8.28989 0.81648 21.6
      vertex -7.6636 0 33.2
      vertex -7.6267 0.75116 33.2
    endloop
  endfacet
  facet normal 0 0 0
    outer loop
      vertex -8.28989 0.81648 21.6
      vertex -8.33 0 21.6
      vertex -7.6636 0 33.2
    endloop
  endfacet
  facet normal 0 0 0
    outer loop
      vertex -7.6267 0.75116 33.2
      vertex -21.87548 2.15455 33.2
      vertex -21.79886 0 33.2
    endloop
  endfacet
  facet normal 0 0 0
    outer loop
      vertex -7.6267 0.75116 33.2
      vertex -21.79886 0 33.2
      vertex -7.6636 0 33.2
    endloop
  endfacet
  facet normal 0 0 0
    outer loop
      vertex -8.28989 0.81648 21.6
      vertex -22.70715 0 21.6
      vertex -22.78695 2.24432 21.6
    endloop
  endfacet
  facet normal 0 0 0
    outer loop
      vertex -8.28989 0.81648 21.6
      vertex -8.33 0 21.6
      vertex -22.70715 0 21.6
    endloop
  endfacet
  facet normal 0 0 0
    outer loop
      vertex -22.70715 0 21.6
      vertex -21.79886 0 33.2
      vertex -21.4959 -2.11716 33.2
    endloop
  endfacet
  facet normal 0 0 0
    outer loop
      vertex -22.70715 0 21.6
      vertex -21.4959 -2.11716 33.2
      vertex -22.39156 -2.20538 21.6
    endloop
  endfacet
  facet normal 0 0 0
    outer loop
      vertex -8.33 0 21.6
      vertex -7.6267 -0.75116 33.2
      vertex -7.6636 0 33.2
    endloop
  endfacet
  facet normal 0 0 0
    outer loop
      vertex -8.33 0 21.6
      vertex -8.28989 -0.81648 21.6
      vertex -7.6267 -0.75116 33.2
    endloop
  endfacet
  facet normal 0 0 0
    outer loop
      vertex -7.6636 0 33.2
      vertex -21.79886 0 33.2
      vertex -21.4959 -2.11716 33.2
    endloop
  endfacet
  facet normal 0 0 0
    outer loop
      vertex -7.6636 0 33.2
      vertex -21.4959 -2.11716 33.2
      vertex -7.6267 -0.75116 33.2
    endloop
  endfacet
  facet normal 0 0 0
    outer loop
      vertex -8.33 0 21.6
      vertex -22.39156 -2.20538 21.6
      vertex -22.70715 0 21.6
    endloop
  endfacet
  facet normal 0 0 0
    outer loop
      vertex -8.33 0 21.6
      vertex -8.28989 -0.81648 21.6
      vertex -22.39156 -2.20538 21.6
    endloop
  endfacet
  facet normal 0 0 0
    outer loop
      vertex -22.39156 -2.20538 21.6
      vertex -21.4959 -2.11716 33.2
      vertex -21.03934 -4.18498 33.2
    endloop
  endfacet
  facet normal 0 0 0
    outer loop
      vertex -22.39156 -2.20538 21.6
      vertex -21.03934 -4.18498 33.2
      vertex -21.91598 -4.35936 21.6
    endloop
  endfacet
  facet normal 0 0 0
    outer loop
      vertex -8.28989 -0.81648 21.6
      vertex -7.51635 -1.49509 33.2
      vertex -7.6267 -0.75116 33.2
    endloop
  endfacet
  facet normal 0 0 0
    outer loop
      vertex -8.28989 -0.81648 21.6
      vertex -8.16994 -1.6251 21.6
      vertex -7.51635 -1.49509 33.2
    endloop
  endfacet
  facet normal 0 0 0
    outer loop
      vertex -7.6267 -0.75116 33.2
      vertex -21.4959 -2.11716 33.2
      vertex -21.03934 -4.18498 33.2
    endloop
  endfacet
  facet normal 0 0 0
    outer loop
      vertex -7.6267 -0.75116 33.2
      vertex -21.03934 -4.18498 33.2
      vertex -7.51635 -1.49509 33.2
    endloop
  endfacet
  facet normal 0 0 0
    outer loop
      vertex -8.28989 -0.81648 21.6
      vertex -21.91598 -4.35936 21.6
      vertex -22.39156 -2.20538 21.6
    endloop
  endfacet
  facet normal 0 0 0
    outer loop
      vertex -8.28989 -0.81648 21.6
      vertex -8.16994 -1.6251 21.6
      vertex -21.91598 -4.35936 21.6
    endloop
  endfacet
  facet normal 0 0 0
    outer loop
      vertex -21.91598 -4.35936 21.6
      vertex -21.03934 -4.18498 33.2
      vertex -20.48208 -6.21317 33.2
    endloop
  endfacet
  facet normal 0 0 0
    outer loop
      vertex -21.91598 -4.35936 21.6
      vertex -20.48208 -6.21317 33.2
      vertex -21.3355 -6.47205 21.6
    endloop
  endfacet
  facet normal 0 0 0
    outer loop
      vertex -8.16994 -1.6251 21.6
      vertex -7.33361 -2.22463 33.2
      vertex -7.51635 -1.49509 33.2
    endloop
  endfacet
  facet normal 0 0 0
    outer loop
      vertex -8.16994 -1.6251 21.6
      vertex -7.97131 -2.41807 21.6
      vertex -7.33361 -2.22463 33.2
    endloop
  endfacet
  facet normal 0 0 0
    outer loop
      vertex -7.51635 -1.49509 33.2
      vertex -21.03934 -4.18498 33.2
      vertex -20.48208 -6.21317 33.2
    endloop
  endfacet
  facet normal 0 0 0
    outer loop
      vertex -7.51635 -1.49509 33.2
      vertex -20.48208 -6.21317 33.2
      vertex -7.33361 -2.22463 33.2
    endloop
  endfacet
  facet normal 0 0 0
    outer loop
      vertex -8.16994 -1.6251 21.6
      vertex -21.3355 -6.47205 21.6
      vertex -21.91598 -4.35936 21.6
    endloop
  endfacet
  facet normal 0 0 0
    outer loop
      vertex -8.16994 -1.6251 21.6
      vertex -7.97131 -2.41807 21.6
      vertex -21.3355 -6.47205 21.6
    endloop
  endfacet
  facet normal 0 0 0
    outer loop
      vertex -21.3355 -6.47205 21.6
      vertex -20.48208 -6.21317 33.2
      vertex -19.8381 -8.21721 33.2
    endloop
  endfacet
  facet normal 0 0 0
    outer loop
      vertex -21.3355 -6.47205 21.6
      vertex -19.8381 -8.21721 33.2
      vertex -20.66469 -8.5596 21.6
    endloop
  endfacet
  facet normal 0 0 0
    outer loop
      vertex -7.97131 -2.41807 21.6
      vertex -7.08024 -2.93273 33.2
      vertex -7.33361 -2.22463 33.2
    endloop
  endfacet
  facet normal 0 0 0
    outer loop
      vertex -7.97131 -2.41807 21.6
      vertex -7.69592 -3.18775 21.6
      vertex -7.08024 -2.93273 33.2
    endloop
  endfacet
  facet normal 0 0 0
    outer loop
      vertex -7.33361 -2.22463 33.2
      vertex -20.48208 -6.21317 33.2
      vertex -19.8381 -8.21721 33.2
    endloop
  endfacet
  facet normal 0 0 0
    outer loop
      vertex -7.33361 -2.22463 33.2
      vertex -19.8381 -8.21721 33.2
      vertex -7.08024 -2.93273 33.2
    endloop
  endfacet
  facet normal 0 0 0
    outer loop
      vertex -7.97131 -2.41807 21.6
      vertex -20.66469 -8.5596 21.6
      vertex -21.3355 -6.47205 21.6
    endloop
  endfacet
  facet normal 0 0 0
    outer loop
      vertex -7.97131 -2.41807 21.6
      vertex -7.69592 -3.18775 21.6
      vertex -20.66469 -8.5596 21.6
    endloop
  endfacet
  facet normal 0 0 0
    outer loop
      vertex -20.66469 -8.5596 21.6
      vertex -19.8381 -8.21721 33.2
      vertex -19.08034 -10.19866 33.2
    endloop
  endfacet
  facet normal 0 0 0
    outer loop
      vertex -20.66469 -8.5596 21.6
      vertex -19.08034 -10.19866 33.2
      vertex -19.87536 -10.6236 21.6
    endloop
  endfacet
  facet normal 0 0 0
    outer loop
      vertex -7.69592 -3.18775 21.6
      vertex -6.75869 -3.6126 33.2
      vertex -7.08024 -2.93273 33.2
    endloop
  endfacet
  facet normal 0 0 0
    outer loop
      vertex -7.69592 -3.18775 21.6
      vertex -7.3464 -3.92673 21.6
      vertex -6.75869 -3.6126 33.2
    endloop
  endfacet
  facet normal 0 0 0
    outer loop
      vertex -7.08024 -2.93273 33.2
      vertex -19.8381 -8.21721 33.2
      vertex -19.08034 -10.19866 33.2
    endloop
  endfacet
  facet normal 0 0 0
    outer loop
      vertex -7.08024 -2.93273 33.2
      vertex -19.08034 -10.19866 33.2
      vertex -6.75869 -3.6126 33.2
    endloop
  endfacet
  facet normal 0 0 0
    outer loop
      vertex -7.69592 -3.18775 21.6
      vertex -19.87536 -10.6236 21.6
      vertex -20.66469 -8.5596 21.6
    endloop
  endfacet
  facet normal 0 0 0
    outer loop
      vertex -7.69592 -3.18775 21.6
      vertex -7.3464 -3.92673 21.6
      vertex -19.87536 -10.6236 21.6
    endloop
  endfacet
  facet normal 0 0 0
    outer loop
      vertex -19.87536 -10.6236 21.6
      vertex -19.08034 -10.19866 33.2
      vertex -18.15604 -12.13148 33.2
    endloop
  endfacet
  facet normal 0 0 0
    outer loop
      vertex -19.87536 -10.6236 21.6
      vertex -18.15604 -12.13148 33.2
      vertex -18.91254 -12.63696 21.6
    endloop
  endfacet
  facet normal 0 0 0
    outer loop
      vertex -7.3464 -3.92673 21.6
      vertex -6.37205 -4.25767 33.2
      vertex -6.75869 -3.6126 33.2
    endloop
  endfacet
  facet normal 0 0 0
    outer loop
      vertex -7.3464 -3.92673 21.6
      vertex -6.92614 -4.6279 21.6
      vertex -6.37205 -4.25767 33.2
    endloop
  endfacet
  facet normal 0 0 0
    outer loop
      vertex -6.75869 -3.6126 33.2
      vertex -19.08034 -10.19866 33.2
      vertex -18.15604 -12.13148 33.2
    endloop
  endfacet
  facet normal 0 0 0
    outer loop
      vertex -6.75869 -3.6126 33.2
      vertex -18.15604 -12.13148 33.2
      vertex -6.37205 -4.25767 33.2
    endloop
  endfacet
  facet normal 0 0 0
    outer loop
      vertex -7.3464 -3.92673 21.6
      vertex -18.91254 -12.63696 21.6
      vertex -19.87536 -10.6236 21.6
    endloop
  endfacet
  facet normal 0 0 0
    outer loop
      vertex -7.3464 -3.92673 21.6
      vertex -6.92614 -4.6279 21.6
      vertex -18.91254 -12.63696 21.6
    endloop
  endfacet
  facet normal 0 0 0
    outer loop
      vertex -18.91254 -12.63696 21.6
      vertex -18.15604 -12.13148 33.2
      vertex -17.01254 -13.96183 33.2
    endloop
  endfacet
  facet normal 0 0 0
    outer loop
      vertex -18.91254 -12.63696 21.6
      vertex -17.01254 -13.96183 33.2
      vertex -17.72139 -14.54357 21.6
    endloop
  endfacet
  facet normal 0 0 0
    outer loop
      vertex -6.92614 -4.6279 21.6
      vertex -5.92404 -4.86174 33.2
      vertex -6.37205 -4.25767 33.2
    endloop
  endfacet
  facet normal 0 0 0
    outer loop
      vertex -6.92614 -4.6279 21.6
      vertex -6.43918 -5.2845 21.6
      vertex -5.92404 -4.86174 33.2
    endloop
  endfacet
  facet normal 0 0 0
    outer loop
      vertex -6.37205 -4.25767 33.2
      vertex -18.15604 -12.13148 33.2
      vertex -17.01254 -13.96183 33.2
    endloop
  endfacet
  facet normal 0 0 0
    outer loop
      vertex -6.37205 -4.25767 33.2
      vertex -17.01254 -13.96183 33.2
      vertex -5.92404 -4.86174 33.2
    endloop
  endfacet
  facet normal 0 0 0
    outer loop
      vertex -6.92614 -4.6279 21.6
      vertex -17.72139 -14.54357 21.6
      vertex -18.91254 -12.63696 21.6
    endloop
  endfacet
  facet normal 0 0 0
    outer loop
      vertex -6.92614 -4.6279 21.6
      vertex -6.43918 -5.2845 21.6
      vertex -17.72139 -14.54357 21.6
    endloop
  endfacet
  facet normal 0 0 0
    outer loop
      vertex -17.72139 -14.54357 21.6
      vertex -17.01254 -13.96183 33.2
      vertex -18.0277 -18.0277 33.2
    endloop
  endfacet
  facet normal 0 0 0
    outer loop
      vertex -17.72139 -14.54357 21.6
      vertex -18.0277 -18.0277 33.2
      vertex -18.77885 -18.77885 21.6
    endloop
  endfacet
  facet normal 0 0 0
    outer loop
      vertex -6.43918 -5.2845 21.6
      vertex -5.41898 -5.41898 33.2
      vertex -5.92404 -4.86174 33.2
    endloop
  endfacet
  facet normal 0 0 0
    outer loop
      vertex -6.43918 -5.2845 21.6
      vertex -5.8902 -5.8902 21.6
      vertex -5.41898 -5.41898 33.2
    endloop
  endfacet
  facet normal 0 0 0
    outer loop
      vertex -5.92404 -4.86174 33.2
      vertex -17.01254 -13.96183 33.2
      vertex -18.0277 -18.0277 33.2
    endloop
  endfacet
  facet normal 0 0 0
    outer loop
      vertex -5.92404 -4.86174 33.2
      vertex -18.0277 -18.0277 33.2
      vertex -5.41898 -5.41898 33.2
    endloop
  endfacet
  facet normal 0 0 0
    outer loop
      vertex -6.43918 -5.2845 21.6
      vertex -18.77885 -18.77885 21.6
      vertex -17.72139 -14.54357 21.6
    endloop
  endfacet
  facet normal 0 0 0
    outer loop
      vertex -6.43918 -5.2845 21.6
      vertex -5.8902 -5.8902 21.6
      vertex -18.77885 -18.77885 21.6
    endloop
  endfacet
  facet normal 0 0 0
    outer loop
      vertex -18.77885 -18.77885 21.6
      vertex -18.0277 -18.0277 33.2
      vertex -16.15441 -19.68421 33.2
    endloop
  endfacet
  facet normal 0 0 0
    outer loop
      vertex -18.77885 -18.77885 21.6
      vertex -16.15441 -19.68421 33.2
      vertex -16.82752 -20.50439 21.6
    endloop
  endfacet
  facet normal 0 0 0
    outer loop
      vertex -5.8902 -5.8902 21.6
      vertex -4.86174 -5.92404 33.2
      vertex -5.41898 -5.41898 33.2
    endloop
  endfacet
  facet normal 0 0 0
    outer loop
      vertex -5.8902 -5.8902 21.6
      vertex -5.2845 -6.43918 21.6
      vertex -4.86174 -5.92404 33.2
    endloop
  endfacet
  facet normal 0 0 0
    outer loop
      vertex -5.41898 -5.41898 33.2
      vertex -18.0277 -18.0277 33.2
      vertex -16.15441 -19.68421 33.2
    endloop
  endfacet
  facet normal 0 0 0
    outer loop
      vertex -5.41898 -5.41898 33.2
      vertex -16.15441 -19.68421 33.2
      vertex -4.86174 -5.92404 33.2
    endloop
  endfacet
  facet normal 0 0 0
    outer loop
      vertex -5.8902 -5.8902 21.6
      vertex -16.82752 -20.50439 21.6
      vertex -18.77885 -18.77885 21.6
    endloop
  endfacet
  facet normal 0 0 0
    outer loop
      vertex -5.8902 -5.8902 21.6
      vertex -5.2845 -6.43918 21.6
      vertex -16.82752 -20.50439 21.6
    endloop
  endfacet
  facet normal 0 0 0
    outer loop
      vertex -16.82752 -20.50439 21.6
      vertex -16.15441 -19.68421 33.2
      vertex -14.07166 -21.05973 33.2
    endloop
  endfacet
  facet normal 0 0 0
    outer loop
      vertex -16.82752 -20.50439 21.6
      vertex -14.07166 -21.05973 33.2
      vertex -14.65798 -21.93722 21.6
    endloop
  endfacet
  facet normal 0 0 0
    outer loop
      vertex -5.2845 -6.43918 21.6
      vertex -4.25767 -6.37205 33.2
      vertex -4.86174 -5.92404 33.2
    endloop
  endfacet
  facet normal 0 0 0
    outer loop
      vertex -5.2845 -6.43918 21.6
      vertex -4.6279 -6.92614 21.6
      vertex -4.25767 -6.37205 33.2
    endloop
  endfacet
  facet normal 0 0 0
    outer loop
      vertex -4.86174 -5.92404 33.2
      vertex -16.15441 -19.68421 33.2
      vertex -14.07166 -21.05973 33.2
    endloop
  endfacet
  facet normal 0 0 0
    outer loop
      vertex -4.86174 -5.92404 33.2
      vertex -14.07166 -21.05973 33.2
      vertex -4.25767 -6.37205 33.2
    endloop
  endfacet
  facet normal 0 0 0
    outer loop
      vertex -5.2845 -6.43918 21.6
      vertex -14.65798 -21.93722 21.6
      vertex -16.82752 -20.50439 21.6
    endloop
  endfacet
  facet normal 0 0 0
    outer loop
      vertex -5.2845 -6.43918 21.6
      vertex -4.6279 -6.92614 21.6
      vertex -14.65798 -21.93722 21.6
    endloop
  endfacet
  facet normal 0 0 0
    outer loop
      vertex -14.65798 -21.93722 21.6
      vertex -14.07166 -21.05973 33.2
      vertex -11.84751 -22.16513 33.2
    endloop
  endfacet
  facet normal 0 0 0
    outer loop
      vertex -14.65798 -21.93722 21.6
      vertex -11.84751 -22.16513 33.2
      vertex -12.34116 -23.08868 21.6
    endloop
  endfacet
  facet normal 0 0 0
    outer loop
      vertex -4.6279 -6.92614 21.6
      vertex -3.6126 -6.75869 33.2
      vertex -4.25767 -6.37205 33.2
    endloop
  endfacet
  facet normal 0 0 0
    outer loop
      vertex -4.6279 -6.92614 21.6
      vertex -3.92673 -7.3464 21.6
      vertex -3.6126 -6.75869 33.2
    endloop
  endfacet
  facet normal 0 0 0
    outer loop
      vertex -4.25767 -6.37205 33.2
      vertex -14.07166 -21.05973 33.2
      vertex -11.84751 -22.16513 33.2
    endloop
  endfacet
  facet normal 0 0 0
    outer loop
      vertex -4.25767 -6.37205 33.2
      vertex -11.84751 -22.16513 33.2
      vertex -3.6126 -6.75869 33.2
    endloop
  endfacet
  facet normal 0 0 0
    outer loop
      vertex -4.6279 -6.92614 21.6
      vertex -12.34116 -23.08868 21.6
      vertex -14.65798 -21.93722 21.6
    endloop
  endfacet
  facet normal 0 0 0
    outer loop
      vertex -4.6279 -6.92614 21.6
      vertex -3.92673 -7.3464 21.6
      vertex -12.34116 -23.08868 21.6
    endloop
  endfacet
  facet normal 0 0 0
    outer loop
      vertex -12.34116 -23.08868 21.6
      vertex -11.84751 -22.16513 33.2
      vertex -9.54552 -23.04491 33.2
    endloop
  endfacet
  facet normal 0 0 0
    outer loop
      vertex -12.34116 -23.08868 21.6
      vertex -9.54552 -23.04491 33.2
      vertex -9.94324 -24.00512 21.6
    endloop
  endfacet
  facet normal 0 0 0
    outer loop
      vertex -3.92673 -7.3464 21.6
      vertex -2.93273 -7.08024 33.2
      vertex -3.6126 -6.75869 33.2
    endloop
  endfacet
  facet normal 0 0 0
    outer loop
      vertex -3.92673 -7.3464 21.6
      vertex -3.18775 -7.69592 21.6
      vertex -2.93273 -7.08024 33.2
    endloop
  endfacet
  facet normal 0 0 0
    outer loop
      vertex -3.6126 -6.75869 33.2
      vertex -11.84751 -22.16513 33.2
      vertex -9.54552 -23.04491 33.2
    endloop
  endfacet
  facet normal 0 0 0
    outer loop
      vertex -3.6126 -6.75869 33.2
      vertex -9.54552 -23.04491 33.2
      vertex -2.93273 -7.08024 33.2
    endloop
  endfacet
  facet normal 0 0 0
    outer loop
      vertex -3.92673 -7.3464 21.6
      vertex -9.94324 -24.00512 21.6
      vertex -12.34116 -23.08868 21.6
    endloop
  endfacet
  facet normal 0 0 0
    outer loop
      vertex -3.92673 -7.3464 21.6
      vertex -3.18775 -7.69592 21.6
      vertex -9.94324 -24.00512 21.6
    endloop
  endfacet
  facet normal 0 0 0
    outer loop
      vertex -9.94324 -24.00512 21.6
      vertex -9.54552 -23.04491 33.2
      vertex -7.20621 -23.7557 33.2
    endloop
  endfacet
  facet normal 0 0 0
    outer loop
      vertex -9.94324 -24.00512 21.6
      vertex -7.20621 -23.7557 33.2
      vertex -7.50647 -24.74552 21.6
    endloop
  endfacet
  facet normal 0 0 0
    outer loop
      vertex -3.18775 -7.69592 21.6
      vertex -2.22463 -7.33361 33.2
      vertex -2.93273 -7.08024 33.2
    endloop
  endfacet
  facet normal 0 0 0
    outer loop
      vertex -3.18775 -7.69592 21.6
      vertex -2.41807 -7.97131 21.6
      vertex -2.22463 -7.33361 33.2
    endloop
  endfacet
  facet normal 0 0 0
    outer loop
      vertex -2.93273 -7.08024 33.2
      vertex -9.54552 -23.04491 33.2
      vertex -7.20621 -23.7557 33.2
    endloop
  endfacet
  facet normal 0 0 0
    outer loop
      vertex -2.93273 -7.08024 33.2
      vertex -7.20621 -23.7557 33.2
      vertex -2.22463 -7.33361 33.2
    endloop
  endfacet
  facet normal 0 0 0
    outer loop
      vertex -3.18775 -7.69592 21.6
      vertex -7.50647 -24.74552 21.6
      vertex -9.94324 -24.00512 21.6
    endloop
  endfacet
  facet normal 0 0 0
    outer loop
      vertex -3.18775 -7.69592 21.6
      vertex -2.41807 -7.97131 21.6
      vertex -7.50647 -24.74552 21.6
    endloop
  endfacet
  facet normal 0 0 0
    outer loop
      vertex -7.50647 -24.74552 21.6
      vertex -7.20621 -23.7557 33.2
      vertex -4.84134 -24.33907 33.2
    endloop
  endfacet
  facet normal 0 0 0
    outer loop
      vertex -7.50647 -24.74552 21.6
      vertex -4.84134 -24.33907 33.2
      vertex -5.04306 -25.3532 21.6
    endloop
  endfacet
  facet normal 0 0 0
    outer loop
      vertex -2.41807 -7.97131 21.6
      vertex -1.49509 -7.51635 33.2
      vertex -2.22463 -7.33361 33.2
    endloop
  endfacet
  facet normal 0 0 0
    outer loop
      vertex -2.41807 -7.97131 21.6
      vertex -1.6251 -8.16994 21.6
      vertex -1.49509 -7.51635 33.2
    endloop
  endfacet
  facet normal 0 0 0
    outer loop
      vertex -2.22463 -7.33361 33.2
      vertex -7.20621 -23.7557 33.2
      vertex -4.84134 -24.33907 33.2
    endloop
  endfacet
  facet normal 0 0 0
    outer loop
      vertex -2.22463 -7.33361 33.2
      vertex -4.84134 -24.33907 33.2
      vertex -1.49509 -7.51635 33.2
    endloop
  endfacet
  facet normal 0 0 0
    outer loop
      vertex -2.41807 -7.97131 21.6
      vertex -5.04306 -25.3532 21.6
      vertex -7.50647 -24.74552 21.6
    endloop
  endfacet
  facet normal 0 0 0
    outer loop
      vertex -2.41807 -7.97131 21.6
      vertex -1.6251 -8.16994 21.6
      vertex -5.04306 -25.3532 21.6
    endloop
  endfacet
  facet normal 0 0 0
    outer loop
      vertex -5.04306 -25.3532 21.6
      vertex -4.84134 -24.33907 33.2
      vertex -2.10919 -21.41492 33.2
    endloop
  endfacet
  facet normal 0 0 0
    outer loop
      vertex -5.04306 -25.3532 21.6
      vertex -2.10919 -21.41492 33.2
      vertex -2.19707 -22.30721 21.6
    endloop
  endfacet
  facet normal 0 0 0
    outer loop
      vertex -1.6251 -8.16994 21.6
      vertex -0.75116 -7.6267 33.2
      vertex -1.49509 -7.51635 33.2
    endloop
  endfacet
  facet normal 0 0 0
    outer loop
      vertex -1.6251 -8.16994 21.6
      vertex -0.81648 -8.28989 21.6
      vertex -0.75116 -7.6267 33.2
    endloop
  endfacet
  facet normal 0 0 0
    outer loop
      vertex -1.49509 -7.51635 33.2
      vertex -4.84134 -24.33907 33.2
      vertex -2.10919 -21.41492 33.2
    endloop
  endfacet
  facet normal 0 0 0
    outer loop
      vertex -1.49509 -7.51635 33.2
      vertex -2.10919 -21.41492 33.2
      vertex -0.75116 -7.6267 33.2
    endloop
  endfacet
  facet normal 0 0 0
    outer loop
      vertex -1.6251 -8.16994 21.6
      vertex -2.19707 -22.30721 21.6
      vertex -5.04306 -25.3532 21.6
    endloop
  endfacet
  facet normal 0 0 0
    outer loop
      vertex -1.6251 -8.16994 21.6
      vertex -0.81648 -8.28989 21.6
      vertex -2.19707 -22.30721 21.6
    endloop
  endfacet
  facet normal 0 0 0
    outer loop
      vertex -2.19707 -22.30721 21.6
      vertex -2.10919 -21.41492 33.2
      vertex 0 -21.701 33.2
    endloop
  endfacet
  facet normal 0 0 0
    outer loop
      vertex -2.19707 -22.30721 21.6
      vertex 0 -21.701 33.2
      vertex 0 -22.60521 21.6
    endloop
  endfacet
  facet normal 0 0 0
    outer loop
      vertex -0.81648 -8.28989 21.6
      vertex 0 -7.6636 33.2
      vertex -0.75116 -7.6267 33.2
    endloop
  endfacet
  facet normal 0 0 0
    outer loop
      vertex -0.81648 -8.28989 21.6
      vertex 0 -8.33 21.6
      vertex 0 -7.6636 33.2
    endloop
  endfacet
  facet normal 0 0 0
    outer loop
      vertex -0.75116 -7.6267 33.2
      vertex -2.10919 -21.41492 33.2
      vertex 0 -21.701 33.2
    endloop
  endfacet
  facet normal 0 0 0
    outer loop
      vertex -0.75116 -7.6267 33.2
      vertex 0 -21.701 33.2
      vertex 0 -7.6636 33.2
    endloop
  endfacet
  facet normal 0 0 0
    outer loop
      vertex -0.81648 -8.28989 21.6
      vertex 0 -22.60521 21.6
      vertex -2.19707 -22.30721 21.6
    endloop
  endfacet
  facet normal 0 0 0
    outer loop
      vertex -0.81648 -8.28989 21.6
      vertex 0 -8.33 21.6
      vertex 0 -22.60521 21.6
    endloop
  endfacet
  facet normal 0 0 0
    outer loop
      vertex 0 -22.60521 21.6
      vertex 0 -21.701 33.2
      vertex 2.14657 -21.7945 33.2
    endloop
  endfacet
  facet normal 0 0 0
    outer loop
      vertex 0 -22.60521 21.6
      vertex 2.14657 -21.7945 33.2
      vertex 2.23601 -22.7026 21.6
    endloop
  endfacet
  facet normal 0 0 0
    outer loop
      vertex 0 -8.33 21.6
      vertex 0.75116 -7.6267 33.2
      vertex 0 -7.6636 33.2
    endloop
  endfacet
  facet normal 0 0 0
    outer loop
      vertex 0 -8.33 21.6
      vertex 0.81648 -8.28989 21.6
      vertex 0.75116 -7.6267 33.2
    endloop
  endfacet
  facet normal 0 0 0
    outer loop
      vertex 0 -7.6636 33.2
      vertex 0 -21.701 33.2
      vertex 2.14657 -21.7945 33.2
    endloop
  endfacet
  facet normal 0 0 0
    outer loop
      vertex 0 -7.6636 33.2
      vertex 2.14657 -21.7945 33.2
      vertex 0.75116 -7.6267 33.2
    endloop
  endfacet
  facet normal 0 0 0
    outer loop
      vertex 0 -8.33 21.6
      vertex 2.23601 -22.7026 21.6
      vertex 0 -22.60521 21.6
    endloop
  endfacet
  facet normal 0 0 0
    outer loop
      vertex 0 -8.33 21.6
      vertex 0.81648 -8.28989 21.6
      vertex 2.23601 -22.7026 21.6
    endloop
  endfacet
  facet normal 0 0 0
    outer loop
      vertex 2.23601 -22.7026 21.6
      vertex 2.14657 -21.7945 33.2
      vertex 4.30142 -21.62469 33.2
    endloop
  endfacet
  facet normal 0 0 0
    outer loop
      vertex 2.23601 -22.7026 21.6
      vertex 4.30142 -21.62469 33.2
      vertex 4.48064 -22.52572 21.6
    endloop
  endfacet
  facet normal 0 0 0
    outer loop
      vertex 0.81648 -8.28989 21.6
      vertex 1.49509 -7.51635 33.2
      vertex 0.75116 -7.6267 33.2
    endloop
  endfacet
  facet normal 0 0 0
    outer loop
      vertex 0.81648 -8.28989 21.6
      vertex 1.6251 -8.16994 21.6
      vertex 1.49509 -7.51635 33.2
    endloop
  endfacet
  facet normal 0 0 0
    outer loop
      vertex 0.75116 -7.6267 33.2
      vertex 2.14657 -21.7945 33.2
      vertex 4.30142 -21.62469 33.2
    endloop
  endfacet
  facet normal 0 0 0
    outer loop
      vertex 0.75116 -7.6267 33.2
      vertex 4.30142 -21.62469 33.2
      vertex 1.49509 -7.51635 33.2
    endloop
  endfacet
  facet normal 0 0 0
    outer loop
      vertex 0.81648 -8.28989 21.6
      vertex 4.48064 -22.52572 21.6
      vertex 2.23601 -22.7026 21.6
    endloop
  endfacet
  facet normal 0 0 0
    outer loop
      vertex 0.81648 -8.28989 21.6
      vertex 1.6251 -8.16994 21.6
      vertex 4.48064 -22.52572 21.6
    endloop
  endfacet
  facet normal 0 0 0
    outer loop
      vertex 4.48064 -22.52572 21.6
      vertex 4.30142 -21.62469 33.2
      vertex 6.41417 -21.14469 33.2
    endloop
  endfacet
  facet normal 0 0 0
    outer loop
      vertex 4.48064 -22.52572 21.6
      vertex 6.41417 -21.14469 33.2
      vertex 6.68143 -22.02572 21.6
    endloop
  endfacet
  facet normal 0 0 0
    outer loop
      vertex 1.6251 -8.16994 21.6
      vertex 2.22463 -7.33361 33.2
      vertex 1.49509 -7.51635 33.2
    endloop
  endfacet
  facet normal 0 0 0
    outer loop
      vertex 1.6251 -8.16994 21.6
      vertex 2.41807 -7.97131 21.6
      vertex 2.22463 -7.33361 33.2
    endloop
  endfacet
  facet normal 0 0 0
    outer loop
      vertex 1.49509 -7.51635 33.2
      vertex 4.30142 -21.62469 33.2
      vertex 6.41417 -21.14469 33.2
    endloop
  endfacet
  facet normal 0 0 0
    outer loop
      vertex 1.49509 -7.51635 33.2
      vertex 6.41417 -21.14469 33.2
      vertex 2.22463 -7.33361 33.2
    endloop
  endfacet
  facet normal 0 0 0
    outer loop
      vertex 1.6251 -8.16994 21.6
      vertex 6.68143 -22.02572 21.6
      vertex 4.48064 -22.52572 21.6
    endloop
  endfacet
  facet normal 0 0 0
    outer loop
      vertex 1.6251 -8.16994 21.6
      vertex 2.41807 -7.97131 21.6
      vertex 6.68143 -22.02572 21.6
    endloop
  endfacet
  facet normal 0 0 0
    outer loop
      vertex 6.68143 -22.02572 21.6
      vertex 6.41417 -21.14469 33.2
      vertex 8.42947 -20.35053 33.2
    endloop
  endfacet
  facet normal 0 0 0
    outer loop
      vertex 6.68143 -22.02572 21.6
      vertex 8.42947 -20.35053 33.2
      vertex 8.78069 -21.19847 21.6
    endloop
  endfacet
  facet normal 0 0 0
    outer loop
      vertex 2.41807 -7.97131 21.6
      vertex 2.93273 -7.08024 33.2
      vertex 2.22463 -7.33361 33.2
    endloop
  endfacet
  facet normal 0 0 0
    outer loop
      vertex 2.41807 -7.97131 21.6
      vertex 3.18775 -7.69592 21.6
      vertex 2.93273 -7.08024 33.2
    endloop
  endfacet
  facet normal 0 0 0
    outer loop
      vertex 2.22463 -7.33361 33.2
      vertex 6.41417 -21.14469 33.2
      vertex 8.42947 -20.35053 33.2
    endloop
  endfacet
  facet normal 0 0 0
    outer loop
      vertex 2.22463 -7.33361 33.2
      vertex 8.42947 -20.35053 33.2
      vertex 2.93273 -7.08024 33.2
    endloop
  endfacet
  facet normal 0 0 0
    outer loop
      vertex 2.41807 -7.97131 21.6
      vertex 8.78069 -21.19847 21.6
      vertex 6.68143 -22.02572 21.6
    endloop
  endfacet
  facet normal 0 0 0
    outer loop
      vertex 2.41807 -7.97131 21.6
      vertex 3.18775 -7.69592 21.6
      vertex 8.78069 -21.19847 21.6
    endloop
  endfacet
  facet normal 0 0 0
    outer loop
      vertex 8.78069 -21.19847 21.6
      vertex 8.42947 -20.35053 33.2
      vertex 10.30704 -19.28311 33.2
    endloop
  endfacet
  facet normal 0 0 0
    outer loop
      vertex 8.78069 -21.19847 21.6
      vertex 10.30704 -19.28311 33.2
      vertex 10.7365 -20.08657 21.6
    endloop
  endfacet
  facet normal 0 0 0
    outer loop
      vertex 3.18775 -7.69592 21.6
      vertex 3.6126 -6.75869 33.2
      vertex 2.93273 -7.08024 33.2
    endloop
  endfacet
  facet normal 0 0 0
    outer loop
      vertex 3.18775 -7.69592 21.6
      vertex 3.92673 -7.3464 21.6
      vertex 3.6126 -6.75869 33.2
    endloop
  endfacet
  facet normal 0 0 0
    outer loop
      vertex 2.93273 -7.08024 33.2
      vertex 8.42947 -20.35053 33.2
      vertex 10.30704 -19.28311 33.2
    endloop
  endfacet
  facet normal 0 0 0
    outer loop
      vertex 2.93273 -7.08024 33.2
      vertex 10.30704 -19.28311 33.2
      vertex 3.6126 -6.75869 33.2
    endloop
  endfacet
  facet normal 0 0 0
    outer loop
      vertex 3.18775 -7.69592 21.6
      vertex 10.7365 -20.08657 21.6
      vertex 8.78069 -21.19847 21.6
    endloop
  endfacet
  facet normal 0 0 0
    outer loop
      vertex 3.18775 -7.69592 21.6
      vertex 3.92673 -7.3464 21.6
      vertex 10.7365 -20.08657 21.6
    endloop
  endfacet
  facet normal 0 0 0
    outer loop
      vertex 10.7365 -20.08657 21.6
      vertex 10.30704 -19.28311 33.2
      vertex 12.03575 -18.01277 33.2
    endloop
  endfacet
  facet normal 0 0 0
    outer loop
      vertex 10.7365 -20.08657 21.6
      vertex 12.03575 -18.01277 33.2
      vertex 12.53724 -18.7633 21.6
    endloop
  endfacet
  facet normal 0 0 0
    outer loop
      vertex 3.92673 -7.3464 21.6
      vertex 4.25767 -6.37205 33.2
      vertex 3.6126 -6.75869 33.2
    endloop
  endfacet
  facet normal 0 0 0
    outer loop
      vertex 3.92673 -7.3464 21.6
      vertex 4.6279 -6.92614 21.6
      vertex 4.25767 -6.37205 33.2
    endloop
  endfacet
  facet normal 0 0 0
    outer loop
      vertex 3.6126 -6.75869 33.2
      vertex 10.30704 -19.28311 33.2
      vertex 12.03575 -18.01277 33.2
    endloop
  endfacet
  facet normal 0 0 0
    outer loop
      vertex 3.6126 -6.75869 33.2
      vertex 12.03575 -18.01277 33.2
      vertex 4.25767 -6.37205 33.2
    endloop
  endfacet
  facet normal 0 0 0
    outer loop
      vertex 3.92673 -7.3464 21.6
      vertex 12.53724 -18.7633 21.6
      vertex 10.7365 -20.08657 21.6
    endloop
  endfacet
  facet normal 0 0 0
    outer loop
      vertex 3.92673 -7.3464 21.6
      vertex 4.6279 -6.92614 21.6
      vertex 12.53724 -18.7633 21.6
    endloop
  endfacet
  facet normal 0 0 0
    outer loop
      vertex 12.53724 -18.7633 21.6
      vertex 12.03575 -18.01277 33.2
      vertex 13.63419 -16.61331 33.2
    endloop
  endfacet
  facet normal 0 0 0
    outer loop
      vertex 12.53724 -18.7633 21.6
      vertex 13.63419 -16.61331 33.2
      vertex 14.20228 -17.30553 21.6
    endloop
  endfacet
  facet normal 0 0 0
    outer loop
      vertex 4.6279 -6.92614 21.6
      vertex 4.86174 -5.92404 33.2
      vertex 4.25767 -6.37205 33.2
    endloop
  endfacet
  facet normal 0 0 0
    outer loop
      vertex 4.6279 -6.92614 21.6
      vertex 5.2845 -6.43918 21.6
      vertex 4.86174 -5.92404 33.2
    endloop
  endfacet
  facet normal 0 0 0
    outer loop
      vertex 4.25767 -6.37205 33.2
      vertex 12.03575 -18.01277 33.2
      vertex 13.63419 -16.61331 33.2
    endloop
  endfacet
  facet normal 0 0 0
    outer loop
      vertex 4.25767 -6.37205 33.2
      vertex 13.63419 -16.61331 33.2
      vertex 4.86174 -5.92404 33.2
    endloop
  endfacet
  facet normal 0 0 0
    outer loop
      vertex 4.6279 -6.92614 21.6
      vertex 14.20228 -17.30553 21.6
      vertex 12.53724 -18.7633 21.6
    endloop
  endfacet
  facet normal 0 0 0
    outer loop
      vertex 4.6279 -6.92614 21.6
      vertex 5.2845 -6.43918 21.6
      vertex 14.20228 -17.30553 21.6
    endloop
  endfacet
  facet normal 0 0 0
    outer loop
      vertex 14.20228 -17.30553 21.6
      vertex 13.63419 -16.61331 33.2
      vertex 15.1368 -15.1368 33.2
    endloop
  endfacet
  facet normal 0 0 0
    outer loop
      vertex 14.20228 -17.30553 21.6
      vertex 15.1368 -15.1368 33.2
      vertex 15.7675 -15.7675 21.6
    endloop
  endfacet
  facet normal 0 0 0
    outer loop
      vertex 5.2845 -6.43918 21.6
      vertex 5.41898 -5.41898 33.2
      vertex 4.86174 -5.92404 33.2
    endloop
  endfacet
  facet normal 0 0 0
    outer loop
      vertex 5.2845 -6.43918 21.6
      vertex 5.8902 -5.8902 21.6
      vertex 5.41898 -5.41898 33.2
    endloop
  endfacet
  facet normal 0 0 0
    outer loop
      vertex 4.86174 -5.92404 33.2
      vertex 13.63419 -16.61331 33.2
      vertex 15.1368 -15.1368 33.2
    endloop
  endfacet
  facet normal 0 0 0
    outer loop
      vertex 4.86174 -5.92404 33.2
      vertex 15.1368 -15.1368 33.2
      vertex 5.41898 -5.41898 33.2
    endloop
  endfacet
  facet normal 0 0 0
    outer loop
      vertex 5.2845 -6.43918 21.6
      vertex 15.7675 -15.7675 21.6
      vertex 14.20228 -17.30553 21.6
    endloop
  endfacet
  facet normal 0 0 0
    outer loop
      vertex 5.2845 -6.43918 21.6
      vertex 5.8902 -5.8902 21.6
      vertex 15.7675 -15.7675 21.6
    endloop
  endfacet
  facet normal 0 0 0
    outer loop
      vertex 15.7675 -15.7675 21.6
      vertex 15.1368 -15.1368 33.2
      vertex 16.57128 -13.5997 33.2
    endloop
  endfacet
  facet normal 0 0 0
    outer loop
      vertex 15.7675 -15.7675 21.6
      vertex 16.57128 -13.5997 33.2
      vertex 17.26175 -14.16636 21.6
    endloop
  endfacet
  facet normal 0 0 0
    outer loop
      vertex 5.8902 -5.8902 21.6
      vertex 5.92404 -4.86174 33.2
      vertex 5.41898 -5.41898 33.2
    endloop
  endfacet
  facet normal 0 0 0
    outer loop
      vertex 5.8902 -5.8902 21.6
      vertex 6.43918 -5.2845 21.6
      vertex 5.92404 -4.86174 33.2
    endloop
  endfacet
  facet normal 0 0 0
    outer loop
      vertex 5.41898 -5.41898 33.2
      vertex 15.1368 -15.1368 33.2
      vertex 16.57128 -13.5997 33.2
    endloop
  endfacet
  facet normal 0 0 0
    outer loop
      vertex 5.41898 -5.41898 33.2
      vertex 16.57128 -13.5997 33.2
      vertex 5.92404 -4.86174 33.2
    endloop
  endfacet
  facet normal 0 0 0
    outer loop
      vertex 5.8902 -5.8902 21.6
      vertex 17.26175 -14.16636 21.6
      vertex 15.7675 -15.7675 21.6
    endloop
  endfacet
  facet normal 0 0 0
    outer loop
      vertex 5.8902 -5.8902 21.6
      vertex 6.43918 -5.2845 21.6
      vertex 17.26175 -14.16636 21.6
    endloop
  endfacet
  facet normal 0 0 0
    outer loop
      vertex 17.26175 -14.16636 21.6
      vertex 16.57128 -13.5997 33.2
      vertex 17.9376 -11.98552 33.2
    endloop
  endfacet
  facet normal 0 0 0
    outer loop
      vertex 17.26175 -14.16636 21.6
      vertex 17.9376 -11.98552 33.2
      vertex 18.685 -12.48492 21.6
    endloop
  endfacet
  facet normal 0 0 0
    outer loop
      vertex 6.43918 -5.2845 21.6
      vertex 6.37205 -4.25767 33.2
      vertex 5.92404 -4.86174 33.2
    endloop
  endfacet
  facet normal 0 0 0
    outer loop
      vertex 6.43918 -5.2845 21.6
      vertex 6.92614 -4.6279 21.6
      vertex 6.37205 -4.25767 33.2
    endloop
  endfacet
  facet normal 0 0 0
    outer loop
      vertex 5.92404 -4.86174 33.2
      vertex 16.57128 -13.5997 33.2
      vertex 17.9376 -11.98552 33.2
    endloop
  endfacet
  facet normal 0 0 0
    outer loop
      vertex 5.92404 -4.86174 33.2
      vertex 17.9376 -11.98552 33.2
      vertex 6.37205 -4.25767 33.2
    endloop
  endfacet
  facet normal 0 0 0
    outer loop
      vertex 6.43918 -5.2845 21.6
      vertex 18.685 -12.48492 21.6
      vertex 17.26175 -14.16636 21.6
    endloop
  endfacet
  facet normal 0 0 0
    outer loop
      vertex 6.43918 -5.2845 21.6
      vertex 6.92614 -4.6279 21.6
      vertex 18.685 -12.48492 21.6
    endloop
  endfacet
  facet normal 0 0 0
    outer loop
      vertex 18.685 -12.48492 21.6
      vertex 17.9376 -11.98552 33.2
      vertex 19.19846 -10.26179 33.2
    endloop
  endfacet
  facet normal 0 0 0
    outer loop
      vertex 18.685 -12.48492 21.6
      vertex 19.19846 -10.26179 33.2
      vertex 19.9984 -10.68937 21.6
    endloop
  endfacet
  facet normal 0 0 0
    outer loop
      vertex 6.92614 -4.6279 21.6
      vertex 6.75869 -3.6126 33.2
      vertex 6.37205 -4.25767 33.2
    endloop
  endfacet
  facet normal 0 0 0
    outer loop
      vertex 6.92614 -4.6279 21.6
      vertex 7.3464 -3.92673 21.6
      vertex 6.75869 -3.6126 33.2
    endloop
  endfacet
  facet normal 0 0 0
    outer loop
      vertex 6.37205 -4.25767 33.2
      vertex 17.9376 -11.98552 33.2
      vertex 19.19846 -10.26179 33.2
    endloop
  endfacet
  facet normal 0 0 0
    outer loop
      vertex 6.37205 -4.25767 33.2
      vertex 19.19846 -10.26179 33.2
      vertex 6.75869 -3.6126 33.2
    endloop
  endfacet
  facet normal 0 0 0
    outer loop
      vertex 6.92614 -4.6279 21.6
      vertex 19.9984 -10.68937 21.6
      vertex 18.685 -12.48492 21.6
    endloop
  endfacet
  facet normal 0 0 0
    outer loop
      vertex 6.92614 -4.6279 21.6
      vertex 7.3464 -3.92673 21.6
      vertex 19.9984 -10.68937 21.6
    endloop
  endfacet
  facet normal 0 0 0
    outer loop
      vertex 19.9984 -10.68937 21.6
      vertex 19.19846 -10.26179 33.2
      vertex 20.2866 -8.40298 33.2
    endloop
  endfacet
  facet normal 0 0 0
    outer loop
      vertex 19.9984 -10.68937 21.6
      vertex 20.2866 -8.40298 33.2
      vertex 21.13187 -8.75311 21.6
    endloop
  endfacet
  facet normal 0 0 0
    outer loop
      vertex 7.3464 -3.92673 21.6
      vertex 7.08024 -2.93273 33.2
      vertex 6.75869 -3.6126 33.2
    endloop
  endfacet
  facet normal 0 0 0
    outer loop
      vertex 7.3464 -3.92673 21.6
      vertex 7.69592 -3.18775 21.6
      vertex 7.08024 -2.93273 33.2
    endloop
  endfacet
  facet normal 0 0 0
    outer loop
      vertex 6.75869 -3.6126 33.2
      vertex 19.19846 -10.26179 33.2
      vertex 20.2866 -8.40298 33.2
    endloop
  endfacet
  facet normal 0 0 0
    outer loop
      vertex 6.75869 -3.6126 33.2
      vertex 20.2866 -8.40298 33.2
      vertex 7.08024 -2.93273 33.2
    endloop
  endfacet
  facet normal 0 0 0
    outer loop
      vertex 7.3464 -3.92673 21.6
      vertex 21.13187 -8.75311 21.6
      vertex 19.9984 -10.68937 21.6
    endloop
  endfacet
  facet normal 0 0 0
    outer loop
      vertex 7.3464 -3.92673 21.6
      vertex 7.69592 -3.18775 21.6
      vertex 21.13187 -8.75311 21.6
    endloop
  endfacet
  facet normal 0 0 0
    outer loop
      vertex 21.13187 -8.75311 21.6
      vertex 20.2866 -8.40298 33.2
      vertex 24.38176 -7.39613 33.2
    endloop
  endfacet
  facet normal 0 0 0
    outer loop
      vertex 21.13187 -8.75311 21.6
      vertex 24.38176 -7.39613 33.2
      vertex 25.39767 -7.7043 21.6
    endloop
  endfacet
  facet normal 0 0 0
    outer loop
      vertex 7.69592 -3.18775 21.6
      vertex 7.33361 -2.22463 33.2
      vertex 7.08024 -2.93273 33.2
    endloop
  endfacet
  facet normal 0 0 0
    outer loop
      vertex 7.69592 -3.18775 21.6
      vertex 7.97131 -2.41807 21.6
      vertex 7.33361 -2.22463 33.2
    endloop
  endfacet
  facet normal 0 0 0
    outer loop
      vertex 7.08024 -2.93273 33.2
      vertex 20.2866 -8.40298 33.2
      vertex 24.38176 -7.39613 33.2
    endloop
  endfacet
  facet normal 0 0 0
    outer loop
      vertex 7.08024 -2.93273 33.2
      vertex 24.38176 -7.39613 33.2
      vertex 7.33361 -2.22463 33.2
    endloop
  endfacet
  facet normal 0 0 0
    outer loop
      vertex 7.69592 -3.18775 21.6
      vertex 25.39767 -7.7043 21.6
      vertex 21.13187 -8.75311 21.6
    endloop
  endfacet
  facet normal 0 0 0
    outer loop
      vertex 7.69592 -3.18775 21.6
      vertex 7.97131 -2.41807 21.6
      vertex 25.39767 -7.7043 21.6
    endloop
  endfacet
  facet normal 0 0 0
    outer loop
      vertex 25.39767 -7.7043 21.6
      vertex 24.38176 -7.39613 33.2
      vertex 24.99788 -4.97239 33.2
    endloop
  endfacet
  facet normal 0 0 0
    outer loop
      vertex 25.39767 -7.7043 21.6
      vertex 24.99788 -4.97239 33.2
      vertex 26.03945 -5.17957 21.6
    endloop
  endfacet
  facet normal 0 0 0
    outer loop
      vertex 7.97131 -2.41807 21.6
      vertex 7.51635 -1.49509 33.2
      vertex 7.33361 -2.22463 33.2
    endloop
  endfacet
  facet normal 0 0 0
    outer loop
      vertex 7.97131 -2.41807 21.6
      vertex 8.16994 -1.6251 21.6
      vertex 7.51635 -1.49509 33.2
    endloop
  endfacet
  facet normal 0 0 0
    outer loop
      vertex 7.33361 -2.22463 33.2
      vertex 24.38176 -7.39613 33.2
      vertex 24.99788 -4.97239 33.2
    endloop
  endfacet
  facet normal 0 0 0
    outer loop
      vertex 7.33361 -2.22463 33.2
      vertex 24.99788 -4.97239 33.2
      vertex 7.51635 -1.49509 33.2
    endloop
  endfacet
  facet normal 0 0 0
    outer loop
      vertex 7.97131 -2.41807 21.6
      vertex 26.03945 -5.17957 21.6
      vertex 25.39767 -7.7043 21.6
    endloop
  endfacet
  facet normal 0 0 0
    outer loop
      vertex 7.97131 -2.41807 21.6
      vertex 8.16994 -1.6251 21.6
      vertex 26.03945 -5.17957 21.6
    endloop
  endfacet
  facet normal 0 0 0
    outer loop
      vertex 26.03945 -5.17957 21.6
      vertex 24.99788 -4.97239 33.2
      vertex 25.26092 -2.48798 33.2
    endloop
  endfacet
  facet normal 0 0 0
    outer loop
      vertex 26.03945 -5.17957 21.6
      vertex 25.26092 -2.48798 33.2
      vertex 26.31346 -2.59165 21.6
    endloop
  endfacet
  facet normal 0 0 0
    outer loop
      vertex 8.16994 -1.6251 21.6
      vertex 7.6267 -0.75116 33.2
      vertex 7.51635 -1.49509 33.2
    endloop
  endfacet
  facet normal 0 0 0
    outer loop
      vertex 8.16994 -1.6251 21.6
      vertex 8.28989 -0.81648 21.6
      vertex 7.6267 -0.75116 33.2
    endloop
  endfacet
  facet normal 0 0 0
    outer loop
      vertex 7.51635 -1.49509 33.2
      vertex 24.99788 -4.97239 33.2
      vertex 25.26092 -2.48798 33.2
    endloop
  endfacet
  facet normal 0 0 0
    outer loop
      vertex 7.51635 -1.49509 33.2
      vertex 25.26092 -2.48798 33.2
      vertex 7.6267 -0.75116 33.2
    endloop
  endfacet
  facet normal 0 0 0
    outer loop
      vertex 8.16994 -1.6251 21.6
      vertex 26.31346 -2.59165 21.6
      vertex 26.03945 -5.17957 21.6
    endloop
  endfacet
  facet normal 0 0 0
    outer loop
      vertex 8.16994 -1.6251 21.6
      vertex 8.28989 -0.81648 21.6
      vertex 26.31346 -2.59165 21.6
    endloop
  endfacet
  facet normal 0 0 0
    outer loop
      vertex 26.31346 -2.59165 21.6
      vertex 25.26092 -2.48798 33.2
      vertex 25.20069 0 33.2
    endloop
  endfacet
  facet normal 0 0 0
    outer loop
      vertex 26.31346 -2.59165 21.6
      vertex 25.20069 0 33.2
      vertex 26.25072 0 21.6
    endloop
  endfacet
  facet normal 0 0 0
    outer loop
      vertex 8.28989 -0.81648 21.6
      vertex 7.6636 0 33.2
      vertex 7.6267 -0.75116 33.2
    endloop
  endfacet
  facet normal 0 0 0
    outer loop
      vertex 8.28989 -0.81648 21.6
      vertex 8.33 0 21.6
      vertex 7.6636 0 33.2
    endloop
  endfacet
  facet normal 0 0 0
    outer loop
      vertex 7.6267 -0.75116 33.2
      vertex 25.26092 -2.48798 33.2
      vertex 25.20069 0 33.2
    endloop
  endfacet
  facet normal 0 0 0
    outer loop
      vertex 7.6267 -0.75116 33.2
      vertex 25.20069 0 33.2
      vertex 7.6636 0 33.2
    endloop
  endfacet
  facet normal 0 0 0
    outer loop
      vertex 8.28989 -0.81648 21.6
      vertex 26.25072 0 21.6
      vertex 26.31346 -2.59165 21.6
    endloop
  endfacet
  facet normal 0 0 0
    outer loop
      vertex 8.28989 -0.81648 21.6
      vertex 8.33 0 21.6
      vertex 26.25072 0 21.6
    endloop
  endfacet
  facet normal 0 0 0
    outer loop
      vertex 30.63667 0 24.8
      vertex 29.4112 0 30.8
      vertex 28.9379 2.85013 30.8
    endloop
  endfacet
  facet normal 0 0 0
    outer loop
      vertex 30.63667 0 24.8
      vertex 28.9379 2.85013 30.8
      vertex 30.14364 2.96889 24.8
    endloop
  endfacet
  facet normal 0 0 0
    outer loop
      vertex 10.29 0 24.8
      vertex 9.42121 0.92791 30.8
      vertex 9.4668 0 30.8
    endloop
  endfacet
  facet normal 0 0 0
    outer loop
      vertex 10.29 0 24.8
      vertex 10.24045 1.0086 24.8
      vertex 9.42121 0.92791 30.8
    endloop
  endfacet
  facet normal 0 0 0
    outer loop
      vertex 9.4668 0 30.8
      vertex 29.4112 0 30.8
      vertex 28.9379 2.85013 30.8
    endloop
  endfacet
  facet normal 0 0 0
    outer loop
      vertex 9.4668 0 30.8
      vertex 28.9379 2.85013 30.8
      vertex 9.42121 0.92791 30.8
    endloop
  endfacet
  facet normal 0 0 0
    outer loop
      vertex 10.29 0 24.8
      vertex 30.14364 2.96889 24.8
      vertex 30.63667 0 24.8
    endloop
  endfacet
  facet normal 0 0 0
    outer loop
      vertex 10.29 0 24.8
      vertex 10.24045 1.0086 24.8
      vertex 30.14364 2.96889 24.8
    endloop
  endfacet
  facet normal 0 0 0
    outer loop
      vertex 30.14364 2.96889 24.8
      vertex 28.9379 2.85013 30.8
      vertex 28.27539 5.62432 30.8
    endloop
  endfacet
  facet normal 0 0 0
    outer loop
      vertex 30.14364 2.96889 24.8
      vertex 28.27539 5.62432 30.8
      vertex 29.45353 5.85867 24.8
    endloop
  endfacet
  facet normal 0 0 0
    outer loop
      vertex 10.24045 1.0086 24.8
      vertex 9.2849 1.84688 30.8
      vertex 9.42121 0.92791 30.8
    endloop
  endfacet
  facet normal 0 0 0
    outer loop
      vertex 10.24045 1.0086 24.8
      vertex 10.09228 2.00748 24.8
      vertex 9.2849 1.84688 30.8
    endloop
  endfacet
  facet normal 0 0 0
    outer loop
      vertex 9.42121 0.92791 30.8
      vertex 28.9379 2.85013 30.8
      vertex 28.27539 5.62432 30.8
    endloop
  endfacet
  facet normal 0 0 0
    outer loop
      vertex 9.42121 0.92791 30.8
      vertex 28.27539 5.62432 30.8
      vertex 9.2849 1.84688 30.8
    endloop
  endfacet
  facet normal 0 0 0
    outer loop
      vertex 10.24045 1.0086 24.8
      vertex 29.45353 5.85867 24.8
      vertex 30.14364 2.96889 24.8
    endloop
  endfacet
  facet normal 0 0 0
    outer loop
      vertex 10.24045 1.0086 24.8
      vertex 10.09228 2.00748 24.8
      vertex 29.45353 5.85867 24.8
    endloop
  endfacet
  facet normal 0 0 0
    outer loop
      vertex 29.45353 5.85867 24.8
      vertex 28.27539 5.62432 30.8
      vertex 27.51132 8.34547 30.8
    endloop
  endfacet
  facet normal 0 0 0
    outer loop
      vertex 29.45353 5.85867 24.8
      vertex 27.51132 8.34547 30.8
      vertex 28.65763 8.6932 24.8
    endloop
  endfacet
  facet normal 0 0 0
    outer loop
      vertex 10.09228 2.00748 24.8
      vertex 9.05916 2.74807 30.8
      vertex 9.2849 1.84688 30.8
    endloop
  endfacet
  facet normal 0 0 0
    outer loop
      vertex 10.09228 2.00748 24.8
      vertex 9.84692 2.98703 24.8
      vertex 9.05916 2.74807 30.8
    endloop
  endfacet
  facet normal 0 0 0
    outer loop
      vertex 9.2849 1.84688 30.8
      vertex 28.27539 5.62432 30.8
      vertex 27.51132 8.34547 30.8
    endloop
  endfacet
  facet normal 0 0 0
    outer loop
      vertex 9.2849 1.84688 30.8
      vertex 27.51132 8.34547 30.8
      vertex 9.05916 2.74807 30.8
    endloop
  endfacet
  facet normal 0 0 0
    outer loop
      vertex 10.09228 2.00748 24.8
      vertex 28.65763 8.6932 24.8
      vertex 29.45353 5.85867 24.8
    endloop
  endfacet
  facet normal 0 0 0
    outer loop
      vertex 10.09228 2.00748 24.8
      vertex 9.84692 2.98703 24.8
      vertex 28.65763 8.6932 24.8
    endloop
  endfacet
  facet normal 0 0 0
    outer loop
      vertex 28.65763 8.6932 24.8
      vertex 27.51132 8.34547 30.8
      vertex 21.40248 8.8652 30.8
    endloop
  endfacet
  facet normal 0 0 0
    outer loop
      vertex 28.65763 8.6932 24.8
      vertex 21.40248 8.8652 30.8
      vertex 22.29425 9.23458 24.8
    endloop
  endfacet
  facet normal 0 0 0
    outer loop
      vertex 9.84692 2.98703 24.8
      vertex 8.74618 3.62279 30.8
      vertex 9.05916 2.74807 30.8
    endloop
  endfacet
  facet normal 0 0 0
    outer loop
      vertex 9.84692 2.98703 24.8
      vertex 9.50672 3.93781 24.8
      vertex 8.74618 3.62279 30.8
    endloop
  endfacet
  facet normal 0 0 0
    outer loop
      vertex 9.05916 2.74807 30.8
      vertex 27.51132 8.34547 30.8
      vertex 21.40248 8.8652 30.8
    endloop
  endfacet
  facet normal 0 0 0
    outer loop
      vertex 9.05916 2.74807 30.8
      vertex 21.40248 8.8652 30.8
      vertex 8.74618 3.62279 30.8
    endloop
  endfacet
  facet normal 0 0 0
    outer loop
      vertex 9.84692 2.98703 24.8
      vertex 22.29425 9.23458 24.8
      vertex 28.65763 8.6932 24.8
    endloop
  endfacet
  facet normal 0 0 0
    outer loop
      vertex 9.84692 2.98703 24.8
      vertex 9.50672 3.93781 24.8
      vertex 22.29425 9.23458 24.8
    endloop
  endfacet
  facet normal 0 0 0
    outer loop
      vertex 22.29425 9.23458 24.8
      vertex 21.40248 8.8652 30.8
      vertex 20.67036 11.04854 30.8
    endloop
  endfacet
  facet normal 0 0 0
    outer loop
      vertex 22.29425 9.23458 24.8
      vertex 20.67036 11.04854 30.8
      vertex 21.53162 11.50889 24.8
    endloop
  endfacet
  facet normal 0 0 0
    outer loop
      vertex 9.50672 3.93781 24.8
      vertex 8.34897 4.46262 30.8
      vertex 8.74618 3.62279 30.8
    endloop
  endfacet
  facet normal 0 0 0
    outer loop
      vertex 9.50672 3.93781 24.8
      vertex 9.07497 4.85067 24.8
      vertex 8.34897 4.46262 30.8
    endloop
  endfacet
  facet normal 0 0 0
    outer loop
      vertex 8.74618 3.62279 30.8
      vertex 21.40248 8.8652 30.8
      vertex 20.67036 11.04854 30.8
    endloop
  endfacet
  facet normal 0 0 0
    outer loop
      vertex 8.74618 3.62279 30.8
      vertex 20.67036 11.04854 30.8
      vertex 8.34897 4.46262 30.8
    endloop
  endfacet
  facet normal 0 0 0
    outer loop
      vertex 9.50672 3.93781 24.8
      vertex 21.53162 11.50889 24.8
      vertex 22.29425 9.23458 24.8
    endloop
  endfacet
  facet normal 0 0 0
    outer loop
      vertex 9.50672 3.93781 24.8
      vertex 9.07497 4.85067 24.8
      vertex 21.53162 11.50889 24.8
    endloop
  endfacet
  facet normal 0 0 0
    outer loop
      vertex 21.53162 11.50889 24.8
      vertex 20.67036 11.04854 30.8
      vertex 19.768 13.20856 30.8
    endloop
  endfacet
  facet normal 0 0 0
    outer loop
      vertex 21.53162 11.50889 24.8
      vertex 19.768 13.20856 30.8
      vertex 20.59167 13.75892 24.8
    endloop
  endfacet
  facet normal 0 0 0
    outer loop
      vertex 9.07497 4.85067 24.8
      vertex 7.87136 5.25947 30.8
      vertex 8.34897 4.46262 30.8
    endloop
  endfacet
  facet normal 0 0 0
    outer loop
      vertex 9.07497 4.85067 24.8
      vertex 8.55582 5.71682 24.8
      vertex 7.87136 5.25947 30.8
    endloop
  endfacet
  facet normal 0 0 0
    outer loop
      vertex 8.34897 4.46262 30.8
      vertex 20.67036 11.04854 30.8
      vertex 19.768 13.20856 30.8
    endloop
  endfacet
  facet normal 0 0 0
    outer loop
      vertex 8.34897 4.46262 30.8
      vertex 19.768 13.20856 30.8
      vertex 7.87136 5.25947 30.8
    endloop
  endfacet
  facet normal 0 0 0
    outer loop
      vertex 9.07497 4.85067 24.8
      vertex 20.59167 13.75892 24.8
      vertex 21.53162 11.50889 24.8
    endloop
  endfacet
  facet normal 0 0 0
    outer loop
      vertex 9.07497 4.85067 24.8
      vertex 8.55582 5.71682 24.8
      vertex 20.59167 13.75892 24.8
    endloop
  endfacet
  facet normal 0 0 0
    outer loop
      vertex 20.59167 13.75892 24.8
      vertex 19.768 13.20856 30.8
      vertex 18.60098 15.26543 30.8
    endloop
  endfacet
  facet normal 0 0 0
    outer loop
      vertex 20.59167 13.75892 24.8
      vertex 18.60098 15.26543 30.8
      vertex 19.37602 15.90149 24.8
    endloop
  endfacet
  facet normal 0 0 0
    outer loop
      vertex 8.55582 5.71682 24.8
      vertex 7.31794 6.00567 30.8
      vertex 7.87136 5.25947 30.8
    endloop
  endfacet
  facet normal 0 0 0
    outer loop
      vertex 8.55582 5.71682 24.8
      vertex 7.95428 6.52791 24.8
      vertex 7.31794 6.00567 30.8
    endloop
  endfacet
  facet normal 0 0 0
    outer loop
      vertex 7.87136 5.25947 30.8
      vertex 19.768 13.20856 30.8
      vertex 18.60098 15.26543 30.8
    endloop
  endfacet
  facet normal 0 0 0
    outer loop
      vertex 7.87136 5.25947 30.8
      vertex 18.60098 15.26543 30.8
      vertex 7.31794 6.00567 30.8
    endloop
  endfacet
  facet normal 0 0 0
    outer loop
      vertex 8.55582 5.71682 24.8
      vertex 19.37602 15.90149 24.8
      vertex 20.59167 13.75892 24.8
    endloop
  endfacet
  facet normal 0 0 0
    outer loop
      vertex 8.55582 5.71682 24.8
      vertex 7.95428 6.52791 24.8
      vertex 19.37602 15.90149 24.8
    endloop
  endfacet
  facet normal 0 0 0
    outer loop
      vertex 19.37602 15.90149 24.8
      vertex 18.60098 15.26543 30.8
      vertex 17.11586 17.11586 30.8
    endloop
  endfacet
  facet normal 0 0 0
    outer loop
      vertex 19.37602 15.90149 24.8
      vertex 17.11586 17.11586 30.8
      vertex 17.82902 17.82902 24.8
    endloop
  endfacet
  facet normal 0 0 0
    outer loop
      vertex 7.95428 6.52791 24.8
      vertex 6.69404 6.69404 30.8
      vertex 7.31794 6.00567 30.8
    endloop
  endfacet
  facet normal 0 0 0
    outer loop
      vertex 7.95428 6.52791 24.8
      vertex 7.27613 7.27613 24.8
      vertex 6.69404 6.69404 30.8
    endloop
  endfacet
  facet normal 0 0 0
    outer loop
      vertex 7.31794 6.00567 30.8
      vertex 18.60098 15.26543 30.8
      vertex 17.11586 17.11586 30.8
    endloop
  endfacet
  facet normal 0 0 0
    outer loop
      vertex 7.31794 6.00567 30.8
      vertex 17.11586 17.11586 30.8
      vertex 6.69404 6.69404 30.8
    endloop
  endfacet
  facet normal 0 0 0
    outer loop
      vertex 7.95428 6.52791 24.8
      vertex 17.82902 17.82902 24.8
      vertex 19.37602 15.90149 24.8
    endloop
  endfacet
  facet normal 0 0 0
    outer loop
      vertex 7.95428 6.52791 24.8
      vertex 7.27613 7.27613 24.8
      vertex 17.82902 17.82902 24.8
    endloop
  endfacet
  facet normal 0 0 0
    outer loop
      vertex 17.82902 17.82902 24.8
      vertex 17.11586 17.11586 30.8
      vertex 15.32321 18.67138 30.8
    endloop
  endfacet
  facet normal 0 0 0
    outer loop
      vertex 17.82902 17.82902 24.8
      vertex 15.32321 18.67138 30.8
      vertex 15.96168 19.44936 24.8
    endloop
  endfacet
  facet normal 0 0 0
    outer loop
      vertex 7.27613 7.27613 24.8
      vertex 6.00567 7.31794 30.8
      vertex 6.69404 6.69404 30.8
    endloop
  endfacet
  facet normal 0 0 0
    outer loop
      vertex 7.27613 7.27613 24.8
      vertex 6.52791 7.95428 24.8
      vertex 6.00567 7.31794 30.8
    endloop
  endfacet
  facet normal 0 0 0
    outer loop
      vertex 6.69404 6.69404 30.8
      vertex 17.11586 17.11586 30.8
      vertex 15.32321 18.67138 30.8
    endloop
  endfacet
  facet normal 0 0 0
    outer loop
      vertex 6.69404 6.69404 30.8
      vertex 15.32321 18.67138 30.8
      vertex 6.00567 7.31794 30.8
    endloop
  endfacet
  facet normal 0 0 0
    outer loop
      vertex 7.27613 7.27613 24.8
      vertex 15.96168 19.44936 24.8
      vertex 17.82902 17.82902 24.8
    endloop
  endfacet
  facet normal 0 0 0
    outer loop
      vertex 7.27613 7.27613 24.8
      vertex 6.52791 7.95428 24.8
      vertex 15.96168 19.44936 24.8
    endloop
  endfacet
  facet normal 0 0 0
    outer loop
      vertex 15.96168 19.44936 24.8
      vertex 15.32321 18.67138 30.8
      vertex 13.29271 19.89394 30.8
    endloop
  endfacet
  facet normal 0 0 0
    outer loop
      vertex 15.96168 19.44936 24.8
      vertex 13.29271 19.89394 30.8
      vertex 13.84657 20.72285 24.8
    endloop
  endfacet
  facet normal 0 0 0
    outer loop
      vertex 6.52791 7.95428 24.8
      vertex 5.25947 7.87136 30.8
      vertex 6.00567 7.31794 30.8
    endloop
  endfacet
  facet normal 0 0 0
    outer loop
      vertex 6.52791 7.95428 24.8
      vertex 5.71682 8.55582 24.8
      vertex 5.25947 7.87136 30.8
    endloop
  endfacet
  facet normal 0 0 0
    outer loop
      vertex 6.00567 7.31794 30.8
      vertex 15.32321 18.67138 30.8
      vertex 13.29271 19.89394 30.8
    endloop
  endfacet
  facet normal 0 0 0
    outer loop
      vertex 6.00567 7.31794 30.8
      vertex 13.29271 19.89394 30.8
      vertex 5.25947 7.87136 30.8
    endloop
  endfacet
  facet normal 0 0 0
    outer loop
      vertex 6.52791 7.95428 24.8
      vertex 13.84657 20.72285 24.8
      vertex 15.96168 19.44936 24.8
    endloop
  endfacet
  facet normal 0 0 0
    outer loop
      vertex 6.52791 7.95428 24.8
      vertex 5.71682 8.55582 24.8
      vertex 13.84657 20.72285 24.8
    endloop
  endfacet
  facet normal 0 0 0
    outer loop
      vertex 13.84657 20.72285 24.8
      vertex 13.29271 19.89394 30.8
      vertex 11.12433 20.81216 30.8
    endloop
  endfacet
  facet normal 0 0 0
    outer loop
      vertex 13.84657 20.72285 24.8
      vertex 11.12433 20.81216 30.8
      vertex 11.58785 21.67933 24.8
    endloop
  endfacet
  facet normal 0 0 0
    outer loop
      vertex 5.71682 8.55582 24.8
      vertex 4.46262 8.34897 30.8
      vertex 5.25947 7.87136 30.8
    endloop
  endfacet
  facet normal 0 0 0
    outer loop
      vertex 5.71682 8.55582 24.8
      vertex 4.85067 9.07497 24.8
      vertex 4.46262 8.34897 30.8
    endloop
  endfacet
  facet normal 0 0 0
    outer loop
      vertex 5.25947 7.87136 30.8
      vertex 13.29271 19.89394 30.8
      vertex 11.12433 20.81216 30.8
    endloop
  endfacet
  facet normal 0 0 0
    outer loop
      vertex 5.25947 7.87136 30.8
      vertex 11.12433 20.81216 30.8
      vertex 4.46262 8.34897 30.8
    endloop
  endfacet
  facet normal 0 0 0
    outer loop
      vertex 5.71682 8.55582 24.8
      vertex 11.58785 21.67933 24.8
      vertex 13.84657 20.72285 24.8
    endloop
  endfacet
  facet normal 0 0 0
    outer loop
      vertex 5.71682 8.55582 24.8
      vertex 4.85067 9.07497 24.8
      vertex 11.58785 21.67933 24.8
    endloop
  endfacet
  facet normal 0 0 0
    outer loop
      vertex 11.58785 21.67933 24.8
      vertex 11.12433 20.81216 30.8
      vertex 8.90956 21.50958 30.8
    endloop
  endfacet
  facet normal 0 0 0
    outer loop
      vertex 11.58785 21.67933 24.8
      vertex 8.90956 21.50958 30.8
      vertex 9.28079 22.40581 24.8
    endloop
  endfacet
  facet normal 0 0 0
    outer loop
      vertex 4.85067 9.07497 24.8
      vertex 3.62279 8.74618 30.8
      vertex 4.46262 8.34897 30.8
    endloop
  endfacet
  facet normal 0 0 0
    outer loop
      vertex 4.85067 9.07497 24.8
      vertex 3.93781 9.50672 24.8
      vertex 3.62279 8.74618 30.8
    endloop
  endfacet
  facet normal 0 0 0
    outer loop
      vertex 4.46262 8.34897 30.8
      vertex 11.12433 20.81216 30.8
      vertex 8.90956 21.50958 30.8
    endloop
  endfacet
  facet normal 0 0 0
    outer loop
      vertex 4.46262 8.34897 30.8
      vertex 8.90956 21.50958 30.8
      vertex 3.62279 8.74618 30.8
    endloop
  endfacet
  facet normal 0 0 0
    outer loop
      vertex 4.85067 9.07497 24.8
      vertex 9.28079 22.40581 24.8
      vertex 11.58785 21.67933 24.8
    endloop
  endfacet
  facet normal 0 0 0
    outer loop
      vertex 4.85067 9.07497 24.8
      vertex 3.93781 9.50672 24.8
      vertex 9.28079 22.40581 24.8
    endloop
  endfacet
  facet normal 0 0 0
    outer loop
      vertex 9.28079 22.40581 24.8
      vertex 8.90956 21.50958 30.8
      vertex 6.70048 22.08853 30.8
    endloop
  endfacet
  facet normal 0 0 0
    outer loop
      vertex 9.28079 22.40581 24.8
      vertex 6.70048 22.08853 30.8
      vertex 6.97967 23.00889 24.8
    endloop
  endfacet
  facet normal 0 0 0
    outer loop
      vertex 3.93781 9.50672 24.8
      vertex 2.74807 9.05916 30.8
      vertex 3.62279 8.74618 30.8
    endloop
  endfacet
  facet normal 0 0 0
    outer loop
      vertex 3.93781 9.50672 24.8
      vertex 2.98703 9.84692 24.8
      vertex 2.74807 9.05916 30.8
    endloop
  endfacet
  facet normal 0 0 0
    outer loop
      vertex 3.62279 8.74618 30.8
      vertex 8.90956 21.50958 30.8
      vertex 6.70048 22.08853 30.8
    endloop
  endfacet
  facet normal 0 0 0
    outer loop
      vertex 3.62279 8.74618 30.8
      vertex 6.70048 22.08853 30.8
      vertex 2.74807 9.05916 30.8
    endloop
  endfacet
  facet normal 0 0 0
    outer loop
      vertex 3.93781 9.50672 24.8
      vertex 6.97967 23.00889 24.8
      vertex 9.28079 22.40581 24.8
    endloop
  endfacet
  facet normal 0 0 0
    outer loop
      vertex 3.93781 9.50672 24.8
      vertex 2.98703 9.84692 24.8
      vertex 6.97967 23.00889 24.8
    endloop
  endfacet
  facet normal 0 0 0
    outer loop
      vertex 6.97967 23.00889 24.8
      vertex 6.70048 22.08853 30.8
      vertex 4.50031 22.62457 30.8
    endloop
  endfacet
  facet normal 0 0 0
    outer loop
      vertex 6.97967 23.00889 24.8
      vertex 4.50031 22.62457 30.8
      vertex 4.68782 23.56727 24.8
    endloop
  endfacet
  facet normal 0 0 0
    outer loop
      vertex 2.98703 9.84692 24.8
      vertex 1.84688 9.2849 30.8
      vertex 2.74807 9.05916 30.8
    endloop
  endfacet
  facet normal 0 0 0
    outer loop
      vertex 2.98703 9.84692 24.8
      vertex 2.00748 10.09228 24.8
      vertex 1.84688 9.2849 30.8
    endloop
  endfacet
  facet normal 0 0 0
    outer loop
      vertex 2.74807 9.05916 30.8
      vertex 6.70048 22.08853 30.8
      vertex 4.50031 22.62457 30.8
    endloop
  endfacet
  facet normal 0 0 0
    outer loop
      vertex 2.74807 9.05916 30.8
      vertex 4.50031 22.62457 30.8
      vertex 1.84688 9.2849 30.8
    endloop
  endfacet
  facet normal 0 0 0
    outer loop
      vertex 2.98703 9.84692 24.8
      vertex 4.68782 23.56727 24.8
      vertex 6.97967 23.00889 24.8
    endloop
  endfacet
  facet normal 0 0 0
    outer loop
      vertex 2.98703 9.84692 24.8
      vertex 2.00748 10.09228 24.8
      vertex 4.68782 23.56727 24.8
    endloop
  endfacet
  facet normal 0 0 0
    outer loop
      vertex 4.68782 23.56727 24.8
      vertex 4.50031 22.62457 30.8
      vertex 2.27819 23.1309 30.8
    endloop
  endfacet
  facet normal 0 0 0
    outer loop
      vertex 4.68782 23.56727 24.8
      vertex 2.27819 23.1309 30.8
      vertex 2.37312 24.09469 24.8
    endloop
  endfacet
  facet normal 0 0 0
    outer loop
      vertex 2.00748 10.09228 24.8
      vertex 0.92791 9.42121 30.8
      vertex 1.84688 9.2849 30.8
    endloop
  endfacet
  facet normal 0 0 0
    outer loop
      vertex 2.00748 10.09228 24.8
      vertex 1.0086 10.24045 24.8
      vertex 0.92791 9.42121 30.8
    endloop
  endfacet
  facet normal 0 0 0
    outer loop
      vertex 1.84688 9.2849 30.8
      vertex 4.50031 22.62457 30.8
      vertex 2.27819 23.1309 30.8
    endloop
  endfacet
  facet normal 0 0 0
    outer loop
      vertex 1.84688 9.2849 30.8
      vertex 2.27819 23.1309 30.8
      vertex 0.92791 9.42121 30.8
    endloop
  endfacet
  facet normal 0 0 0
    outer loop
      vertex 2.00748 10.09228 24.8
      vertex 2.37312 24.09469 24.8
      vertex 4.68782 23.56727 24.8
    endloop
  endfacet
  facet normal 0 0 0
    outer loop
      vertex 2.00748 10.09228 24.8
      vertex 1.0086 10.24045 24.8
      vertex 2.37312 24.09469 24.8
    endloop
  endfacet
  facet normal 0 0 0
    outer loop
      vertex 2.37312 24.09469 24.8
      vertex 2.27819 23.1309 30.8
      vertex 0 23.54848 30.8
    endloop
  endfacet
  facet normal 0 0 0
    outer loop
      vertex 2.37312 24.09469 24.8
      vertex 0 23.54848 30.8
      vertex 0 24.52967 24.8
    endloop
  endfacet
  facet normal 0 0 0
    outer loop
      vertex 1.0086 10.24045 24.8
      vertex 0 9.4668 30.8
      vertex 0.92791 9.42121 30.8
    endloop
  endfacet
  facet normal 0 0 0
    outer loop
      vertex 1.0086 10.24045 24.8
      vertex 0 10.29 24.8
      vertex 0 9.4668 30.8
    endloop
  endfacet
  facet normal 0 0 0
    outer loop
      vertex 0.92791 9.42121 30.8
      vertex 2.27819 23.1309 30.8
      vertex 0 23.54848 30.8
    endloop
  endfacet
  facet normal 0 0 0
    outer loop
      vertex 0.92791 9.42121 30.8
      vertex 0 23.54848 30.8
      vertex 0 9.4668 30.8
    endloop
  endfacet
  facet normal 0 0 0
    outer loop
      vertex 1.0086 10.24045 24.8
      vertex 0 24.52967 24.8
      vertex 2.37312 24.09469 24.8
    endloop
  endfacet
  facet normal 0 0 0
    outer loop
      vertex 1.0086 10.24045 24.8
      vertex 0 10.29 24.8
      vertex 0 24.52967 24.8
    endloop
  endfacet
  facet normal 0 0 0
    outer loop
      vertex 0 24.52967 24.8
      vertex 0 23.54848 30.8
      vertex -2.34082 23.76677 30.8
    endloop
  endfacet
  facet normal 0 0 0
    outer loop
      vertex 0 24.52967 24.8
      vertex -2.34082 23.76677 30.8
      vertex -2.43836 24.75705 24.8
    endloop
  endfacet
  facet normal 0 0 0
    outer loop
      vertex 0 10.29 24.8
      vertex -0.92791 9.42121 30.8
      vertex 0 9.4668 30.8
    endloop
  endfacet
  facet normal 0 0 0
    outer loop
      vertex 0 10.29 24.8
      vertex -1.0086 10.24045 24.8
      vertex -0.92791 9.42121 30.8
    endloop
  endfacet
  facet normal 0 0 0
    outer loop
      vertex 0 9.4668 30.8
      vertex 0 23.54848 30.8
      vertex -2.34082 23.76677 30.8
    endloop
  endfacet
  facet normal 0 0 0
    outer loop
      vertex 0 9.4668 30.8
      vertex -2.34082 23.76677 30.8
      vertex -0.92791 9.42121 30.8
    endloop
  endfacet
  facet normal 0 0 0
    outer loop
      vertex 0 10.29 24.8
      vertex -2.43836 24.75705 24.8
      vertex 0 24.52967 24.8
    endloop
  endfacet
  facet normal 0 0 0
    outer loop
      vertex 0 10.29 24.8
      vertex -1.0086 10.24045 24.8
      vertex -2.43836 24.75705 24.8
    endloop
  endfacet
  facet normal 0 0 0
    outer loop
      vertex -2.43836 24.75705 24.8
      vertex -2.34082 23.76677 30.8
      vertex -5.81937 29.25597 30.8
    endloop
  endfacet
  facet normal 0 0 0
    outer loop
      vertex -2.43836 24.75705 24.8
      vertex -5.81937 29.25597 30.8
      vertex -6.06185 30.47497 24.8
    endloop
  endfacet
  facet normal 0 0 0
    outer loop
      vertex -1.0086 10.24045 24.8
      vertex -1.84688 9.2849 30.8
      vertex -0.92791 9.42121 30.8
    endloop
  endfacet
  facet normal 0 0 0
    outer loop
      vertex -1.0086 10.24045 24.8
      vertex -2.00748 10.09228 24.8
      vertex -1.84688 9.2849 30.8
    endloop
  endfacet
  facet normal 0 0 0
    outer loop
      vertex -0.92791 9.42121 30.8
      vertex -2.34082 23.76677 30.8
      vertex -5.81937 29.25597 30.8
    endloop
  endfacet
  facet normal 0 0 0
    outer loop
      vertex -0.92791 9.42121 30.8
      vertex -5.81937 29.25597 30.8
      vertex -1.84688 9.2849 30.8
    endloop
  endfacet
  facet normal 0 0 0
    outer loop
      vertex -1.0086 10.24045 24.8
      vertex -6.06185 30.47497 24.8
      vertex -2.43836 24.75705 24.8
    endloop
  endfacet
  facet normal 0 0 0
    outer loop
      vertex -1.0086 10.24045 24.8
      vertex -2.00748 10.09228 24.8
      vertex -6.06185 30.47497 24.8
    endloop
  endfacet
  facet normal 0 0 0
    outer loop
      vertex -6.06185 30.47497 24.8
      vertex -5.81937 29.25597 30.8
      vertex -8.68219 28.62133 30.8
    endloop
  endfacet
  facet normal 0 0 0
    outer loop
      vertex -6.06185 30.47497 24.8
      vertex -8.68219 28.62133 30.8
      vertex -9.04394 29.81389 24.8
    endloop
  endfacet
  facet normal 0 0 0
    outer loop
      vertex -2.00748 10.09228 24.8
      vertex -2.74807 9.05916 30.8
      vertex -1.84688 9.2849 30.8
    endloop
  endfacet
  facet normal 0 0 0
    outer loop
      vertex -2.00748 10.09228 24.8
      vertex -2.98703 9.84692 24.8
      vertex -2.74807 9.05916 30.8
    endloop
  endfacet
  facet normal 0 0 0
    outer loop
      vertex -1.84688 9.2849 30.8
      vertex -5.81937 29.25597 30.8
      vertex -8.68219 28.62133 30.8
    endloop
  endfacet
  facet normal 0 0 0
    outer loop
      vertex -1.84688 9.2849 30.8
      vertex -8.68219 28.62133 30.8
      vertex -2.74807 9.05916 30.8
    endloop
  endfacet
  facet normal 0 0 0
    outer loop
      vertex -2.00748 10.09228 24.8
      vertex -9.04394 29.81389 24.8
      vertex -6.06185 30.47497 24.8
    endloop
  endfacet
  facet normal 0 0 0
    outer loop
      vertex -2.00748 10.09228 24.8
      vertex -2.98703 9.84692 24.8
      vertex -9.04394 29.81389 24.8
    endloop
  endfacet
  facet normal 0 0 0
    outer loop
      vertex -9.04394 29.81389 24.8
      vertex -8.68219 28.62133 30.8
      vertex -11.4016 27.52589 30.8
    endloop
  endfacet
  facet normal 0 0 0
    outer loop
      vertex -9.04394 29.81389 24.8
      vertex -11.4016 27.52589 30.8
      vertex -11.87666 28.6728 24.8
    endloop
  endfacet
  facet normal 0 0 0
    outer loop
      vertex -2.98703 9.84692 24.8
      vertex -3.62279 8.74618 30.8
      vertex -2.74807 9.05916 30.8
    endloop
  endfacet
  facet normal 0 0 0
    outer loop
      vertex -2.98703 9.84692 24.8
      vertex -3.93781 9.50672 24.8
      vertex -3.62279 8.74618 30.8
    endloop
  endfacet
  facet normal 0 0 0
    outer loop
      vertex -2.74807 9.05916 30.8
      vertex -8.68219 28.62133 30.8
      vertex -11.4016 27.52589 30.8
    endloop
  endfacet
  facet normal 0 0 0
    outer loop
      vertex -2.74807 9.05916 30.8
      vertex -11.4016 27.52589 30.8
      vertex -3.62279 8.74618 30.8
    endloop
  endfacet
  facet normal 0 0 0
    outer loop
      vertex -2.98703 9.84692 24.8
      vertex -11.87666 28.6728 24.8
      vertex -9.04394 29.81389 24.8
    endloop
  endfacet
  facet normal 0 0 0
    outer loop
      vertex -2.98703 9.84692 24.8
      vertex -3.93781 9.50672 24.8
      vertex -11.87666 28.6728 24.8
    endloop
  endfacet
  facet normal 0 0 0
    outer loop
      vertex -11.87666 28.6728 24.8
      vertex -11.4016 27.52589 30.8
      vertex -13.91649 26.03591 30.8
    endloop
  endfacet
  facet normal 0 0 0
    outer loop
      vertex -11.87666 28.6728 24.8
      vertex -13.91649 26.03591 30.8
      vertex -14.49634 27.12074 24.8
    endloop
  endfacet
  facet normal 0 0 0
    outer loop
      vertex -3.93781 9.50672 24.8
      vertex -4.46262 8.34897 30.8
      vertex -3.62279 8.74618 30.8
    endloop
  endfacet
  facet normal 0 0 0
    outer loop
      vertex -3.93781 9.50672 24.8
      vertex -4.85067 9.07497 24.8
      vertex -4.46262 8.34897 30.8
    endloop
  endfacet
  facet normal 0 0 0
    outer loop
      vertex -3.62279 8.74618 30.8
      vertex -11.4016 27.52589 30.8
      vertex -13.91649 26.03591 30.8
    endloop
  endfacet
  facet normal 0 0 0
    outer loop
      vertex -3.62279 8.74618 30.8
      vertex -13.91649 26.03591 30.8
      vertex -4.46262 8.34897 30.8
    endloop
  endfacet
  facet normal 0 0 0
    outer loop
      vertex -3.93781 9.50672 24.8
      vertex -14.49634 27.12074 24.8
      vertex -11.87666 28.6728 24.8
    endloop
  endfacet
  facet normal 0 0 0
    outer loop
      vertex -3.93781 9.50672 24.8
      vertex -4.85067 9.07497 24.8
      vertex -14.49634 27.12074 24.8
    endloop
  endfacet
  facet normal 0 0 0
    outer loop
      vertex -14.49634 27.12074 24.8
      vertex -13.91649 26.03591 30.8
      vertex -16.21426 24.26636 30.8
    endloop
  endfacet
  facet normal 0 0 0
    outer loop
      vertex -14.49634 27.12074 24.8
      vertex -16.21426 24.26636 30.8
      vertex -16.88986 25.27746 24.8
    endloop
  endfacet
  facet normal 0 0 0
    outer loop
      vertex -4.85067 9.07497 24.8
      vertex -5.25947 7.87136 30.8
      vertex -4.46262 8.34897 30.8
    endloop
  endfacet
  facet normal 0 0 0
    outer loop
      vertex -4.85067 9.07497 24.8
      vertex -5.71682 8.55582 24.8
      vertex -5.25947 7.87136 30.8
    endloop
  endfacet
  facet normal 0 0 0
    outer loop
      vertex -4.46262 8.34897 30.8
      vertex -13.91649 26.03591 30.8
      vertex -16.21426 24.26636 30.8
    endloop
  endfacet
  facet normal 0 0 0
    outer loop
      vertex -4.46262 8.34897 30.8
      vertex -16.21426 24.26636 30.8
      vertex -5.25947 7.87136 30.8
    endloop
  endfacet
  facet normal 0 0 0
    outer loop
      vertex -4.85067 9.07497 24.8
      vertex -16.88986 25.27746 24.8
      vertex -14.49634 27.12074 24.8
    endloop
  endfacet
  facet normal 0 0 0
    outer loop
      vertex -4.85067 9.07497 24.8
      vertex -5.71682 8.55582 24.8
      vertex -16.88986 25.27746 24.8
    endloop
  endfacet
  facet normal 0 0 0
    outer loop
      vertex -16.88986 25.27746 24.8
      vertex -16.21426 24.26636 30.8
      vertex -18.33184 22.33741 30.8
    endloop
  endfacet
  facet normal 0 0 0
    outer loop
      vertex -16.88986 25.27746 24.8
      vertex -18.33184 22.33741 30.8
      vertex -19.09567 23.26814 24.8
    endloop
  endfacet
  facet normal 0 0 0
    outer loop
      vertex -5.71682 8.55582 24.8
      vertex -6.00567 7.31794 30.8
      vertex -5.25947 7.87136 30.8
    endloop
  endfacet
  facet normal 0 0 0
    outer loop
      vertex -5.71682 8.55582 24.8
      vertex -6.52791 7.95428 24.8
      vertex -6.00567 7.31794 30.8
    endloop
  endfacet
  facet normal 0 0 0
    outer loop
      vertex -5.25947 7.87136 30.8
      vertex -16.21426 24.26636 30.8
      vertex -18.33184 22.33741 30.8
    endloop
  endfacet
  facet normal 0 0 0
    outer loop
      vertex -5.25947 7.87136 30.8
      vertex -18.33184 22.33741 30.8
      vertex -6.00567 7.31794 30.8
    endloop
  endfacet
  facet normal 0 0 0
    outer loop
      vertex -5.71682 8.55582 24.8
      vertex -19.09567 23.26814 24.8
      vertex -16.88986 25.27746 24.8
    endloop
  endfacet
  facet normal 0 0 0
    outer loop
      vertex -5.71682 8.55582 24.8
      vertex -6.52791 7.95428 24.8
      vertex -19.09567 23.26814 24.8
    endloop
  endfacet
  facet normal 0 0 0
    outer loop
      vertex -19.09567 23.26814 24.8
      vertex -18.33184 22.33741 30.8
      vertex -20.33229 20.33229 30.8
    endloop
  endfacet
  facet normal 0 0 0
    outer loop
      vertex -19.09567 23.26814 24.8
      vertex -20.33229 20.33229 30.8
      vertex -21.17947 21.17947 24.8
    endloop
  endfacet
  facet normal 0 0 0
    outer loop
      vertex -6.52791 7.95428 24.8
      vertex -6.69404 6.69404 30.8
      vertex -6.00567 7.31794 30.8
    endloop
  endfacet
  facet normal 0 0 0
    outer loop
      vertex -6.52791 7.95428 24.8
      vertex -7.27613 7.27613 24.8
      vertex -6.69404 6.69404 30.8
    endloop
  endfacet
  facet normal 0 0 0
    outer loop
      vertex -6.00567 7.31794 30.8
      vertex -18.33184 22.33741 30.8
      vertex -20.33229 20.33229 30.8
    endloop
  endfacet
  facet normal 0 0 0
    outer loop
      vertex -6.00567 7.31794 30.8
      vertex -20.33229 20.33229 30.8
      vertex -6.69404 6.69404 30.8
    endloop
  endfacet
  facet normal 0 0 0
    outer loop
      vertex -6.52791 7.95428 24.8
      vertex -21.17947 21.17947 24.8
      vertex -19.09567 23.26814 24.8
    endloop
  endfacet
  facet normal 0 0 0
    outer loop
      vertex -6.52791 7.95428 24.8
      vertex -7.27613 7.27613 24.8
      vertex -21.17947 21.17947 24.8
    endloop
  endfacet
  facet normal 0 0 0
    outer loop
      vertex -21.17947 21.17947 24.8
      vertex -20.33229 20.33229 30.8
      vertex -17.86179 14.65879 30.8
    endloop
  endfacet
  facet normal 0 0 0
    outer loop
      vertex -21.17947 21.17947 24.8
      vertex -17.86179 14.65879 30.8
      vertex -18.60603 15.26957 24.8
    endloop
  endfacet
  facet normal 0 0 0
    outer loop
      vertex -7.27613 7.27613 24.8
      vertex -7.31794 6.00567 30.8
      vertex -6.69404 6.69404 30.8
    endloop
  endfacet
  facet normal 0 0 0
    outer loop
      vertex -7.27613 7.27613 24.8
      vertex -7.95428 6.52791 24.8
      vertex -7.31794 6.00567 30.8
    endloop
  endfacet
  facet normal 0 0 0
    outer loop
      vertex -6.69404 6.69404 30.8
      vertex -20.33229 20.33229 30.8
      vertex -17.86179 14.65879 30.8
    endloop
  endfacet
  facet normal 0 0 0
    outer loop
      vertex -6.69404 6.69404 30.8
      vertex -17.86179 14.65879 30.8
      vertex -7.31794 6.00567 30.8
    endloop
  endfacet
  facet normal 0 0 0
    outer loop
      vertex -7.27613 7.27613 24.8
      vertex -18.60603 15.26957 24.8
      vertex -21.17947 21.17947 24.8
    endloop
  endfacet
  facet normal 0 0 0
    outer loop
      vertex -7.27613 7.27613 24.8
      vertex -7.95428 6.52791 24.8
      vertex -18.60603 15.26957 24.8
    endloop
  endfacet
  facet normal 0 0 0
    outer loop
      vertex -18.60603 15.26957 24.8
      vertex -17.86179 14.65879 30.8
      vertex -19.40206 12.96404 30.8
    endloop
  endfacet
  facet normal 0 0 0
    outer loop
      vertex -18.60603 15.26957 24.8
      vertex -19.40206 12.96404 30.8
      vertex -20.21048 13.50421 24.8
    endloop
  endfacet
  facet normal 0 0 0
    outer loop
      vertex -7.95428 6.52791 24.8
      vertex -7.87136 5.25947 30.8
      vertex -7.31794 6.00567 30.8
    endloop
  endfacet
  facet normal 0 0 0
    outer loop
      vertex -7.95428 6.52791 24.8
      vertex -8.55582 5.71682 24.8
      vertex -7.87136 5.25947 30.8
    endloop
  endfacet
  facet normal 0 0 0
    outer loop
      vertex -7.31794 6.00567 30.8
      vertex -17.86179 14.65879 30.8
      vertex -19.40206 12.96404 30.8
    endloop
  endfacet
  facet normal 0 0 0
    outer loop
      vertex -7.31794 6.00567 30.8
      vertex -19.40206 12.96404 30.8
      vertex -7.87136 5.25947 30.8
    endloop
  endfacet
  facet normal 0 0 0
    outer loop
      vertex -7.95428 6.52791 24.8
      vertex -20.21048 13.50421 24.8
      vertex -18.60603 15.26957 24.8
    endloop
  endfacet
  facet normal 0 0 0
    outer loop
      vertex -7.95428 6.52791 24.8
      vertex -8.55582 5.71682 24.8
      vertex -20.21048 13.50421 24.8
    endloop
  endfacet
  facet normal 0 0 0
    outer loop
      vertex -20.21048 13.50421 24.8
      vertex -19.40206 12.96404 30.8
      vertex -20.86823 11.1543 30.8
    endloop
  endfacet
  facet normal 0 0 0
    outer loop
      vertex -20.21048 13.50421 24.8
      vertex -20.86823 11.1543 30.8
      vertex -21.73774 11.61907 24.8
    endloop
  endfacet
  facet normal 0 0 0
    outer loop
      vertex -8.55582 5.71682 24.8
      vertex -8.34897 4.46262 30.8
      vertex -7.87136 5.25947 30.8
    endloop
  endfacet
  facet normal 0 0 0
    outer loop
      vertex -8.55582 5.71682 24.8
      vertex -9.07497 4.85067 24.8
      vertex -8.34897 4.46262 30.8
    endloop
  endfacet
  facet normal 0 0 0
    outer loop
      vertex -7.87136 5.25947 30.8
      vertex -19.40206 12.96404 30.8
      vertex -20.86823 11.1543 30.8
    endloop
  endfacet
  facet normal 0 0 0
    outer loop
      vertex -7.87136 5.25947 30.8
      vertex -20.86823 11.1543 30.8
      vertex -8.34897 4.46262 30.8
    endloop
  endfacet
  facet normal 0 0 0
    outer loop
      vertex -8.55582 5.71682 24.8
      vertex -21.73774 11.61907 24.8
      vertex -20.21048 13.50421 24.8
    endloop
  endfacet
  facet normal 0 0 0
    outer loop
      vertex -8.55582 5.71682 24.8
      vertex -9.07497 4.85067 24.8
      vertex -21.73774 11.61907 24.8
    endloop
  endfacet
  facet normal 0 0 0
    outer loop
      vertex -21.73774 11.61907 24.8
      vertex -20.86823 11.1543 30.8
      vertex -22.1538 9.1764 30.8
    endloop
  endfacet
  facet normal 0 0 0
    outer loop
      vertex -21.73774 11.61907 24.8
      vertex -22.1538 9.1764 30.8
      vertex -23.07688 9.55875 24.8
    endloop
  endfacet
  facet normal 0 0 0
    outer loop
      vertex -9.07497 4.85067 24.8
      vertex -8.74618 3.62279 30.8
      vertex -8.34897 4.46262 30.8
    endloop
  endfacet
  facet normal 0 0 0
    outer loop
      vertex -9.07497 4.85067 24.8
      vertex -9.50672 3.93781 24.8
      vertex -8.74618 3.62279 30.8
    endloop
  endfacet
  facet normal 0 0 0
    outer loop
      vertex -8.34897 4.46262 30.8
      vertex -20.86823 11.1543 30.8
      vertex -22.1538 9.1764 30.8
    endloop
  endfacet
  facet normal 0 0 0
    outer loop
      vertex -8.34897 4.46262 30.8
      vertex -22.1538 9.1764 30.8
      vertex -8.74618 3.62279 30.8
    endloop
  endfacet
  facet normal 0 0 0
    outer loop
      vertex -9.07497 4.85067 24.8
      vertex -23.07688 9.55875 24.8
      vertex -21.73774 11.61907 24.8
    endloop
  endfacet
  facet normal 0 0 0
    outer loop
      vertex -9.07497 4.85067 24.8
      vertex -9.50672 3.93781 24.8
      vertex -23.07688 9.55875 24.8
    endloop
  endfacet
  facet normal 0 0 0
    outer loop
      vertex -23.07688 9.55875 24.8
      vertex -22.1538 9.1764 30.8
      vertex -23.13733 7.01863 30.8
    endloop
  endfacet
  facet normal 0 0 0
    outer loop
      vertex -23.07688 9.55875 24.8
      vertex -23.13733 7.01863 30.8
      vertex -24.10139 7.31108 24.8
    endloop
  endfacet
  facet normal 0 0 0
    outer loop
      vertex -9.50672 3.93781 24.8
      vertex -9.05916 2.74807 30.8
      vertex -8.74618 3.62279 30.8
    endloop
  endfacet
  facet normal 0 0 0
    outer loop
      vertex -9.50672 3.93781 24.8
      vertex -9.84692 2.98703 24.8
      vertex -9.05916 2.74807 30.8
    endloop
  endfacet
  facet normal 0 0 0
    outer loop
      vertex -8.74618 3.62279 30.8
      vertex -22.1538 9.1764 30.8
      vertex -23.13733 7.01863 30.8
    endloop
  endfacet
  facet normal 0 0 0
    outer loop
      vertex -8.74618 3.62279 30.8
      vertex -23.13733 7.01863 30.8
      vertex -9.05916 2.74807 30.8
    endloop
  endfacet
  facet normal 0 0 0
    outer loop
      vertex -9.50672 3.93781 24.8
      vertex -24.10139 7.31108 24.8
      vertex -23.07688 9.55875 24.8
    endloop
  endfacet
  facet normal 0 0 0
    outer loop
      vertex -9.50672 3.93781 24.8
      vertex -9.84692 2.98703 24.8
      vertex -24.10139 7.31108 24.8
    endloop
  endfacet
  facet normal 0 0 0
    outer loop
      vertex -24.10139 7.31108 24.8
      vertex -23.13733 7.01863 30.8
      vertex -23.72822 4.71984 30.8
    endloop
  endfacet
  facet normal 0 0 0
    outer loop
      vertex -24.10139 7.31108 24.8
      vertex -23.72822 4.71984 30.8
      vertex -24.7169 4.9165 24.8
    endloop
  endfacet
  facet normal 0 0 0
    outer loop
      vertex -9.84692 2.98703 24.8
      vertex -9.2849 1.84688 30.8
      vertex -9.05916 2.74807 30.8
    endloop
  endfacet
  facet normal 0 0 0
    outer loop
      vertex -9.84692 2.98703 24.8
      vertex -10.09228 2.00748 24.8
      vertex -9.2849 1.84688 30.8
    endloop
  endfacet
  facet normal 0 0 0
    outer loop
      vertex -9.05916 2.74807 30.8
      vertex -23.13733 7.01863 30.8
      vertex -23.72822 4.71984 30.8
    endloop
  endfacet
  facet normal 0 0 0
    outer loop
      vertex -9.05916 2.74807 30.8
      vertex -23.72822 4.71984 30.8
      vertex -9.2849 1.84688 30.8
    endloop
  endfacet
  facet normal 0 0 0
    outer loop
      vertex -9.84692 2.98703 24.8
      vertex -24.7169 4.9165 24.8
      vertex -24.10139 7.31108 24.8
    endloop
  endfacet
  facet normal 0 0 0
    outer loop
      vertex -9.84692 2.98703 24.8
      vertex -10.09228 2.00748 24.8
      vertex -24.7169 4.9165 24.8
    endloop
  endfacet
  facet normal 0 0 0
    outer loop
      vertex -24.7169 4.9165 24.8
      vertex -23.72822 4.71984 30.8
      vertex -23.90242 2.35418 30.8
    endloop
  endfacet
  facet normal 0 0 0
    outer loop
      vertex -24.7169 4.9165 24.8
      vertex -23.90242 2.35418 30.8
      vertex -24.89836 2.45227 24.8
    endloop
  endfacet
  facet normal 0 0 0
    outer loop
      vertex -10.09228 2.00748 24.8
      vertex -9.42121 0.92791 30.8
      vertex -9.2849 1.84688 30.8
    endloop
  endfacet
  facet normal 0 0 0
    outer loop
      vertex -10.09228 2.00748 24.8
      vertex -10.24045 1.0086 24.8
      vertex -9.42121 0.92791 30.8
    endloop
  endfacet
  facet normal 0 0 0
    outer loop
      vertex -9.2849 1.84688 30.8
      vertex -23.72822 4.71984 30.8
      vertex -23.90242 2.35418 30.8
    endloop
  endfacet
  facet normal 0 0 0
    outer loop
      vertex -9.2849 1.84688 30.8
      vertex -23.90242 2.35418 30.8
      vertex -9.42121 0.92791 30.8
    endloop
  endfacet
  facet normal 0 0 0
    outer loop
      vertex -10.09228 2.00748 24.8
      vertex -24.89836 2.45227 24.8
      vertex -24.7169 4.9165 24.8
    endloop
  endfacet
  facet normal 0 0 0
    outer loop
      vertex -10.09228 2.00748 24.8
      vertex -10.24045 1.0086 24.8
      vertex -24.89836 2.45227 24.8
    endloop
  endfacet
  facet normal 0 0 0
    outer loop
      vertex -24.89836 2.45227 24.8
      vertex -23.90242 2.35418 30.8
      vertex -23.71242 0 30.8
    endloop
  endfacet
  facet normal 0 0 0
    outer loop
      vertex -24.89836 2.45227 24.8
      vertex -23.71242 0 30.8
      vertex -24.70044 0 24.8
    endloop
  endfacet
  facet normal 0 0 0
    outer loop
      vertex -10.24045 1.0086 24.8
      vertex -9.4668 0 30.8
      vertex -9.42121 0.92791 30.8
    endloop
  endfacet
  facet normal 0 0 0
    outer loop
      vertex -10.24045 1.0086 24.8
      vertex -10.29 0 24.8
      vertex -9.4668 0 30.8
    endloop
  endfacet
  facet normal 0 0 0
    outer loop
      vertex -9.42121 0.92791 30.8
      vertex -23.90242 2.35418 30.8
      vertex -23.71242 0 30.8
    endloop
  endfacet
  facet normal 0 0 0
    outer loop
      vertex -9.42121 0.92791 30.8
      vertex -23.71242 0 30.8
      vertex -9.4668 0 30.8
    endloop
  endfacet
  facet normal 0 0 0
    outer loop
      vertex -10.24045 1.0086 24.8
      vertex -24.70044 0 24.8
      vertex -24.89836 2.45227 24.8
    endloop
  endfacet
  facet normal 0 0 0
    outer loop
      vertex -10.24045 1.0086 24.8
      vertex -10.29 0 24.8
      vertex -24.70044 0 24.8
    endloop
  endfacet
  facet normal 0 0 0
    outer loop
      vertex -24.70044 0 24.8
      vertex -23.71242 0 30.8
      vertex -23.26655 -2.29156 30.8
    endloop
  endfacet
  facet normal 0 0 0
    outer loop
      vertex -24.70044 0 24.8
      vertex -23.26655 -2.29156 30.8
      vertex -24.23599 -2.38704 24.8
    endloop
  endfacet
  facet normal 0 0 0
    outer loop
      vertex -10.29 0 24.8
      vertex -9.42121 -0.92791 30.8
      vertex -9.4668 0 30.8
    endloop
  endfacet
  facet normal 0 0 0
    outer loop
      vertex -10.29 0 24.8
      vertex -10.24045 -1.0086 24.8
      vertex -9.42121 -0.92791 30.8
    endloop
  endfacet
  facet normal 0 0 0
    outer loop
      vertex -9.4668 0 30.8
      vertex -23.71242 0 30.8
      vertex -23.26655 -2.29156 30.8
    endloop
  endfacet
  facet normal 0 0 0
    outer loop
      vertex -9.4668 0 30.8
      vertex -23.26655 -2.29156 30.8
      vertex -9.42121 -0.92791 30.8
    endloop
  endfacet
  facet normal 0 0 0
    outer loop
      vertex -10.29 0 24.8
      vertex -24.23599 -2.38704 24.8
      vertex -24.70044 0 24.8
    endloop
  endfacet
  facet normal 0 0 0
    outer loop
      vertex -10.29 0 24.8
      vertex -10.24045 -1.0086 24.8
      vertex -24.23599 -2.38704 24.8
    endloop
  endfacet
  facet normal 0 0 0
    outer loop
      vertex -24.23599 -2.38704 24.8
      vertex -23.26655 -2.29156 30.8
      vertex -22.68611 -4.51255 30.8
    endloop
  endfacet
  facet normal 0 0 0
    outer loop
      vertex -24.23599 -2.38704 24.8
      vertex -22.68611 -4.51255 30.8
      vertex -23.63136 -4.70057 24.8
    endloop
  endfacet
  facet normal 0 0 0
    outer loop
      vertex -10.24045 -1.0086 24.8
      vertex -9.2849 -1.84688 30.8
      vertex -9.42121 -0.92791 30.8
    endloop
  endfacet
  facet normal 0 0 0
    outer loop
      vertex -10.24045 -1.0086 24.8
      vertex -10.09228 -2.00748 24.8
      vertex -9.2849 -1.84688 30.8
    endloop
  endfacet
  facet normal 0 0 0
    outer loop
      vertex -9.42121 -0.92791 30.8
      vertex -23.26655 -2.29156 30.8
      vertex -22.68611 -4.51255 30.8
    endloop
  endfacet
  facet normal 0 0 0
    outer loop
      vertex -9.42121 -0.92791 30.8
      vertex -22.68611 -4.51255 30.8
      vertex -9.2849 -1.84688 30.8
    endloop
  endfacet
  facet normal 0 0 0
    outer loop
      vertex -10.24045 -1.0086 24.8
      vertex -23.63136 -4.70057 24.8
      vertex -24.23599 -2.38704 24.8
    endloop
  endfacet
  facet normal 0 0 0
    outer loop
      vertex -10.24045 -1.0086 24.8
      vertex -10.09228 -2.00748 24.8
      vertex -23.63136 -4.70057 24.8
    endloop
  endfacet
  facet normal 0 0 0
    outer loop
      vertex -23.63136 -4.70057 24.8
      vertex -22.68611 -4.51255 30.8
      vertex -22.05793 -6.6912 30.8
    endloop
  endfacet
  facet normal 0 0 0
    outer loop
      vertex -23.63136 -4.70057 24.8
      vertex -22.05793 -6.6912 30.8
      vertex -22.97701 -6.97 24.8
    endloop
  endfacet
  facet normal 0 0 0
    outer loop
      vertex -10.09228 -2.00748 24.8
      vertex -9.05916 -2.74807 30.8
      vertex -9.2849 -1.84688 30.8
    endloop
  endfacet
  facet normal 0 0 0
    outer loop
      vertex -10.09228 -2.00748 24.8
      vertex -9.84692 -2.98703 24.8
      vertex -9.05916 -2.74807 30.8
    endloop
  endfacet
  facet normal 0 0 0
    outer loop
      vertex -9.2849 -1.84688 30.8
      vertex -22.68611 -4.51255 30.8
      vertex -22.05793 -6.6912 30.8
    endloop
  endfacet
  facet normal 0 0 0
    outer loop
      vertex -9.2849 -1.84688 30.8
      vertex -22.05793 -6.6912 30.8
      vertex -9.05916 -2.74807 30.8
    endloop
  endfacet
  facet normal 0 0 0
    outer loop
      vertex -10.09228 -2.00748 24.8
      vertex -22.97701 -6.97 24.8
      vertex -23.63136 -4.70057 24.8
    endloop
  endfacet
  facet normal 0 0 0
    outer loop
      vertex -10.09228 -2.00748 24.8
      vertex -9.84692 -2.98703 24.8
      vertex -22.97701 -6.97 24.8
    endloop
  endfacet
  facet normal 0 0 0
    outer loop
      vertex -22.97701 -6.97 24.8
      vertex -22.05793 -6.6912 30.8
      vertex -21.40248 -8.8652 30.8
    endloop
  endfacet
  facet normal 0 0 0
    outer loop
      vertex -22.97701 -6.97 24.8
      vertex -21.40248 -8.8652 30.8
      vertex -22.29425 -9.23458 24.8
    endloop
  endfacet
  facet normal 0 0 0
    outer loop
      vertex -9.84692 -2.98703 24.8
      vertex -8.74618 -3.62279 30.8
      vertex -9.05916 -2.74807 30.8
    endloop
  endfacet
  facet normal 0 0 0
    outer loop
      vertex -9.84692 -2.98703 24.8
      vertex -9.50672 -3.93781 24.8
      vertex -8.74618 -3.62279 30.8
    endloop
  endfacet
  facet normal 0 0 0
    outer loop
      vertex -9.05916 -2.74807 30.8
      vertex -22.05793 -6.6912 30.8
      vertex -21.40248 -8.8652 30.8
    endloop
  endfacet
  facet normal 0 0 0
    outer loop
      vertex -9.05916 -2.74807 30.8
      vertex -21.40248 -8.8652 30.8
      vertex -8.74618 -3.62279 30.8
    endloop
  endfacet
  facet normal 0 0 0
    outer loop
      vertex -9.84692 -2.98703 24.8
      vertex -22.29425 -9.23458 24.8
      vertex -22.97701 -6.97 24.8
    endloop
  endfacet
  facet normal 0 0 0
    outer loop
      vertex -9.84692 -2.98703 24.8
      vertex -9.50672 -3.93781 24.8
      vertex -22.29425 -9.23458 24.8
    endloop
  endfacet
  facet normal 0 0 0
    outer loop
      vertex -22.29425 -9.23458 24.8
      vertex -21.40248 -8.8652 30.8
      vertex -20.67036 -11.04854 30.8
    endloop
  endfacet
  facet normal 0 0 0
    outer loop
      vertex -22.29425 -9.23458 24.8
      vertex -20.67036 -11.04854 30.8
      vertex -21.53162 -11.50889 24.8
    endloop
  endfacet
  facet normal 0 0 0
    outer loop
      vertex -9.50672 -3.93781 24.8
      vertex -8.34897 -4.46262 30.8
      vertex -8.74618 -3.62279 30.8
    endloop
  endfacet
  facet normal 0 0 0
    outer loop
      vertex -9.50672 -3.93781 24.8
      vertex -9.07497 -4.85067 24.8
      vertex -8.34897 -4.46262 30.8
    endloop
  endfacet
  facet normal 0 0 0
    outer loop
      vertex -8.74618 -3.62279 30.8
      vertex -21.40248 -8.8652 30.8
      vertex -20.67036 -11.04854 30.8
    endloop
  endfacet
  facet normal 0 0 0
    outer loop
      vertex -8.74618 -3.62279 30.8
      vertex -20.67036 -11.04854 30.8
      vertex -8.34897 -4.46262 30.8
    endloop
  endfacet
  facet normal 0 0 0
    outer loop
      vertex -9.50672 -3.93781 24.8
      vertex -21.53162 -11.50889 24.8
      vertex -22.29425 -9.23458 24.8
    endloop
  endfacet
  facet normal 0 0 0
    outer loop
      vertex -9.50672 -3.93781 24.8
      vertex -9.07497 -4.85067 24.8
      vertex -21.53162 -11.50889 24.8
    endloop
  endfacet
  facet normal 0 0 0
    outer loop
      vertex -21.53162 -11.50889 24.8
      vertex -20.67036 -11.04854 30.8
      vertex -19.768 -13.20856 30.8
    endloop
  endfacet
  facet normal 0 0 0
    outer loop
      vertex -21.53162 -11.50889 24.8
      vertex -19.768 -13.20856 30.8
      vertex -20.59167 -13.75892 24.8
    endloop
  endfacet
  facet normal 0 0 0
    outer loop
      vertex -9.07497 -4.85067 24.8
      vertex -7.87136 -5.25947 30.8
      vertex -8.34897 -4.46262 30.8
    endloop
  endfacet
  facet normal 0 0 0
    outer loop
      vertex -9.07497 -4.85067 24.8
      vertex -8.55582 -5.71682 24.8
      vertex -7.87136 -5.25947 30.8
    endloop
  endfacet
  facet normal 0 0 0
    outer loop
      vertex -8.34897 -4.46262 30.8
      vertex -20.67036 -11.04854 30.8
      vertex -19.768 -13.20856 30.8
    endloop
  endfacet
  facet normal 0 0 0
    outer loop
      vertex -8.34897 -4.46262 30.8
      vertex -19.768 -13.20856 30.8
      vertex -7.87136 -5.25947 30.8
    endloop
  endfacet
  facet normal 0 0 0
    outer loop
      vertex -9.07497 -4.85067 24.8
      vertex -20.59167 -13.75892 24.8
      vertex -21.53162 -11.50889 24.8
    endloop
  endfacet
  facet normal 0 0 0
    outer loop
      vertex -9.07497 -4.85067 24.8
      vertex -8.55582 -5.71682 24.8
      vertex -20.59167 -13.75892 24.8
    endloop
  endfacet
  facet normal 0 0 0
    outer loop
      vertex -20.59167 -13.75892 24.8
      vertex -19.768 -13.20856 30.8
      vertex -18.60098 -15.26543 30.8
    endloop
  endfacet
  facet normal 0 0 0
    outer loop
      vertex -20.59167 -13.75892 24.8
      vertex -18.60098 -15.26543 30.8
      vertex -19.37602 -15.90149 24.8
    endloop
  endfacet
  facet normal 0 0 0
    outer loop
      vertex -8.55582 -5.71682 24.8
      vertex -7.31794 -6.00567 30.8
      vertex -7.87136 -5.25947 30.8
    endloop
  endfacet
  facet normal 0 0 0
    outer loop
      vertex -8.55582 -5.71682 24.8
      vertex -7.95428 -6.52791 24.8
      vertex -7.31794 -6.00567 30.8
    endloop
  endfacet
  facet normal 0 0 0
    outer loop
      vertex -7.87136 -5.25947 30.8
      vertex -19.768 -13.20856 30.8
      vertex -18.60098 -15.26543 30.8
    endloop
  endfacet
  facet normal 0 0 0
    outer loop
      vertex -7.87136 -5.25947 30.8
      vertex -18.60098 -15.26543 30.8
      vertex -7.31794 -6.00567 30.8
    endloop
  endfacet
  facet normal 0 0 0
    outer loop
      vertex -8.55582 -5.71682 24.8
      vertex -19.37602 -15.90149 24.8
      vertex -20.59167 -13.75892 24.8
    endloop
  endfacet
  facet normal 0 0 0
    outer loop
      vertex -8.55582 -5.71682 24.8
      vertex -7.95428 -6.52791 24.8
      vertex -19.37602 -15.90149 24.8
    endloop
  endfacet
  facet normal 0 0 0
    outer loop
      vertex -19.37602 -15.90149 24.8
      vertex -18.60098 -15.26543 30.8
      vertex -21.14551 -21.14551 30.8
    endloop
  endfacet
  facet normal 0 0 0
    outer loop
      vertex -19.37602 -15.90149 24.8
      vertex -21.14551 -21.14551 30.8
      vertex -22.02658 -22.02658 24.8
    endloop
  endfacet
  facet normal 0 0 0
    outer loop
      vertex -7.95428 -6.52791 24.8
      vertex -6.69404 -6.69404 30.8
      vertex -7.31794 -6.00567 30.8
    endloop
  endfacet
  facet normal 0 0 0
    outer loop
      vertex -7.95428 -6.52791 24.8
      vertex -7.27613 -7.27613 24.8
      vertex -6.69404 -6.69404 30.8
    endloop
  endfacet
  facet normal 0 0 0
    outer loop
      vertex -7.31794 -6.00567 30.8
      vertex -18.60098 -15.26543 30.8
      vertex -21.14551 -21.14551 30.8
    endloop
  endfacet
  facet normal 0 0 0
    outer loop
      vertex -7.31794 -6.00567 30.8
      vertex -21.14551 -21.14551 30.8
      vertex -6.69404 -6.69404 30.8
    endloop
  endfacet
  facet normal 0 0 0
    outer loop
      vertex -7.95428 -6.52791 24.8
      vertex -22.02658 -22.02658 24.8
      vertex -19.37602 -15.90149 24.8
    endloop
  endfacet
  facet normal 0 0 0
    outer loop
      vertex -7.95428 -6.52791 24.8
      vertex -7.27613 -7.27613 24.8
      vertex -22.02658 -22.02658 24.8
    endloop
  endfacet
  facet normal 0 0 0
    outer loop
      vertex -22.02658 -22.02658 24.8
      vertex -21.14551 -21.14551 30.8
      vertex -18.93848 -23.0766 30.8
    endloop
  endfacet
  facet normal 0 0 0
    outer loop
      vertex -22.02658 -22.02658 24.8
      vertex -18.93848 -23.0766 30.8
      vertex -19.72758 -24.03813 24.8
    endloop
  endfacet
  facet normal 0 0 0
    outer loop
      vertex -7.27613 -7.27613 24.8
      vertex -6.00567 -7.31794 30.8
      vertex -6.69404 -6.69404 30.8
    endloop
  endfacet
  facet normal 0 0 0
    outer loop
      vertex -7.27613 -7.27613 24.8
      vertex -6.52791 -7.95428 24.8
      vertex -6.00567 -7.31794 30.8
    endloop
  endfacet
  facet normal 0 0 0
    outer loop
      vertex -6.69404 -6.69404 30.8
      vertex -21.14551 -21.14551 30.8
      vertex -18.93848 -23.0766 30.8
    endloop
  endfacet
  facet normal 0 0 0
    outer loop
      vertex -6.69404 -6.69404 30.8
      vertex -18.93848 -23.0766 30.8
      vertex -6.00567 -7.31794 30.8
    endloop
  endfacet
  facet normal 0 0 0
    outer loop
      vertex -7.27613 -7.27613 24.8
      vertex -19.72758 -24.03813 24.8
      vertex -22.02658 -22.02658 24.8
    endloop
  endfacet
  facet normal 0 0 0
    outer loop
      vertex -7.27613 -7.27613 24.8
      vertex -6.52791 -7.95428 24.8
      vertex -19.72758 -24.03813 24.8
    endloop
  endfacet
  facet normal 0 0 0
    outer loop
      vertex -19.72758 -24.03813 24.8
      vertex -18.93848 -23.0766 30.8
      vertex -16.45878 -24.6323 30.8
    endloop
  endfacet
  facet normal 0 0 0
    outer loop
      vertex -19.72758 -24.03813 24.8
      vertex -16.45878 -24.6323 30.8
      vertex -17.14456 -25.65865 24.8
    endloop
  endfacet
  facet normal 0 0 0
    outer loop
      vertex -6.52791 -7.95428 24.8
      vertex -5.25947 -7.87136 30.8
      vertex -6.00567 -7.31794 30.8
    endloop
  endfacet
  facet normal 0 0 0
    outer loop
      vertex -6.52791 -7.95428 24.8
      vertex -5.71682 -8.55582 24.8
      vertex -5.25947 -7.87136 30.8
    endloop
  endfacet
  facet normal 0 0 0
    outer loop
      vertex -6.00567 -7.31794 30.8
      vertex -18.93848 -23.0766 30.8
      vertex -16.45878 -24.6323 30.8
    endloop
  endfacet
  facet normal 0 0 0
    outer loop
      vertex -6.00567 -7.31794 30.8
      vertex -16.45878 -24.6323 30.8
      vertex -5.25947 -7.87136 30.8
    endloop
  endfacet
  facet normal 0 0 0
    outer loop
      vertex -6.52791 -7.95428 24.8
      vertex -17.14456 -25.65865 24.8
      vertex -19.72758 -24.03813 24.8
    endloop
  endfacet
  facet normal 0 0 0
    outer loop
      vertex -6.52791 -7.95428 24.8
      vertex -5.71682 -8.55582 24.8
      vertex -17.14456 -25.65865 24.8
    endloop
  endfacet
  facet normal 0 0 0
    outer loop
      vertex -17.14456 -25.65865 24.8
      vertex -16.45878 -24.6323 30.8
      vertex -13.81072 -25.83804 30.8
    endloop
  endfacet
  facet normal 0 0 0
    outer loop
      vertex -17.14456 -25.65865 24.8
      vertex -13.81072 -25.83804 30.8
      vertex -14.38617 -26.91462 24.8
    endloop
  endfacet
  facet normal 0 0 0
    outer loop
      vertex -5.71682 -8.55582 24.8
      vertex -4.46262 -8.34897 30.8
      vertex -5.25947 -7.87136 30.8
    endloop
  endfacet
  facet normal 0 0 0
    outer loop
      vertex -5.71682 -8.55582 24.8
      vertex -4.85067 -9.07497 24.8
      vertex -4.46262 -8.34897 30.8
    endloop
  endfacet
  facet normal 0 0 0
    outer loop
      vertex -5.25947 -7.87136 30.8
      vertex -16.45878 -24.6323 30.8
      vertex -13.81072 -25.83804 30.8
    endloop
  endfacet
  facet normal 0 0 0
    outer loop
      vertex -5.25947 -7.87136 30.8
      vertex -13.81072 -25.83804 30.8
      vertex -4.46262 -8.34897 30.8
    endloop
  endfacet
  facet normal 0 0 0
    outer loop
      vertex -5.71682 -8.55582 24.8
      vertex -14.38617 -26.91462 24.8
      vertex -17.14456 -25.65865 24.8
    endloop
  endfacet
  facet normal 0 0 0
    outer loop
      vertex -5.71682 -8.55582 24.8
      vertex -4.85067 -9.07497 24.8
      vertex -14.38617 -26.91462 24.8
    endloop
  endfacet
  facet normal 0 0 0
    outer loop
      vertex -14.38617 -26.91462 24.8
      vertex -13.81072 -25.83804 30.8
      vertex -11.09039 -26.77457 30.8
    endloop
  endfacet
  facet normal 0 0 0
    outer loop
      vertex -14.38617 -26.91462 24.8
      vertex -11.09039 -26.77457 30.8
      vertex -11.55249 -27.89017 24.8
    endloop
  endfacet
  facet normal 0 0 0
    outer loop
      vertex -4.85067 -9.07497 24.8
      vertex -3.62279 -8.74618 30.8
      vertex -4.46262 -8.34897 30.8
    endloop
  endfacet
  facet normal 0 0 0
    outer loop
      vertex -4.85067 -9.07497 24.8
      vertex -3.93781 -9.50672 24.8
      vertex -3.62279 -8.74618 30.8
    endloop
  endfacet
  facet normal 0 0 0
    outer loop
      vertex -4.46262 -8.34897 30.8
      vertex -13.81072 -25.83804 30.8
      vertex -11.09039 -26.77457 30.8
    endloop
  endfacet
  facet normal 0 0 0
    outer loop
      vertex -4.46262 -8.34897 30.8
      vertex -11.09039 -26.77457 30.8
      vertex -3.62279 -8.74618 30.8
    endloop
  endfacet
  facet normal 0 0 0
    outer loop
      vertex -4.85067 -9.07497 24.8
      vertex -11.55249 -27.89017 24.8
      vertex -14.38617 -26.91462 24.8
    endloop
  endfacet
  facet normal 0 0 0
    outer loop
      vertex -4.85067 -9.07497 24.8
      vertex -3.93781 -9.50672 24.8
      vertex -11.55249 -27.89017 24.8
    endloop
  endfacet
  facet normal 0 0 0
    outer loop
      vertex -11.55249 -27.89017 24.8
      vertex -11.09039 -26.77457 30.8
      vertex -8.35475 -27.54193 30.8
    endloop
  endfacet
  facet normal 0 0 0
    outer loop
      vertex -11.55249 -27.89017 24.8
      vertex -8.35475 -27.54193 30.8
      vertex -8.70287 -28.68951 24.8
    endloop
  endfacet
  facet normal 0 0 0
    outer loop
      vertex -3.93781 -9.50672 24.8
      vertex -2.74807 -9.05916 30.8
      vertex -3.62279 -8.74618 30.8
    endloop
  endfacet
  facet normal 0 0 0
    outer loop
      vertex -3.93781 -9.50672 24.8
      vertex -2.98703 -9.84692 24.8
      vertex -2.74807 -9.05916 30.8
    endloop
  endfacet
  facet normal 0 0 0
    outer loop
      vertex -3.62279 -8.74618 30.8
      vertex -11.09039 -26.77457 30.8
      vertex -8.35475 -27.54193 30.8
    endloop
  endfacet
  facet normal 0 0 0
    outer loop
      vertex -3.62279 -8.74618 30.8
      vertex -8.35475 -27.54193 30.8
      vertex -2.74807 -9.05916 30.8
    endloop
  endfacet
  facet normal 0 0 0
    outer loop
      vertex -3.93781 -9.50672 24.8
      vertex -8.70287 -28.68951 24.8
      vertex -11.55249 -27.89017 24.8
    endloop
  endfacet
  facet normal 0 0 0
    outer loop
      vertex -3.93781 -9.50672 24.8
      vertex -2.98703 -9.84692 24.8
      vertex -8.70287 -28.68951 24.8
    endloop
  endfacet
  facet normal 0 0 0
    outer loop
      vertex -8.70287 -28.68951 24.8
      vertex -8.35475 -27.54193 30.8
      vertex -5.61209 -28.21386 30.8
    endloop
  endfacet
  facet normal 0 0 0
    outer loop
      vertex -8.70287 -28.68951 24.8
      vertex -5.61209 -28.21386 30.8
      vertex -5.84592 -29.38943 24.8
    endloop
  endfacet
  facet normal 0 0 0
    outer loop
      vertex -2.98703 -9.84692 24.8
      vertex -1.84688 -9.2849 30.8
      vertex -2.74807 -9.05916 30.8
    endloop
  endfacet
  facet normal 0 0 0
    outer loop
      vertex -2.98703 -9.84692 24.8
      vertex -2.00748 -10.09228 24.8
      vertex -1.84688 -9.2849 30.8
    endloop
  endfacet
  facet normal 0 0 0
    outer loop
      vertex -2.74807 -9.05916 30.8
      vertex -8.35475 -27.54193 30.8
      vertex -5.61209 -28.21386 30.8
    endloop
  endfacet
  facet normal 0 0 0
    outer loop
      vertex -2.74807 -9.05916 30.8
      vertex -5.61209 -28.21386 30.8
      vertex -1.84688 -9.2849 30.8
    endloop
  endfacet
  facet normal 0 0 0
    outer loop
      vertex -2.98703 -9.84692 24.8
      vertex -5.84592 -29.38943 24.8
      vertex -8.70287 -28.68951 24.8
    endloop
  endfacet
  facet normal 0 0 0
    outer loop
      vertex -2.98703 -9.84692 24.8
      vertex -2.00748 -10.09228 24.8
      vertex -5.84592 -29.38943 24.8
    endloop
  endfacet
  facet normal 0 0 0
    outer loop
      vertex -5.84592 -29.38943 24.8
      vertex -5.61209 -28.21386 30.8
      vertex -2.27819 -23.1309 30.8
    endloop
  endfacet
  facet normal 0 0 0
    outer loop
      vertex -5.84592 -29.38943 24.8
      vertex -2.27819 -23.1309 30.8
      vertex -2.37312 -24.09469 24.8
    endloop
  endfacet
  facet normal 0 0 0
    outer loop
      vertex -2.00748 -10.09228 24.8
      vertex -0.92791 -9.42121 30.8
      vertex -1.84688 -9.2849 30.8
    endloop
  endfacet
  facet normal 0 0 0
    outer loop
      vertex -2.00748 -10.09228 24.8
      vertex -1.0086 -10.24045 24.8
      vertex -0.92791 -9.42121 30.8
    endloop
  endfacet
  facet normal 0 0 0
    outer loop
      vertex -1.84688 -9.2849 30.8
      vertex -5.61209 -28.21386 30.8
      vertex -2.27819 -23.1309 30.8
    endloop
  endfacet
  facet normal 0 0 0
    outer loop
      vertex -1.84688 -9.2849 30.8
      vertex -2.27819 -23.1309 30.8
      vertex -0.92791 -9.42121 30.8
    endloop
  endfacet
  facet normal 0 0 0
    outer loop
      vertex -2.00748 -10.09228 24.8
      vertex -2.37312 -24.09469 24.8
      vertex -5.84592 -29.38943 24.8
    endloop
  endfacet
  facet normal 0 0 0
    outer loop
      vertex -2.00748 -10.09228 24.8
      vertex -1.0086 -10.24045 24.8
      vertex -2.37312 -24.09469 24.8
    endloop
  endfacet
  facet normal 0 0 0
    outer loop
      vertex -2.37312 -24.09469 24.8
      vertex -2.27819 -23.1309 30.8
      vertex 0 -23.54848 30.8
    endloop
  endfacet
  facet normal 0 0 0
    outer loop
      vertex -2.37312 -24.09469 24.8
      vertex 0 -23.54848 30.8
      vertex 0 -24.52967 24.8
    endloop
  endfacet
  facet normal 0 0 0
    outer loop
      vertex -1.0086 -10.24045 24.8
      vertex 0 -9.4668 30.8
      vertex -0.92791 -9.42121 30.8
    endloop
  endfacet
  facet normal 0 0 0
    outer loop
      vertex -1.0086 -10.24045 24.8
      vertex 0 -10.29 24.8
      vertex 0 -9.4668 30.8
    endloop
  endfacet
  facet normal 0 0 0
    outer loop
      vertex -0.92791 -9.42121 30.8
      vertex -2.27819 -23.1309 30.8
      vertex 0 -23.54848 30.8
    endloop
  endfacet
  facet normal 0 0 0
    outer loop
      vertex -0.92791 -9.42121 30.8
      vertex 0 -23.54848 30.8
      vertex 0 -9.4668 30.8
    endloop
  endfacet
  facet normal 0 0 0
    outer loop
      vertex -1.0086 -10.24045 24.8
      vertex 0 -24.52967 24.8
      vertex -2.37312 -24.09469 24.8
    endloop
  endfacet
  facet normal 0 0 0
    outer loop
      vertex -1.0086 -10.24045 24.8
      vertex 0 -10.29 24.8
      vertex 0 -24.52967 24.8
    endloop
  endfacet
  facet normal 0 0 0
    outer loop
      vertex 0 -24.52967 24.8
      vertex 0 -23.54848 30.8
      vertex 2.34082 -23.76677 30.8
    endloop
  endfacet
  facet normal 0 0 0
    outer loop
      vertex 0 -24.52967 24.8
      vertex 2.34082 -23.76677 30.8
      vertex 2.43836 -24.75705 24.8
    endloop
  endfacet
  facet normal 0 0 0
    outer loop
      vertex 0 -10.29 24.8
      vertex 0.92791 -9.42121 30.8
      vertex 0 -9.4668 30.8
    endloop
  endfacet
  facet normal 0 0 0
    outer loop
      vertex 0 -10.29 24.8
      vertex 1.0086 -10.24045 24.8
      vertex 0.92791 -9.42121 30.8
    endloop
  endfacet
  facet normal 0 0 0
    outer loop
      vertex 0 -9.4668 30.8
      vertex 0 -23.54848 30.8
      vertex 2.34082 -23.76677 30.8
    endloop
  endfacet
  facet normal 0 0 0
    outer loop
      vertex 0 -9.4668 30.8
      vertex 2.34082 -23.76677 30.8
      vertex 0.92791 -9.42121 30.8
    endloop
  endfacet
  facet normal 0 0 0
    outer loop
      vertex 0 -10.29 24.8
      vertex 2.43836 -24.75705 24.8
      vertex 0 -24.52967 24.8
    endloop
  endfacet
  facet normal 0 0 0
    outer loop
      vertex 0 -10.29 24.8
      vertex 1.0086 -10.24045 24.8
      vertex 2.43836 -24.75705 24.8
    endloop
  endfacet
  facet normal 0 0 0
    outer loop
      vertex 2.43836 -24.75705 24.8
      vertex 2.34082 -23.76677 30.8
      vertex 4.7076 -23.66669 30.8
    endloop
  endfacet
  facet normal 0 0 0
    outer loop
      vertex 2.43836 -24.75705 24.8
      vertex 4.7076 -23.66669 30.8
      vertex 4.90375 -24.6528 24.8
    endloop
  endfacet
  facet normal 0 0 0
    outer loop
      vertex 1.0086 -10.24045 24.8
      vertex 1.84688 -9.2849 30.8
      vertex 0.92791 -9.42121 30.8
    endloop
  endfacet
  facet normal 0 0 0
    outer loop
      vertex 1.0086 -10.24045 24.8
      vertex 2.00748 -10.09228 24.8
      vertex 1.84688 -9.2849 30.8
    endloop
  endfacet
  facet normal 0 0 0
    outer loop
      vertex 0.92791 -9.42121 30.8
      vertex 2.34082 -23.76677 30.8
      vertex 4.7076 -23.66669 30.8
    endloop
  endfacet
  facet normal 0 0 0
    outer loop
      vertex 0.92791 -9.42121 30.8
      vertex 4.7076 -23.66669 30.8
      vertex 1.84688 -9.2849 30.8
    endloop
  endfacet
  facet normal 0 0 0
    outer loop
      vertex 1.0086 -10.24045 24.8
      vertex 4.90375 -24.6528 24.8
      vertex 2.43836 -24.75705 24.8
    endloop
  endfacet
  facet normal 0 0 0
    outer loop
      vertex 1.0086 -10.24045 24.8
      vertex 2.00748 -10.09228 24.8
      vertex 4.90375 -24.6528 24.8
    endloop
  endfacet
  facet normal 0 0 0
    outer loop
      vertex 4.90375 -24.6528 24.8
      vertex 4.7076 -23.66669 30.8
      vertex 7.02792 -23.16794 30.8
    endloop
  endfacet
  facet normal 0 0 0
    outer loop
      vertex 4.90375 -24.6528 24.8
      vertex 7.02792 -23.16794 30.8
      vertex 7.32075 -24.13327 24.8
    endloop
  endfacet
  facet normal 0 0 0
    outer loop
      vertex 2.00748 -10.09228 24.8
      vertex 2.74807 -9.05916 30.8
      vertex 1.84688 -9.2849 30.8
    endloop
  endfacet
  facet normal 0 0 0
    outer loop
      vertex 2.00748 -10.09228 24.8
      vertex 2.98703 -9.84692 24.8
      vertex 2.74807 -9.05916 30.8
    endloop
  endfacet
  facet normal 0 0 0
    outer loop
      vertex 1.84688 -9.2849 30.8
      vertex 4.7076 -23.66669 30.8
      vertex 7.02792 -23.16794 30.8
    endloop
  endfacet
  facet normal 0 0 0
    outer loop
      vertex 1.84688 -9.2849 30.8
      vertex 7.02792 -23.16794 30.8
      vertex 2.74807 -9.05916 30.8
    endloop
  endfacet
  facet normal 0 0 0
    outer loop
      vertex 2.00748 -10.09228 24.8
      vertex 7.32075 -24.13327 24.8
      vertex 4.90375 -24.6528 24.8
    endloop
  endfacet
  facet normal 0 0 0
    outer loop
      vertex 2.00748 -10.09228 24.8
      vertex 2.98703 -9.84692 24.8
      vertex 7.32075 -24.13327 24.8
    endloop
  endfacet
  facet normal 0 0 0
    outer loop
      vertex 7.32075 -24.13327 24.8
      vertex 7.02792 -23.16794 30.8
      vertex 9.22077 -22.2609 30.8
    endloop
  endfacet
  facet normal 0 0 0
    outer loop
      vertex 7.32075 -24.13327 24.8
      vertex 9.22077 -22.2609 30.8
      vertex 9.60496 -23.18844 24.8
    endloop
  endfacet
  facet normal 0 0 0
    outer loop
      vertex 2.98703 -9.84692 24.8
      vertex 3.62279 -8.74618 30.8
      vertex 2.74807 -9.05916 30.8
    endloop
  endfacet
  facet normal 0 0 0
    outer loop
      vertex 2.98703 -9.84692 24.8
      vertex 3.93781 -9.50672 24.8
      vertex 3.62279 -8.74618 30.8
    endloop
  endfacet
  facet normal 0 0 0
    outer loop
      vertex 2.74807 -9.05916 30.8
      vertex 7.02792 -23.16794 30.8
      vertex 9.22077 -22.2609 30.8
    endloop
  endfacet
  facet normal 0 0 0
    outer loop
      vertex 2.74807 -9.05916 30.8
      vertex 9.22077 -22.2609 30.8
      vertex 3.62279 -8.74618 30.8
    endloop
  endfacet
  facet normal 0 0 0
    outer loop
      vertex 2.98703 -9.84692 24.8
      vertex 9.60496 -23.18844 24.8
      vertex 7.32075 -24.13327 24.8
    endloop
  endfacet
  facet normal 0 0 0
    outer loop
      vertex 2.98703 -9.84692 24.8
      vertex 3.93781 -9.50672 24.8
      vertex 9.60496 -23.18844 24.8
    endloop
  endfacet
  facet normal 0 0 0
    outer loop
      vertex 9.60496 -23.18844 24.8
      vertex 9.22077 -22.2609 30.8
      vertex 11.2301 -21.01004 30.8
    endloop
  endfacet
  facet normal 0 0 0
    outer loop
      vertex 9.60496 -23.18844 24.8
      vertex 11.2301 -21.01004 30.8
      vertex 11.69802 -21.88545 24.8
    endloop
  endfacet
  facet normal 0 0 0
    outer loop
      vertex 3.93781 -9.50672 24.8
      vertex 4.46262 -8.34897 30.8
      vertex 3.62279 -8.74618 30.8
    endloop
  endfacet
  facet normal 0 0 0
    outer loop
      vertex 3.93781 -9.50672 24.8
      vertex 4.85067 -9.07497 24.8
      vertex 4.46262 -8.34897 30.8
    endloop
  endfacet
  facet normal 0 0 0
    outer loop
      vertex 3.62279 -8.74618 30.8
      vertex 9.22077 -22.2609 30.8
      vertex 11.2301 -21.01004 30.8
    endloop
  endfacet
  facet normal 0 0 0
    outer loop
      vertex 3.62279 -8.74618 30.8
      vertex 11.2301 -21.01004 30.8
      vertex 4.46262 -8.34897 30.8
    endloop
  endfacet
  facet normal 0 0 0
    outer loop
      vertex 3.93781 -9.50672 24.8
      vertex 11.69802 -21.88545 24.8
      vertex 9.60496 -23.18844 24.8
    endloop
  endfacet
  facet normal 0 0 0
    outer loop
      vertex 3.93781 -9.50672 24.8
      vertex 4.85067 -9.07497 24.8
      vertex 11.69802 -21.88545 24.8
    endloop
  endfacet
  facet normal 0 0 0
    outer loop
      vertex 11.69802 -21.88545 24.8
      vertex 11.2301 -21.01004 30.8
      vertex 13.04819 -19.528 30.8
    endloop
  endfacet
  facet normal 0 0 0
    outer loop
      vertex 11.69802 -21.88545 24.8
      vertex 13.04819 -19.528 30.8
      vertex 13.59187 -20.34166 24.8
    endloop
  endfacet
  facet normal 0 0 0
    outer loop
      vertex 4.85067 -9.07497 24.8
      vertex 5.25947 -7.87136 30.8
      vertex 4.46262 -8.34897 30.8
    endloop
  endfacet
  facet normal 0 0 0
    outer loop
      vertex 4.85067 -9.07497 24.8
      vertex 5.71682 -8.55582 24.8
      vertex 5.25947 -7.87136 30.8
    endloop
  endfacet
  facet normal 0 0 0
    outer loop
      vertex 4.46262 -8.34897 30.8
      vertex 11.2301 -21.01004 30.8
      vertex 13.04819 -19.528 30.8
    endloop
  endfacet
  facet normal 0 0 0
    outer loop
      vertex 4.46262 -8.34897 30.8
      vertex 13.04819 -19.528 30.8
      vertex 5.25947 -7.87136 30.8
    endloop
  endfacet
  facet normal 0 0 0
    outer loop
      vertex 4.85067 -9.07497 24.8
      vertex 13.59187 -20.34166 24.8
      vertex 11.69802 -21.88545 24.8
    endloop
  endfacet
  facet normal 0 0 0
    outer loop
      vertex 4.85067 -9.07497 24.8
      vertex 5.71682 -8.55582 24.8
      vertex 13.59187 -20.34166 24.8
    endloop
  endfacet
  facet normal 0 0 0
    outer loop
      vertex 13.59187 -20.34166 24.8
      vertex 13.04819 -19.528 30.8
      vertex 14.71657 -17.93219 30.8
    endloop
  endfacet
  facet normal 0 0 0
    outer loop
      vertex 13.59187 -20.34166 24.8
      vertex 14.71657 -17.93219 30.8
      vertex 15.32976 -18.67937 24.8
    endloop
  endfacet
  facet normal 0 0 0
    outer loop
      vertex 5.71682 -8.55582 24.8
      vertex 6.00567 -7.31794 30.8
      vertex 5.25947 -7.87136 30.8
    endloop
  endfacet
  facet normal 0 0 0
    outer loop
      vertex 5.71682 -8.55582 24.8
      vertex 6.52791 -7.95428 24.8
      vertex 6.00567 -7.31794 30.8
    endloop
  endfacet
  facet normal 0 0 0
    outer loop
      vertex 5.25947 -7.87136 30.8
      vertex 13.04819 -19.528 30.8
      vertex 14.71657 -17.93219 30.8
    endloop
  endfacet
  facet normal 0 0 0
    outer loop
      vertex 5.25947 -7.87136 30.8
      vertex 14.71657 -17.93219 30.8
      vertex 6.00567 -7.31794 30.8
    endloop
  endfacet
  facet normal 0 0 0
    outer loop
      vertex 5.71682 -8.55582 24.8
      vertex 15.32976 -18.67937 24.8
      vertex 13.59187 -20.34166 24.8
    endloop
  endfacet
  facet normal 0 0 0
    outer loop
      vertex 5.71682 -8.55582 24.8
      vertex 6.52791 -7.95428 24.8
      vertex 15.32976 -18.67937 24.8
    endloop
  endfacet
  facet normal 0 0 0
    outer loop
      vertex 15.32976 -18.67937 24.8
      vertex 14.71657 -17.93219 30.8
      vertex 16.30264 -16.30264 30.8
    endloop
  endfacet
  facet normal 0 0 0
    outer loop
      vertex 15.32976 -18.67937 24.8
      vertex 16.30264 -16.30264 30.8
      vertex 16.98192 -16.98192 24.8
    endloop
  endfacet
  facet normal 0 0 0
    outer loop
      vertex 6.52791 -7.95428 24.8
      vertex 6.69404 -6.69404 30.8
      vertex 6.00567 -7.31794 30.8
    endloop
  endfacet
  facet normal 0 0 0
    outer loop
      vertex 6.52791 -7.95428 24.8
      vertex 7.27613 -7.27613 24.8
      vertex 6.69404 -6.69404 30.8
    endloop
  endfacet
  facet normal 0 0 0
    outer loop
      vertex 6.00567 -7.31794 30.8
      vertex 14.71657 -17.93219 30.8
      vertex 16.30264 -16.30264 30.8
    endloop
  endfacet
  facet normal 0 0 0
    outer loop
      vertex 6.00567 -7.31794 30.8
      vertex 16.30264 -16.30264 30.8
      vertex 6.69404 -6.69404 30.8
    endloop
  endfacet
  facet normal 0 0 0
    outer loop
      vertex 6.52791 -7.95428 24.8
      vertex 16.98192 -16.98192 24.8
      vertex 15.32976 -18.67937 24.8
    endloop
  endfacet
  facet normal 0 0 0
    outer loop
      vertex 6.52791 -7.95428 24.8
      vertex 7.27613 -7.27613 24.8
      vertex 16.98192 -16.98192 24.8
    endloop
  endfacet
  facet normal 0 0 0
    outer loop
      vertex 16.98192 -16.98192 24.8
      vertex 16.30264 -16.30264 30.8
      vertex 17.86179 -14.65879 30.8
    endloop
  endfacet
  facet normal 0 0 0
    outer loop
      vertex 16.98192 -16.98192 24.8
      vertex 17.86179 -14.65879 30.8
      vertex 18.60603 -15.26957 24.8
    endloop
  endfacet
  facet normal 0 0 0
    outer loop
      vertex 7.27613 -7.27613 24.8
      vertex 7.31794 -6.00567 30.8
      vertex 6.69404 -6.69404 30.8
    endloop
  endfacet
  facet normal 0 0 0
    outer loop
      vertex 7.27613 -7.27613 24.8
      vertex 7.95428 -6.52791 24.8
      vertex 7.31794 -6.00567 30.8
    endloop
  endfacet
  facet normal 0 0 0
    outer loop
      vertex 6.69404 -6.69404 30.8
      vertex 16.30264 -16.30264 30.8
      vertex 17.86179 -14.65879 30.8
    endloop
  endfacet
  facet normal 0 0 0
    outer loop
      vertex 6.69404 -6.69404 30.8
      vertex 17.86179 -14.65879 30.8
      vertex 7.31794 -6.00567 30.8
    endloop
  endfacet
  facet normal 0 0 0
    outer loop
      vertex 7.27613 -7.27613 24.8
      vertex 18.60603 -15.26957 24.8
      vertex 16.98192 -16.98192 24.8
    endloop
  endfacet
  facet normal 0 0 0
    outer loop
      vertex 7.27613 -7.27613 24.8
      vertex 7.95428 -6.52791 24.8
      vertex 18.60603 -15.26957 24.8
    endloop
  endfacet
  facet normal 0 0 0
    outer loop
      vertex 18.60603 -15.26957 24.8
      vertex 17.86179 -14.65879 30.8
      vertex 19.40206 -12.96404 30.8
    endloop
  endfacet
  facet normal 0 0 0
    outer loop
      vertex 18.60603 -15.26957 24.8
      vertex 19.40206 -12.96404 30.8
      vertex 20.21048 -13.50421 24.8
    endloop
  endfacet
  facet normal 0 0 0
    outer loop
      vertex 7.95428 -6.52791 24.8
      vertex 7.87136 -5.25947 30.8
      vertex 7.31794 -6.00567 30.8
    endloop
  endfacet
  facet normal 0 0 0
    outer loop
      vertex 7.95428 -6.52791 24.8
      vertex 8.55582 -5.71682 24.8
      vertex 7.87136 -5.25947 30.8
    endloop
  endfacet
  facet normal 0 0 0
    outer loop
      vertex 7.31794 -6.00567 30.8
      vertex 17.86179 -14.65879 30.8
      vertex 19.40206 -12.96404 30.8
    endloop
  endfacet
  facet normal 0 0 0
    outer loop
      vertex 7.31794 -6.00567 30.8
      vertex 19.40206 -12.96404 30.8
      vertex 7.87136 -5.25947 30.8
    endloop
  endfacet
  facet normal 0 0 0
    outer loop
      vertex 7.95428 -6.52791 24.8
      vertex 20.21048 -13.50421 24.8
      vertex 18.60603 -15.26957 24.8
    endloop
  endfacet
  facet normal 0 0 0
    outer loop
      vertex 7.95428 -6.52791 24.8
      vertex 8.55582 -5.71682 24.8
      vertex 20.21048 -13.50421 24.8
    endloop
  endfacet
  facet normal 0 0 0
    outer loop
      vertex 20.21048 -13.50421 24.8
      vertex 19.40206 -12.96404 30.8
      vertex 20.86823 -11.1543 30.8
    endloop
  endfacet
  facet normal 0 0 0
    outer loop
      vertex 20.21048 -13.50421 24.8
      vertex 20.86823 -11.1543 30.8
      vertex 21.73774 -11.61907 24.8
    endloop
  endfacet
  facet normal 0 0 0
    outer loop
      vertex 8.55582 -5.71682 24.8
      vertex 8.34897 -4.46262 30.8
      vertex 7.87136 -5.25947 30.8
    endloop
  endfacet
  facet normal 0 0 0
    outer loop
      vertex 8.55582 -5.71682 24.8
      vertex 9.07497 -4.85067 24.8
      vertex 8.34897 -4.46262 30.8
    endloop
  endfacet
  facet normal 0 0 0
    outer loop
      vertex 7.87136 -5.25947 30.8
      vertex 19.40206 -12.96404 30.8
      vertex 20.86823 -11.1543 30.8
    endloop
  endfacet
  facet normal 0 0 0
    outer loop
      vertex 7.87136 -5.25947 30.8
      vertex 20.86823 -11.1543 30.8
      vertex 8.34897 -4.46262 30.8
    endloop
  endfacet
  facet normal 0 0 0
    outer loop
      vertex 8.55582 -5.71682 24.8
      vertex 21.73774 -11.61907 24.8
      vertex 20.21048 -13.50421 24.8
    endloop
  endfacet
  facet normal 0 0 0
    outer loop
      vertex 8.55582 -5.71682 24.8
      vertex 9.07497 -4.85067 24.8
      vertex 21.73774 -11.61907 24.8
    endloop
  endfacet
  facet normal 0 0 0
    outer loop
      vertex 21.73774 -11.61907 24.8
      vertex 20.86823 -11.1543 30.8
      vertex 22.1538 -9.1764 30.8
    endloop
  endfacet
  facet normal 0 0 0
    outer loop
      vertex 21.73774 -11.61907 24.8
      vertex 22.1538 -9.1764 30.8
      vertex 23.07688 -9.55875 24.8
    endloop
  endfacet
  facet normal 0 0 0
    outer loop
      vertex 9.07497 -4.85067 24.8
      vertex 8.74618 -3.62279 30.8
      vertex 8.34897 -4.46262 30.8
    endloop
  endfacet
  facet normal 0 0 0
    outer loop
      vertex 9.07497 -4.85067 24.8
      vertex 9.50672 -3.93781 24.8
      vertex 8.74618 -3.62279 30.8
    endloop
  endfacet
  facet normal 0 0 0
    outer loop
      vertex 8.34897 -4.46262 30.8
      vertex 20.86823 -11.1543 30.8
      vertex 22.1538 -9.1764 30.8
    endloop
  endfacet
  facet normal 0 0 0
    outer loop
      vertex 8.34897 -4.46262 30.8
      vertex 22.1538 -9.1764 30.8
      vertex 8.74618 -3.62279 30.8
    endloop
  endfacet
  facet normal 0 0 0
    outer loop
      vertex 9.07497 -4.85067 24.8
      vertex 23.07688 -9.55875 24.8
      vertex 21.73774 -11.61907 24.8
    endloop
  endfacet
  facet normal 0 0 0
    outer loop
      vertex 9.07497 -4.85067 24.8
      vertex 9.50672 -3.93781 24.8
      vertex 23.07688 -9.55875 24.8
    endloop
  endfacet
  facet normal 0 0 0
    outer loop
      vertex 23.07688 -9.55875 24.8
      vertex 22.1538 -9.1764 30.8
      vertex 28.59073 -8.6729 30.8
    endloop
  endfacet
  facet normal 0 0 0
    outer loop
      vertex 23.07688 -9.55875 24.8
      vertex 28.59073 -8.6729 30.8
      vertex 29.78201 -9.03427 24.8
    endloop
  endfacet
  facet normal 0 0 0
    outer loop
      vertex 9.50672 -3.93781 24.8
      vertex 9.05916 -2.74807 30.8
      vertex 8.74618 -3.62279 30.8
    endloop
  endfacet
  facet normal 0 0 0
    outer loop
      vertex 9.50672 -3.93781 24.8
      vertex 9.84692 -2.98703 24.8
      vertex 9.05916 -2.74807 30.8
    endloop
  endfacet
  facet normal 0 0 0
    outer loop
      vertex 8.74618 -3.62279 30.8
      vertex 22.1538 -9.1764 30.8
      vertex 28.59073 -8.6729 30.8
    endloop
  endfacet
  facet normal 0 0 0
    outer loop
      vertex 8.74618 -3.62279 30.8
      vertex 28.59073 -8.6729 30.8
      vertex 9.05916 -2.74807 30.8
    endloop
  endfacet
  facet normal 0 0 0
    outer loop
      vertex 9.50672 -3.93781 24.8
      vertex 29.78201 -9.03427 24.8
      vertex 23.07688 -9.55875 24.8
    endloop
  endfacet
  facet normal 0 0 0
    outer loop
      vertex 9.50672 -3.93781 24.8
      vertex 9.84692 -2.98703 24.8
      vertex 29.78201 -9.03427 24.8
    endloop
  endfacet
  facet normal 0 0 0
    outer loop
      vertex 29.78201 -9.03427 24.8
      vertex 28.59073 -8.6729 30.8
      vertex 29.3175 -5.83161 30.8
    endloop
  endfacet
  facet normal 0 0 0
    outer loop
      vertex 29.78201 -9.03427 24.8
      vertex 29.3175 -5.83161 30.8
      vertex 30.53907 -6.0746 24.8
    endloop
  endfacet
  facet normal 0 0 0
    outer loop
      vertex 9.84692 -2.98703 24.8
      vertex 9.2849 -1.84688 30.8
      vertex 9.05916 -2.74807 30.8
    endloop
  endfacet
  facet normal 0 0 0
    outer loop
      vertex 9.84692 -2.98703 24.8
      vertex 10.09228 -2.00748 24.8
      vertex 9.2849 -1.84688 30.8
    endloop
  endfacet
  facet normal 0 0 0
    outer loop
      vertex 9.05916 -2.74807 30.8
      vertex 28.59073 -8.6729 30.8
      vertex 29.3175 -5.83161 30.8
    endloop
  endfacet
  facet normal 0 0 0
    outer loop
      vertex 9.05916 -2.74807 30.8
      vertex 29.3175 -5.83161 30.8
      vertex 9.2849 -1.84688 30.8
    endloop
  endfacet
  facet normal 0 0 0
    outer loop
      vertex 9.84692 -2.98703 24.8
      vertex 30.53907 -6.0746 24.8
      vertex 29.78201 -9.03427 24.8
    endloop
  endfacet
  facet normal 0 0 0
    outer loop
      vertex 9.84692 -2.98703 24.8
      vertex 10.09228 -2.00748 24.8
      vertex 30.53907 -6.0746 24.8
    endloop
  endfacet
  facet normal 0 0 0
    outer loop
      vertex 30.53907 -6.0746 24.8
      vertex 29.3175 -5.83161 30.8
      vertex 29.57377 -2.91276 30.8
    endloop
  endfacet
  facet normal 0 0 0
    outer loop
      vertex 30.53907 -6.0746 24.8
      vertex 29.57377 -2.91276 30.8
      vertex 30.80601 -3.03413 24.8
    endloop
  endfacet
  facet normal 0 0 0
    outer loop
      vertex 10.09228 -2.00748 24.8
      vertex 9.42121 -0.92791 30.8
      vertex 9.2849 -1.84688 30.8
    endloop
  endfacet
  facet normal 0 0 0
    outer loop
      vertex 10.09228 -2.00748 24.8
      vertex 10.24045 -1.0086 24.8
      vertex 9.42121 -0.92791 30.8
    endloop
  endfacet
  facet normal 0 0 0
    outer loop
      vertex 9.2849 -1.84688 30.8
      vertex 29.3175 -5.83161 30.8
      vertex 29.57377 -2.91276 30.8
    endloop
  endfacet
  facet normal 0 0 0
    outer loop
      vertex 9.2849 -1.84688 30.8
      vertex 29.57377 -2.91276 30.8
      vertex 9.42121 -0.92791 30.8
    endloop
  endfacet
  facet normal 0 0 0
    outer loop
      vertex 10.09228 -2.00748 24.8
      vertex 30.80601 -3.03413 24.8
      vertex 30.53907 -6.0746 24.8
    endloop
  endfacet
  facet normal 0 0 0
    outer loop
      vertex 10.09228 -2.00748 24.8
      vertex 10.24045 -1.0086 24.8
      vertex 30.80601 -3.03413 24.8
    endloop
  endfacet
  facet normal 0 0 0
    outer loop
      vertex 30.80601 -3.03413 24.8
      vertex 29.57377 -2.91276 30.8
      vertex 29.4112 0 30.8
    endloop
  endfacet
  facet normal 0 0 0
    outer loop
      vertex 30.80601 -3.03413 24.8
      vertex 29.4112 0 30.8
      vertex 30.63667 0 24.8
    endloop
  endfacet
  facet normal 0 0 0
    outer loop
      vertex 10.24045 -1.0086 24.8
      vertex 9.4668 0 30.8
      vertex 9.42121 -0.92791 30.8
    endloop
  endfacet
  facet normal 0 0 0
    outer loop
      vertex 10.24045 -1.0086 24.8
      vertex 10.29 0 24.8
      vertex 9.4668 0 30.8
    endloop
  endfacet
  facet normal 0 0 0
    outer loop
      vertex 9.42121 -0.92791 30.8
      vertex 29.57377 -2.91276 30.8
      vertex 29.4112 0 30.8
    endloop
  endfacet
  facet normal 0 0 0
    outer loop
      vertex 9.42121 -0.92791 30.8
      vertex 29.4112 0 30.8
      vertex 9.4668 0 30.8
    endloop
  endfacet
  facet normal 0 0 0
    outer loop
      vertex 10.24045 -1.0086 24.8
      vertex 30.63667 0 24.8
      vertex 30.80601 -3.03413 24.8
    endloop
  endfacet
  facet normal 0 0 0
    outer loop
      vertex 10.24045 -1.0086 24.8
      vertex 10.29 0 24.8
      vertex 30.63667 0 24.8
    endloop
  endfacet
  facet normal 0 0 0
    outer loop
      vertex 10.535 0 27.2
      vertex 8.33 0 37.2
      vertex 8.28989 0.81648 37.2
    endloop
  endfacet
  facet normal 0 0 0
    outer loop
      vertex 10.535 0 27.2
      vertex 8.28989 0.81648 37.2
      vertex 10.48427 1.03261 27.2
    endloop
  endfacet
  facet normal 0 0 0
    outer loop
      vertex 0 0 27.2
      vertex 10.48427 1.03261 27.2
      vertex 10.535 0 27.2
    endloop
  endfacet
  facet normal 0 0 0
    outer loop
      vertex 0 0 37.2
      vertex 8.33 0 37.2
      vertex 8.28989 0.81648 37.2
    endloop
  endfacet
  facet normal 0 0 0
    outer loop
      vertex 10.48427 1.03261 27.2
      vertex 8.28989 0.81648 37.2
      vertex 8.16994 1.6251 37.2
    endloop
  endfacet
  facet normal 0 0 0
    outer loop
      vertex 10.48427 1.03261 27.2
      vertex 8.16994 1.6251 37.2
      vertex 10.33257 2.05528 27.2
    endloop
  endfacet
  facet normal 0 0 0
    outer loop
      vertex 0 0 27.2
      vertex 10.33257 2.05528 27.2
      vertex 10.48427 1.03261 27.2
    endloop
  endfacet
  facet normal 0 0 0
    outer loop
      vertex 0 0 37.2
      vertex 8.28989 0.81648 37.2
      vertex 8.16994 1.6251 37.2
    endloop
  endfacet
  facet normal 0 0 0
    outer loop
      vertex 10.33257 2.05528 27.2
      vertex 8.16994 1.6251 37.2
      vertex 7.97131 2.41807 37.2
    endloop
  endfacet
  facet normal 0 0 0
    outer loop
      vertex 10.33257 2.05528 27.2
      vertex 7.97131 2.41807 37.2
      vertex 10.08137 3.05815 27.2
    endloop
  endfacet
  facet normal 0 0 0
    outer loop
      vertex 0 0 27.2
      vertex 10.08137 3.05815 27.2
      vertex 10.33257 2.05528 27.2
    endloop
  endfacet
  facet normal 0 0 0
    outer loop
      vertex 0 0 37.2
      vertex 8.16994 1.6251 37.2
      vertex 7.97131 2.41807 37.2
    endloop
  endfacet
  facet normal 0 0 0
    outer loop
      vertex 10.08137 3.05815 27.2
      vertex 7.97131 2.41807 37.2
      vertex 7.69592 3.18775 37.2
    endloop
  endfacet
  facet normal 0 0 0
    outer loop
      vertex 10.08137 3.05815 27.2
      vertex 7.69592 3.18775 37.2
      vertex 9.73307 4.03157 27.2
    endloop
  endfacet
  facet normal 0 0 0
    outer loop
      vertex 0 0 27.2
      vertex 9.73307 4.03157 27.2
      vertex 10.08137 3.05815 27.2
    endloop
  endfacet
  facet normal 0 0 0
    outer loop
      vertex 0 0 37.2
      vertex 7.97131 2.41807 37.2
      vertex 7.69592 3.18775 37.2
    endloop
  endfacet
  facet normal 0 0 0
    outer loop
      vertex 9.73307 4.03157 27.2
      vertex 7.69592 3.18775 37.2
      vertex 7.3464 3.92673 37.2
    endloop
  endfacet
  facet normal 0 0 0
    outer loop
      vertex 9.73307 4.03157 27.2
      vertex 7.3464 3.92673 37.2
      vertex 9.29104 4.96616 27.2
    endloop
  endfacet
  facet normal 0 0 0
    outer loop
      vertex 0 0 27.2
      vertex 9.29104 4.96616 27.2
      vertex 9.73307 4.03157 27.2
    endloop
  endfacet
  facet normal 0 0 0
    outer loop
      vertex 0 0 37.2
      vertex 7.69592 3.18775 37.2
      vertex 7.3464 3.92673 37.2
    endloop
  endfacet
  facet normal 0 0 0
    outer loop
      vertex 9.29104 4.96616 27.2
      vertex 7.3464 3.92673 37.2
      vertex 6.92614 4.6279 37.2
    endloop
  endfacet
  facet normal 0 0 0
    outer loop
      vertex 9.29104 4.96616 27.2
      vertex 6.92614 4.6279 37.2
      vertex 8.75953 5.85293 27.2
    endloop
  endfacet
  facet normal 0 0 0
    outer loop
      vertex 0 0 27.2
      vertex 8.75953 5.85293 27.2
      vertex 9.29104 4.96616 27.2
    endloop
  endfacet
  facet normal 0 0 0
    outer loop
      vertex 0 0 37.2
      vertex 7.3464 3.92673 37.2
      vertex 6.92614 4.6279 37.2
    endloop
  endfacet
  facet normal 0 0 0
    outer loop
      vertex 8.75953 5.85293 27.2
      vertex 6.92614 4.6279 37.2
      vertex 6.43918 5.2845 37.2
    endloop
  endfacet
  facet normal 0 0 0
    outer loop
      vertex 8.75953 5.85293 27.2
      vertex 6.43918 5.2845 37.2
      vertex 8.14367 6.68333 27.2
    endloop
  endfacet
  facet normal 0 0 0
    outer loop
      vertex 0 0 27.2
      vertex 8.14367 6.68333 27.2
      vertex 8.75953 5.85293 27.2
    endloop
  endfacet
  facet normal 0 0 0
    outer loop
      vertex 0 0 37.2
      vertex 6.92614 4.6279 37.2
      vertex 6.43918 5.2845 37.2
    endloop
  endfacet
  facet normal 0 0 0
    outer loop
      vertex 8.14367 6.68333 27.2
      vertex 6.43918 5.2845 37.2
      vertex 5.8902 5.8902 37.2
    endloop
  endfacet
  facet normal 0 0 0
    outer loop
      vertex 8.14367 6.68333 27.2
      vertex 5.8902 5.8902 37.2
      vertex 7.44937 7.44937 27.2
    endloop
  endfacet
  facet normal 0 0 0
    outer loop
      vertex 0 0 27.2
      vertex 7.44937 7.44937 27.2
      vertex 8.14367 6.68333 27.2
    endloop
  endfacet
  facet normal 0 0 0
    outer loop
      vertex 0 0 37.2
      vertex 6.43918 5.2845 37.2
      vertex 5.8902 5.8902 37.2
    endloop
  endfacet
  facet normal 0 0 0
    outer loop
      vertex 7.44937 7.44937 27.2
      vertex 5.8902 5.8902 37.2
      vertex 5.2845 6.43918 37.2
    endloop
  endfacet
  facet normal 0 0 0
    outer loop
      vertex 7.44937 7.44937 27.2
      vertex 5.2845 6.43918 37.2
      vertex 6.68333 8.14367 27.2
    endloop
  endfacet
  facet normal 0 0 0
    outer loop
      vertex 0 0 27.2
      vertex 6.68333 8.14367 27.2
      vertex 7.44937 7.44937 27.2
    endloop
  endfacet
  facet normal 0 0 0
    outer loop
      vertex 0 0 37.2
      vertex 5.8902 5.8902 37.2
      vertex 5.2845 6.43918 37.2
    endloop
  endfacet
  facet normal 0 0 0
    outer loop
      vertex 6.68333 8.14367 27.2
      vertex 5.2845 6.43918 37.2
      vertex 4.6279 6.92614 37.2
    endloop
  endfacet
  facet normal 0 0 0
    outer loop
      vertex 6.68333 8.14367 27.2
      vertex 4.6279 6.92614 37.2
      vertex 5.85293 8.75953 27.2
    endloop
  endfacet
  facet normal 0 0 0
    outer loop
      vertex 0 0 27.2
      vertex 5.85293 8.75953 27.2
      vertex 6.68333 8.14367 27.2
    endloop
  endfacet
  facet normal 0 0 0
    outer loop
      vertex 0 0 37.2
      vertex 5.2845 6.43918 37.2
      vertex 4.6279 6.92614 37.2
    endloop
  endfacet
  facet normal 0 0 0
    outer loop
      vertex 5.85293 8.75953 27.2
      vertex 4.6279 6.92614 37.2
      vertex 3.92673 7.3464 37.2
    endloop
  endfacet
  facet normal 0 0 0
    outer loop
      vertex 5.85293 8.75953 27.2
      vertex 3.92673 7.3464 37.2
      vertex 4.96616 9.29104 27.2
    endloop
  endfacet
  facet normal 0 0 0
    outer loop
      vertex 0 0 27.2
      vertex 4.96616 9.29104 27.2
      vertex 5.85293 8.75953 27.2
    endloop
  endfacet
  facet normal 0 0 0
    outer loop
      vertex 0 0 37.2
      vertex 4.6279 6.92614 37.2
      vertex 3.92673 7.3464 37.2
    endloop
  endfacet
  facet normal 0 0 0
    outer loop
      vertex 4.96616 9.29104 27.2
      vertex 3.92673 7.3464 37.2
      vertex 3.18775 7.69592 37.2
    endloop
  endfacet
  facet normal 0 0 0
    outer loop
      vertex 4.96616 9.29104 27.2
      vertex 3.18775 7.69592 37.2
      vertex 4.03157 9.73307 27.2
    endloop
  endfacet
  facet normal 0 0 0
    outer loop
      vertex 0 0 27.2
      vertex 4.03157 9.73307 27.2
      vertex 4.96616 9.29104 27.2
    endloop
  endfacet
  facet normal 0 0 0
    outer loop
      vertex 0 0 37.2
      vertex 3.92673 7.3464 37.2
      vertex 3.18775 7.69592 37.2
    endloop
  endfacet
  facet normal 0 0 0
    outer loop
      vertex 4.03157 9.73307 27.2
      vertex 3.18775 7.69592 37.2
      vertex 2.41807 7.97131 37.2
    endloop
  endfacet
  facet normal 0 0 0
    outer loop
      vertex 4.03157 9.73307 27.2
      vertex 2.41807 7.97131 37.2
      vertex 3.05815 10.08137 27.2
    endloop
  endfacet
  facet normal 0 0 0
    outer loop
      vertex 0 0 27.2
      vertex 3.05815 10.08137 27.2
      vertex 4.03157 9.73307 27.2
    endloop
  endfacet
  facet normal 0 0 0
    outer loop
      vertex 0 0 37.2
      vertex 3.18775 7.69592 37.2
      vertex 2.41807 7.97131 37.2
    endloop
  endfacet
  facet normal 0 0 0
    outer loop
      vertex 3.05815 10.08137 27.2
      vertex 2.41807 7.97131 37.2
      vertex 1.6251 8.16994 37.2
    endloop
  endfacet
  facet normal 0 0 0
    outer loop
      vertex 3.05815 10.08137 27.2
      vertex 1.6251 8.16994 37.2
      vertex 2.05528 10.33257 27.2
    endloop
  endfacet
  facet normal 0 0 0
    outer loop
      vertex 0 0 27.2
      vertex 2.05528 10.33257 27.2
      vertex 3.05815 10.08137 27.2
    endloop
  endfacet
  facet normal 0 0 0
    outer loop
      vertex 0 0 37.2
      vertex 2.41807 7.97131 37.2
      vertex 1.6251 8.16994 37.2
    endloop
  endfacet
  facet normal 0 0 0
    outer loop
      vertex 2.05528 10.33257 27.2
      vertex 1.6251 8.16994 37.2
      vertex 0.81648 8.28989 37.2
    endloop
  endfacet
  facet normal 0 0 0
    outer loop
      vertex 2.05528 10.33257 27.2
      vertex 0.81648 8.28989 37.2
      vertex 1.03261 10.48427 27.2
    endloop
  endfacet
  facet normal 0 0 0
    outer loop
      vertex 0 0 27.2
      vertex 1.03261 10.48427 27.2
      vertex 2.05528 10.33257 27.2
    endloop
  endfacet
  facet normal 0 0 0
    outer loop
      vertex 0 0 37.2
      vertex 1.6251 8.16994 37.2
      vertex 0.81648 8.28989 37.2
    endloop
  endfacet
  facet normal 0 0 0
    outer loop
      vertex 1.03261 10.48427 27.2
      vertex 0.81648 8.28989 37.2
      vertex 0 8.33 37.2
    endloop
  endfacet
  facet normal 0 0 0
    outer loop
      vertex 1.03261 10.48427 27.2
      vertex 0 8.33 37.2
      vertex 0 10.535 27.2
    endloop
  endfacet
  facet normal 0 0 0
    outer loop
      vertex 0 0 27.2
      vertex 0 10.535 27.2
      vertex 1.03261 10.48427 27.2
    endloop
  endfacet
  facet normal 0 0 0
    outer loop
      vertex 0 0 37.2
      vertex 0.81648 8.28989 37.2
      vertex 0 8.33 37.2
    endloop
  endfacet
  facet normal 0 0 0
    outer loop
      vertex 0 10.535 27.2
      vertex 0 8.33 37.2
      vertex -0.81648 8.28989 37.2
    endloop
  endfacet
  facet normal 0 0 0
    outer loop
      vertex 0 10.535 27.2
      vertex -0.81648 8.28989 37.2
      vertex -1.03261 10.48427 27.2
    endloop
  endfacet
  facet normal 0 0 0
    outer loop
      vertex 0 0 27.2
      vertex -1.03261 10.48427 27.2
      vertex 0 10.535 27.2
    endloop
  endfacet
  facet normal 0 0 0
    outer loop
      vertex 0 0 37.2
      vertex 0 8.33 37.2
      vertex -0.81648 8.28989 37.2
    endloop
  endfacet
  facet normal 0 0 0
    outer loop
      vertex -1.03261 10.48427 27.2
      vertex -0.81648 8.28989 37.2
      vertex -1.6251 8.16994 37.2
    endloop
  endfacet
  facet normal 0 0 0
    outer loop
      vertex -1.03261 10.48427 27.2
      vertex -1.6251 8.16994 37.2
      vertex -2.05528 10.33257 27.2
    endloop
  endfacet
  facet normal 0 0 0
    outer loop
      vertex 0 0 27.2
      vertex -2.05528 10.33257 27.2
      vertex -1.03261 10.48427 27.2
    endloop
  endfacet
  facet normal 0 0 0
    outer loop
      vertex 0 0 37.2
      vertex -0.81648 8.28989 37.2
      vertex -1.6251 8.16994 37.2
    endloop
  endfacet
  facet normal 0 0 0
    outer loop
      vertex -2.05528 10.33257 27.2
      vertex -1.6251 8.16994 37.2
      vertex -2.41807 7.97131 37.2
    endloop
  endfacet
  facet normal 0 0 0
    outer loop
      vertex -2.05528 10.33257 27.2
      vertex -2.41807 7.97131 37.2
      vertex -3.05815 10.08137 27.2
    endloop
  endfacet
  facet normal 0 0 0
    outer loop
      vertex 0 0 27.2
      vertex -3.05815 10.08137 27.2
      vertex -2.05528 10.33257 27.2
    endloop
  endfacet
  facet normal 0 0 0
    outer loop
      vertex 0 0 37.2
      vertex -1.6251 8.16994 37.2
      vertex -2.41807 7.97131 37.2
    endloop
  endfacet
  facet normal 0 0 0
    outer loop
      vertex -3.05815 10.08137 27.2
      vertex -2.41807 7.97131 37.2
      vertex -3.18775 7.69592 37.2
    endloop
  endfacet
  facet normal 0 0 0
    outer loop
      vertex -3.05815 10.08137 27.2
      vertex -3.18775 7.69592 37.2
      vertex -4.03157 9.73307 27.2
    endloop
  endfacet
  facet normal 0 0 0
    outer loop
      vertex 0 0 27.2
      vertex -4.03157 9.73307 27.2
      vertex -3.05815 10.08137 27.2
    endloop
  endfacet
  facet normal 0 0 0
    outer loop
      vertex 0 0 37.2
      vertex -2.41807 7.97131 37.2
      vertex -3.18775 7.69592 37.2
    endloop
  endfacet
  facet normal 0 0 0
    outer loop
      vertex -4.03157 9.73307 27.2
      vertex -3.18775 7.69592 37.2
      vertex -3.92673 7.3464 37.2
    endloop
  endfacet
  facet normal 0 0 0
    outer loop
      vertex -4.03157 9.73307 27.2
      vertex -3.92673 7.3464 37.2
      vertex -4.96616 9.29104 27.2
    endloop
  endfacet
  facet normal 0 0 0
    outer loop
      vertex 0 0 27.2
      vertex -4.96616 9.29104 27.2
      vertex -4.03157 9.73307 27.2
    endloop
  endfacet
  facet normal 0 0 0
    outer loop
      vertex 0 0 37.2
      vertex -3.18775 7.69592 37.2
      vertex -3.92673 7.3464 37.2
    endloop
  endfacet
  facet normal 0 0 0
    outer loop
      vertex -4.96616 9.29104 27.2
      vertex -3.92673 7.3464 37.2
      vertex -4.6279 6.92614 37.2
    endloop
  endfacet
  facet normal 0 0 0
    outer loop
      vertex -4.96616 9.29104 27.2
      vertex -4.6279 6.92614 37.2
      vertex -5.85293 8.75953 27.2
    endloop
  endfacet
  facet normal 0 0 0
    outer loop
      vertex 0 0 27.2
      vertex -5.85293 8.75953 27.2
      vertex -4.96616 9.29104 27.2
    endloop
  endfacet
  facet normal 0 0 0
    outer loop
      vertex 0 0 37.2
      vertex -3.92673 7.3464 37.2
      vertex -4.6279 6.92614 37.2
    endloop
  endfacet
  facet normal 0 0 0
    outer loop
      vertex -5.85293 8.75953 27.2
      vertex -4.6279 6.92614 37.2
      vertex -5.2845 6.43918 37.2
    endloop
  endfacet
  facet normal 0 0 0
    outer loop
      vertex -5.85293 8.75953 27.2
      vertex -5.2845 6.43918 37.2
      vertex -6.68333 8.14367 27.2
    endloop
  endfacet
  facet normal 0 0 0
    outer loop
      vertex 0 0 27.2
      vertex -6.68333 8.14367 27.2
      vertex -5.85293 8.75953 27.2
    endloop
  endfacet
  facet normal 0 0 0
    outer loop
      vertex 0 0 37.2
      vertex -4.6279 6.92614 37.2
      vertex -5.2845 6.43918 37.2
    endloop
  endfacet
  facet normal 0 0 0
    outer loop
      vertex -6.68333 8.14367 27.2
      vertex -5.2845 6.43918 37.2
      vertex -5.8902 5.8902 37.2
    endloop
  endfacet
  facet normal 0 0 0
    outer loop
      vertex -6.68333 8.14367 27.2
      vertex -5.8902 5.8902 37.2
      vertex -7.44937 7.44937 27.2
    endloop
  endfacet
  facet normal 0 0 0
    outer loop
      vertex 0 0 27.2
      vertex -7.44937 7.44937 27.2
      vertex -6.68333 8.14367 27.2
    endloop
  endfacet
  facet normal 0 0 0
    outer loop
      vertex 0 0 37.2
      vertex -5.2845 6.43918 37.2
      vertex -5.8902 5.8902 37.2
    endloop
  endfacet
  facet normal 0 0 0
    outer loop
      vertex -7.44937 7.44937 27.2
      vertex -5.8902 5.8902 37.2
      vertex -6.43918 5.2845 37.2
    endloop
  endfacet
  facet normal 0 0 0
    outer loop
      vertex -7.44937 7.44937 27.2
      vertex -6.43918 5.2845 37.2
      vertex -8.14367 6.68333 27.2
    endloop
  endfacet
  facet normal 0 0 0
    outer loop
      vertex 0 0 27.2
      vertex -8.14367 6.68333 27.2
      vertex -7.44937 7.44937 27.2
    endloop
  endfacet
  facet normal 0 0 0
    outer loop
      vertex 0 0 37.2
      vertex -5.8902 5.8902 37.2
      vertex -6.43918 5.2845 37.2
    endloop
  endfacet
  facet normal 0 0 0
    outer loop
      vertex -8.14367 6.68333 27.2
      vertex -6.43918 5.2845 37.2
      vertex -6.92614 4.6279 37.2
    endloop
  endfacet
  facet normal 0 0 0
    outer loop
      vertex -8.14367 6.68333 27.2
      vertex -6.92614 4.6279 37.2
      vertex -8.75953 5.85293 27.2
    endloop
  endfacet
  facet normal 0 0 0
    outer loop
      vertex 0 0 27.2
      vertex -8.75953 5.85293 27.2
      vertex -8.14367 6.68333 27.2
    endloop
  endfacet
  facet normal 0 0 0
    outer loop
      vertex 0 0 37.2
      vertex -6.43918 5.2845 37.2
      vertex -6.92614 4.6279 37.2
    endloop
  endfacet
  facet normal 0 0 0
    outer loop
      vertex -8.75953 5.85293 27.2
      vertex -6.92614 4.6279 37.2
      vertex -7.3464 3.92673 37.2
    endloop
  endfacet
  facet normal 0 0 0
    outer loop
      vertex -8.75953 5.85293 27.2
      vertex -7.3464 3.92673 37.2
      vertex -9.29104 4.96616 27.2
    endloop
  endfacet
  facet normal 0 0 0
    outer loop
      vertex 0 0 27.2
      vertex -9.29104 4.96616 27.2
      vertex -8.75953 5.85293 27.2
    endloop
  endfacet
  facet normal 0 0 0
    outer loop
      vertex 0 0 37.2
      vertex -6.92614 4.6279 37.2
      vertex -7.3464 3.92673 37.2
    endloop
  endfacet
  facet normal 0 0 0
    outer loop
      vertex -9.29104 4.96616 27.2
      vertex -7.3464 3.92673 37.2
      vertex -7.69592 3.18775 37.2
    endloop
  endfacet
  facet normal 0 0 0
    outer loop
      vertex -9.29104 4.96616 27.2
      vertex -7.69592 3.18775 37.2
      vertex -9.73307 4.03157 27.2
    endloop
  endfacet
  facet normal 0 0 0
    outer loop
      vertex 0 0 27.2
      vertex -9.73307 4.03157 27.2
      vertex -9.29104 4.96616 27.2
    endloop
  endfacet
  facet normal 0 0 0
    outer loop
      vertex 0 0 37.2
      vertex -7.3464 3.92673 37.2
      vertex -7.69592 3.18775 37.2
    endloop
  endfacet
  facet normal 0 0 0
    outer loop
      vertex -9.73307 4.03157 27.2
      vertex -7.69592 3.18775 37.2
      vertex -7.97131 2.41807 37.2
    endloop
  endfacet
  facet normal 0 0 0
    outer loop
      vertex -9.73307 4.03157 27.2
      vertex -7.97131 2.41807 37.2
      vertex -10.08137 3.05815 27.2
    endloop
  endfacet
  facet normal 0 0 0
    outer loop
      vertex 0 0 27.2
      vertex -10.08137 3.05815 27.2
      vertex -9.73307 4.03157 27.2
    endloop
  endfacet
  facet normal 0 0 0
    outer loop
      vertex 0 0 37.2
      vertex -7.69592 3.18775 37.2
      vertex -7.97131 2.41807 37.2
    endloop
  endfacet
  facet normal 0 0 0
    outer loop
      vertex -10.08137 3.05815 27.2
      vertex -7.97131 2.41807 37.2
      vertex -8.16994 1.6251 37.2
    endloop
  endfacet
  facet normal 0 0 0
    outer loop
      vertex -10.08137 3.05815 27.2
      vertex -8.16994 1.6251 37.2
      vertex -10.33257 2.05528 27.2
    endloop
  endfacet
  facet normal 0 0 0
    outer loop
      vertex 0 0 27.2
      vertex -10.33257 2.05528 27.2
      vertex -10.08137 3.05815 27.2
    endloop
  endfacet
  facet normal 0 0 0
    outer loop
      vertex 0 0 37.2
      vertex -7.97131 2.41807 37.2
      vertex -8.16994 1.6251 37.2
    endloop
  endfacet
  facet normal 0 0 0
    outer loop
      vertex -10.33257 2.05528 27.2
      vertex -8.16994 1.6251 37.2
      vertex -8.28989 0.81648 37.2
    endloop
  endfacet
  facet normal 0 0 0
    outer loop
      vertex -10.33257 2.05528 27.2
      vertex -8.28989 0.81648 37.2
      vertex -10.48427 1.03261 27.2
    endloop
  endfacet
  facet normal 0 0 0
    outer loop
      vertex 0 0 27.2
      vertex -10.48427 1.03261 27.2
      vertex -10.33257 2.05528 27.2
    endloop
  endfacet
  facet normal 0 0 0
    outer loop
      vertex 0 0 37.2
      vertex -8.16994 1.6251 37.2
      vertex -8.28989 0.81648 37.2
    endloop
  endfacet
  facet normal 0 0 0
    outer loop
      vertex -10.48427 1.03261 27.2
      vertex -8.28989 0.81648 37.2
      vertex -8.33 0 37.2
    endloop
  endfacet
  facet normal 0 0 0
    outer loop
      vertex -10.48427 1.03261 27.2
      vertex -8.33 0 37.2
      vertex -10.535 0 27.2
    endloop
  endfacet
  facet normal 0 0 0
    outer loop
      vertex 0 0 27.2
      vertex -10.535 0 27.2
      vertex -10.48427 1.03261 27.2
    endloop
  endfacet
  facet normal 0 0 0
    outer loop
      vertex 0 0 37.2
      vertex -8.28989 0.81648 37.2
      vertex -8.33 0 37.2
    endloop
  endfacet
  facet normal 0 0 0
    outer loop
      vertex -10.535 0 27.2
      vertex -8.33 0 37.2
      vertex -8.28989 -0.81648 37.2
    endloop
  endfacet
  facet normal 0 0 0
    outer loop
      vertex -10.535 0 27.2
      vertex -8.28989 -0.81648 37.2
      vertex -10.48427 -1.03261 27.2
    endloop
  endfacet
  facet normal 0 0 0
    outer loop
      vertex 0 0 27.2
      vertex -10.48427 -1.03261 27.2
      vertex -10.535 0 27.2
    endloop
  endfacet
  facet normal 0 0 0
    outer loop
      vertex 0 0 37.2
      vertex -8.33 0 37.2
      vertex -8.28989 -0.81648 37.2
    endloop
  endfacet
  facet normal 0 0 0
    outer loop
      vertex -10.48427 -1.03261 27.2
      vertex -8.28989 -0.81648 37.2
      vertex -8.16994 -1.6251 37.2
    endloop
  endfacet
  facet normal 0 0 0
    outer loop
      vertex -10.48427 -1.03261 27.2
      vertex -8.16994 -1.6251 37.2
      vertex -10.33257 -2.05528 27.2
    endloop
  endfacet
  facet normal 0 0 0
    outer loop
      vertex 0 0 27.2
      vertex -10.33257 -2.05528 27.2
      vertex -10.48427 -1.03261 27.2
    endloop
  endfacet
  facet normal 0 0 0
    outer loop
      vertex 0 0 37.2
      vertex -8.28989 -0.81648 37.2
      vertex -8.16994 -1.6251 37.2
    endloop
  endfacet
  facet normal 0 0 0
    outer loop
      vertex -10.33257 -2.05528 27.2
      vertex -8.16994 -1.6251 37.2
      vertex -7.97131 -2.41807 37.2
    endloop
  endfacet
  facet normal 0 0 0
    outer loop
      vertex -10.33257 -2.05528 27.2
      vertex -7.97131 -2.41807 37.2
      vertex -10.08137 -3.05815 27.2
    endloop
  endfacet
  facet normal 0 0 0
    outer loop
      vertex 0 0 27.2
      vertex -10.08137 -3.05815 27.2
      vertex -10.33257 -2.05528 27.2
    endloop
  endfacet
  facet normal 0 0 0
    outer loop
      vertex 0 0 37.2
      vertex -8.16994 -1.6251 37.2
      vertex -7.97131 -2.41807 37.2
    endloop
  endfacet
  facet normal 0 0 0
    outer loop
      vertex -10.08137 -3.05815 27.2
      vertex -7.97131 -2.41807 37.2
      vertex -7.69592 -3.18775 37.2
    endloop
  endfacet
  facet normal 0 0 0
    outer loop
      vertex -10.08137 -3.05815 27.2
      vertex -7.69592 -3.18775 37.2
      vertex -9.73307 -4.03157 27.2
    endloop
  endfacet
  facet normal 0 0 0
    outer loop
      vertex 0 0 27.2
      vertex -9.73307 -4.03157 27.2
      vertex -10.08137 -3.05815 27.2
    endloop
  endfacet
  facet normal 0 0 0
    outer loop
      vertex 0 0 37.2
      vertex -7.97131 -2.41807 37.2
      vertex -7.69592 -3.18775 37.2
    endloop
  endfacet
  facet normal 0 0 0
    outer loop
      vertex -9.73307 -4.03157 27.2
      vertex -7.69592 -3.18775 37.2
      vertex -7.3464 -3.92673 37.2
    endloop
  endfacet
  facet normal 0 0 0
    outer loop
      vertex -9.73307 -4.03157 27.2
      vertex -7.3464 -3.92673 37.2
      vertex -9.29104 -4.96616 27.2
    endloop
  endfacet
  facet normal 0 0 0
    outer loop
      vertex 0 0 27.2
      vertex -9.29104 -4.96616 27.2
      vertex -9.73307 -4.03157 27.2
    endloop
  endfacet
  facet normal 0 0 0
    outer loop
      vertex 0 0 37.2
      vertex -7.69592 -3.18775 37.2
      vertex -7.3464 -3.92673 37.2
    endloop
  endfacet
  facet normal 0 0 0
    outer loop
      vertex -9.29104 -4.96616 27.2
      vertex -7.3464 -3.92673 37.2
      vertex -6.92614 -4.6279 37.2
    endloop
  endfacet
  facet normal 0 0 0
    outer loop
      vertex -9.29104 -4.96616 27.2
      vertex -6.92614 -4.6279 37.2
      vertex -8.75953 -5.85293 27.2
    endloop
  endfacet
  facet normal 0 0 0
    outer loop
      vertex 0 0 27.2
      vertex -8.75953 -5.85293 27.2
      vertex -9.29104 -4.96616 27.2
    endloop
  endfacet
  facet normal 0 0 0
    outer loop
      vertex 0 0 37.2
      vertex -7.3464 -3.92673 37.2
      vertex -6.92614 -4.6279 37.2
    endloop
  endfacet
  facet normal 0 0 0
    outer loop
      vertex -8.75953 -5.85293 27.2
      vertex -6.92614 -4.6279 37.2
      vertex -6.43918 -5.2845 37.2
    endloop
  endfacet
  facet normal 0 0 0
    outer loop
      vertex -8.75953 -5.85293 27.2
      vertex -6.43918 -5.2845 37.2
      vertex -8.14367 -6.68333 27.2
    endloop
  endfacet
  facet normal 0 0 0
    outer loop
      vertex 0 0 27.2
      vertex -8.14367 -6.68333 27.2
      vertex -8.75953 -5.85293 27.2
    endloop
  endfacet
  facet normal 0 0 0
    outer loop
      vertex 0 0 37.2
      vertex -6.92614 -4.6279 37.2
      vertex -6.43918 -5.2845 37.2
    endloop
  endfacet
  facet normal 0 0 0
    outer loop
      vertex -8.14367 -6.68333 27.2
      vertex -6.43918 -5.2845 37.2
      vertex -5.8902 -5.8902 37.2
    endloop
  endfacet
  facet normal 0 0 0
    outer loop
      vertex -8.14367 -6.68333 27.2
      vertex -5.8902 -5.8902 37.2
      vertex -7.44937 -7.44937 27.2
    endloop
  endfacet
  facet normal 0 0 0
    outer loop
      vertex 0 0 27.2
      vertex -7.44937 -7.44937 27.2
      vertex -8.14367 -6.68333 27.2
    endloop
  endfacet
  facet normal 0 0 0
    outer loop
      vertex 0 0 37.2
      vertex -6.43918 -5.2845 37.2
      vertex -5.8902 -5.8902 37.2
    endloop
  endfacet
  facet normal 0 0 0
    outer loop
      vertex -7.44937 -7.44937 27.2
      vertex -5.8902 -5.8902 37.2
      vertex -5.2845 -6.43918 37.2
    endloop
  endfacet
  facet normal 0 0 0
    outer loop
      vertex -7.44937 -7.44937 27.2
      vertex -5.2845 -6.43918 37.2
      vertex -6.68333 -8.14367 27.2
    endloop
  endfacet
  facet normal 0 0 0
    outer loop
      vertex 0 0 27.2
      vertex -6.68333 -8.14367 27.2
      vertex -7.44937 -7.44937 27.2
    endloop
  endfacet
  facet normal 0 0 0
    outer loop
      vertex 0 0 37.2
      vertex -5.8902 -5.8902 37.2
      vertex -5.2845 -6.43918 37.2
    endloop
  endfacet
  facet normal 0 0 0
    outer loop
      vertex -6.68333 -8.14367 27.2
      vertex -5.2845 -6.43918 37.2
      vertex -4.6279 -6.92614 37.2
    endloop
  endfacet
  facet normal 0 0 0
    outer loop
      vertex -6.68333 -8.14367 27.2
      vertex -4.6279 -6.92614 37.2
      vertex -5.85293 -8.75953 27.2
    endloop
  endfacet
  facet normal 0 0 0
    outer loop
      vertex 0 0 27.2
      vertex -5.85293 -8.75953 27.2
      vertex -6.68333 -8.14367 27.2
    endloop
  endfacet
  facet normal 0 0 0
    outer loop
      vertex 0 0 37.2
      vertex -5.2845 -6.43918 37.2
      vertex -4.6279 -6.92614 37.2
    endloop
  endfacet
  facet normal 0 0 0
    outer loop
      vertex -5.85293 -8.75953 27.2
      vertex -4.6279 -6.92614 37.2
      vertex -3.92673 -7.3464 37.2
    endloop
  endfacet
  facet normal 0 0 0
    outer loop
      vertex -5.85293 -8.75953 27.2
      vertex -3.92673 -7.3464 37.2
      vertex -4.96616 -9.29104 27.2
    endloop
  endfacet
  facet normal 0 0 0
    outer loop
      vertex 0 0 27.2
      vertex -4.96616 -9.29104 27.2
      vertex -5.85293 -8.75953 27.2
    endloop
  endfacet
  facet normal 0 0 0
    outer loop
      vertex 0 0 37.2
      vertex -4.6279 -6.92614 37.2
      vertex -3.92673 -7.3464 37.2
    endloop
  endfacet
  facet normal 0 0 0
    outer loop
      vertex -4.96616 -9.29104 27.2
      vertex -3.92673 -7.3464 37.2
      vertex -3.18775 -7.69592 37.2
    endloop
  endfacet
  facet normal 0 0 0
    outer loop
      vertex -4.96616 -9.29104 27.2
      vertex -3.18775 -7.69592 37.2
      vertex -4.03157 -9.73307 27.2
    endloop
  endfacet
  facet normal 0 0 0
    outer loop
      vertex 0 0 27.2
      vertex -4.03157 -9.73307 27.2
      vertex -4.96616 -9.29104 27.2
    endloop
  endfacet
  facet normal 0 0 0
    outer loop
      vertex 0 0 37.2
      vertex -3.92673 -7.3464 37.2
      vertex -3.18775 -7.69592 37.2
    endloop
  endfacet
  facet normal 0 0 0
    outer loop
      vertex -4.03157 -9.73307 27.2
      vertex -3.18775 -7.69592 37.2
      vertex -2.41807 -7.97131 37.2
    endloop
  endfacet
  facet normal 0 0 0
    outer loop
      vertex -4.03157 -9.73307 27.2
      vertex -2.41807 -7.97131 37.2
      vertex -3.05815 -10.08137 27.2
    endloop
  endfacet
  facet normal 0 0 0
    outer loop
      vertex 0 0 27.2
      vertex -3.05815 -10.08137 27.2
      vertex -4.03157 -9.73307 27.2
    endloop
  endfacet
  facet normal 0 0 0
    outer loop
      vertex 0 0 37.2
      vertex -3.18775 -7.69592 37.2
      vertex -2.41807 -7.97131 37.2
    endloop
  endfacet
  facet normal 0 0 0
    outer loop
      vertex -3.05815 -10.08137 27.2
      vertex -2.41807 -7.97131 37.2
      vertex -1.6251 -8.16994 37.2
    endloop
  endfacet
  facet normal 0 0 0
    outer loop
      vertex -3.05815 -10.08137 27.2
      vertex -1.6251 -8.16994 37.2
      vertex -2.05528 -10.33257 27.2
    endloop
  endfacet
  facet normal 0 0 0
    outer loop
      vertex 0 0 27.2
      vertex -2.05528 -10.33257 27.2
      vertex -3.05815 -10.08137 27.2
    endloop
  endfacet
  facet normal 0 0 0
    outer loop
      vertex 0 0 37.2
      vertex -2.41807 -7.97131 37.2
      vertex -1.6251 -8.16994 37.2
    endloop
  endfacet
  facet normal 0 0 0
    outer loop
      vertex -2.05528 -10.33257 27.2
      vertex -1.6251 -8.16994 37.2
      vertex -0.81648 -8.28989 37.2
    endloop
  endfacet
  facet normal 0 0 0
    outer loop
      vertex -2.05528 -10.33257 27.2
      vertex -0.81648 -8.28989 37.2
      vertex -1.03261 -10.48427 27.2
    endloop
  endfacet
  facet normal 0 0 0
    outer loop
      vertex 0 0 27.2
      vertex -1.03261 -10.48427 27.2
      vertex -2.05528 -10.33257 27.2
    endloop
  endfacet
  facet normal 0 0 0
    outer loop
      vertex 0 0 37.2
      vertex -1.6251 -8.16994 37.2
      vertex -0.81648 -8.28989 37.2
    endloop
  endfacet
  facet normal 0 0 0
    outer loop
      vertex -1.03261 -10.48427 27.2
      vertex -0.81648 -8.28989 37.2
      vertex 0 -8.33 37.2
    endloop
  endfacet
  facet normal 0 0 0
    outer loop
      vertex -1.03261 -10.48427 27.2
      vertex 0 -8.33 37.2
      vertex 0 -10.535 27.2
    endloop
  endfacet
  facet normal 0 0 0
    outer loop
      vertex 0 0 27.2
      vertex 0 -10.535 27.2
      vertex -1.03261 -10.48427 27.2
    endloop
  endfacet
  facet normal 0 0 0
    outer loop
      vertex 0 0 37.2
      vertex -0.81648 -8.28989 37.2
      vertex 0 -8.33 37.2
    endloop
  endfacet
  facet normal 0 0 0
    outer loop
      vertex 0 -10.535 27.2
      vertex 0 -8.33 37.2
      vertex 0.81648 -8.28989 37.2
    endloop
  endfacet
  facet normal 0 0 0
    outer loop
      vertex 0 -10.535 27.2
      vertex 0.81648 -8.28989 37.2
      vertex 1.03261 -10.48427 27.2
    endloop
  endfacet
  facet normal 0 0 0
    outer loop
      vertex 0 0 27.2
      vertex 1.03261 -10.48427 27.2
      vertex 0 -10.535 27.2
    endloop
  endfacet
  facet normal 0 0 0
    outer loop
      vertex 0 0 37.2
      vertex 0 -8.33 37.2
      vertex 0.81648 -8.28989 37.2
    endloop
  endfacet
  facet normal 0 0 0
    outer loop
      vertex 1.03261 -10.48427 27.2
      vertex 0.81648 -8.28989 37.2
      vertex 1.6251 -8.16994 37.2
    endloop
  endfacet
  facet normal 0 0 0
    outer loop
      vertex 1.03261 -10.48427 27.2
      vertex 1.6251 -8.16994 37.2
      vertex 2.05528 -10.33257 27.2
    endloop
  endfacet
  facet normal 0 0 0
    outer loop
      vertex 0 0 27.2
      vertex 2.05528 -10.33257 27.2
      vertex 1.03261 -10.48427 27.2
    endloop
  endfacet
  facet normal 0 0 0
    outer loop
      vertex 0 0 37.2
      vertex 0.81648 -8.28989 37.2
      vertex 1.6251 -8.16994 37.2
    endloop
  endfacet
  facet normal 0 0 0
    outer loop
      vertex 2.05528 -10.33257 27.2
      vertex 1.6251 -8.16994 37.2
      vertex 2.41807 -7.97131 37.2
    endloop
  endfacet
  facet normal 0 0 0
    outer loop
      vertex 2.05528 -10.33257 27.2
      vertex 2.41807 -7.97131 37.2
      vertex 3.05815 -10.08137 27.2
    endloop
  endfacet
  facet normal 0 0 0
    outer loop
      vertex 0 0 27.2
      vertex 3.05815 -10.08137 27.2
      vertex 2.05528 -10.33257 27.2
    endloop
  endfacet
  facet normal 0 0 0
    outer loop
      vertex 0 0 37.2
      vertex 1.6251 -8.16994 37.2
      vertex 2.41807 -7.97131 37.2
    endloop
  endfacet
  facet normal 0 0 0
    outer loop
      vertex 3.05815 -10.08137 27.2
      vertex 2.41807 -7.97131 37.2
      vertex 3.18775 -7.69592 37.2
    endloop
  endfacet
  facet normal 0 0 0
    outer loop
      vertex 3.05815 -10.08137 27.2
      vertex 3.18775 -7.69592 37.2
      vertex 4.03157 -9.73307 27.2
    endloop
  endfacet
  facet normal 0 0 0
    outer loop
      vertex 0 0 27.2
      vertex 4.03157 -9.73307 27.2
      vertex 3.05815 -10.08137 27.2
    endloop
  endfacet
  facet normal 0 0 0
    outer loop
      vertex 0 0 37.2
      vertex 2.41807 -7.97131 37.2
      vertex 3.18775 -7.69592 37.2
    endloop
  endfacet
  facet normal 0 0 0
    outer loop
      vertex 4.03157 -9.73307 27.2
      vertex 3.18775 -7.69592 37.2
      vertex 3.92673 -7.3464 37.2
    endloop
  endfacet
  facet normal 0 0 0
    outer loop
      vertex 4.03157 -9.73307 27.2
      vertex 3.92673 -7.3464 37.2
      vertex 4.96616 -9.29104 27.2
    endloop
  endfacet
  facet normal 0 0 0
    outer loop
      vertex 0 0 27.2
      vertex 4.96616 -9.29104 27.2
      vertex 4.03157 -9.73307 27.2
    endloop
  endfacet
  facet normal 0 0 0
    outer loop
      vertex 0 0 37.2
      vertex 3.18775 -7.69592 37.2
      vertex 3.92673 -7.3464 37.2
    endloop
  endfacet
  facet normal 0 0 0
    outer loop
      vertex 4.96616 -9.29104 27.2
      vertex 3.92673 -7.3464 37.2
      vertex 4.6279 -6.92614 37.2
    endloop
  endfacet
  facet normal 0 0 0
    outer loop
      vertex 4.96616 -9.29104 27.2
      vertex 4.6279 -6.92614 37.2
      vertex 5.85293 -8.75953 27.2
    endloop
  endfacet
  facet normal 0 0 0
    outer loop
      vertex 0 0 27.2
      vertex 5.85293 -8.75953 27.2
      vertex 4.96616 -9.29104 27.2
    endloop
  endfacet
  facet normal 0 0 0
    outer loop
      vertex 0 0 37.2
      vertex 3.92673 -7.3464 37.2
      vertex 4.6279 -6.92614 37.2
    endloop
  endfacet
  facet normal 0 0 0
    outer loop
      vertex 5.85293 -8.75953 27.2
      vertex 4.6279 -6.92614 37.2
      vertex 5.2845 -6.43918 37.2
    endloop
  endfacet
  facet normal 0 0 0
    outer loop
      vertex 5.85293 -8.75953 27.2
      vertex 5.2845 -6.43918 37.2
      vertex 6.68333 -8.14367 27.2
    endloop
  endfacet
  facet normal 0 0 0
    outer loop
      vertex 0 0 27.2
      vertex 6.68333 -8.14367 27.2
      vertex 5.85293 -8.75953 27.2
    endloop
  endfacet
  facet normal 0 0 0
    outer loop
      vertex 0 0 37.2
      vertex 4.6279 -6.92614 37.2
      vertex 5.2845 -6.43918 37.2
    endloop
  endfacet
  facet normal 0 0 0
    outer loop
      vertex 6.68333 -8.14367 27.2
      vertex 5.2845 -6.43918 37.2
      vertex 5.8902 -5.8902 37.2
    endloop
  endfacet
  facet normal 0 0 0
    outer loop
      vertex 6.68333 -8.14367 27.2
      vertex 5.8902 -5.8902 37.2
      vertex 7.44937 -7.44937 27.2
    endloop
  endfacet
  facet normal 0 0 0
    outer loop
      vertex 0 0 27.2
      vertex 7.44937 -7.44937 27.2
      vertex 6.68333 -8.14367 27.2
    endloop
  endfacet
  facet normal 0 0 0
    outer loop
      vertex 0 0 37.2
      vertex 5.2845 -6.43918 37.2
      vertex 5.8902 -5.8902 37.2
    endloop
  endfacet
  facet normal 0 0 0
    outer loop
      vertex 7.44937 -7.44937 27.2
      vertex 5.8902 -5.8902 37.2
      vertex 6.43918 -5.2845 37.2
    endloop
  endfacet
  facet normal 0 0 0
    outer loop
      vertex 7.44937 -7.44937 27.2
      vertex 6.43918 -5.2845 37.2
      vertex 8.14367 -6.68333 27.2
    endloop
  endfacet
  facet normal 0 0 0
    outer loop
      vertex 0 0 27.2
      vertex 8.14367 -6.68333 27.2
      vertex 7.44937 -7.44937 27.2
    endloop
  endfacet
  facet normal 0 0 0
    outer loop
      vertex 0 0 37.2
      vertex 5.8902 -5.8902 37.2
      vertex 6.43918 -5.2845 37.2
    endloop
  endfacet
  facet normal 0 0 0
    outer loop
      vertex 8.14367 -6.68333 27.2
      vertex 6.43918 -5.2845 37.2
      vertex 6.92614 -4.6279 37.2
    endloop
  endfacet
  facet normal 0 0 0
    outer loop
      vertex 8.14367 -6.68333 27.2
      vertex 6.92614 -4.6279 37.2
      vertex 8.75953 -5.85293 27.2
    endloop
  endfacet
  facet normal 0 0 0
    outer loop
      vertex 0 0 27.2
      vertex 8.75953 -5.85293 27.2
      vertex 8.14367 -6.68333 27.2
    endloop
  endfacet
  facet normal 0 0 0
    outer loop
      vertex 0 0 37.2
      vertex 6.43918 -5.2845 37.2
      vertex 6.92614 -4.6279 37.2
    endloop
  endfacet
  facet normal 0 0 0
    outer loop
      vertex 8.75953 -5.85293 27.2
      vertex 6.92614 -4.6279 37.2
      vertex 7.3464 -3.92673 37.2
    endloop
  endfacet
  facet normal 0 0 0
    outer loop
      vertex 8.75953 -5.85293 27.2
      vertex 7.3464 -3.92673 37.2
      vertex 9.29104 -4.96616 27.2
    endloop
  endfacet
  facet normal 0 0 0
    outer loop
      vertex 0 0 27.2
      vertex 9.29104 -4.96616 27.2
      vertex 8.75953 -5.85293 27.2
    endloop
  endfacet
  facet normal 0 0 0
    outer loop
      vertex 0 0 37.2
      vertex 6.92614 -4.6279 37.2
      vertex 7.3464 -3.92673 37.2
    endloop
  endfacet
  facet normal 0 0 0
    outer loop
      vertex 9.29104 -4.96616 27.2
      vertex 7.3464 -3.92673 37.2
      vertex 7.69592 -3.18775 37.2
    endloop
  endfacet
  facet normal 0 0 0
    outer loop
      vertex 9.29104 -4.96616 27.2
      vertex 7.69592 -3.18775 37.2
      vertex 9.73307 -4.03157 27.2
    endloop
  endfacet
  facet normal 0 0 0
    outer loop
      vertex 0 0 27.2
      vertex 9.73307 -4.03157 27.2
      vertex 9.29104 -4.96616 27.2
    endloop
  endfacet
  facet normal 0 0 0
    outer loop
      vertex 0 0 37.2
      vertex 7.3464 -3.92673 37.2
      vertex 7.69592 -3.18775 37.2
    endloop
  endfacet
  facet normal 0 0 0
    outer loop
      vertex 9.73307 -4.03157 27.2
      vertex 7.69592 -3.18775 37.2
      vertex 7.97131 -2.41807 37.2
    endloop
  endfacet
  facet normal 0 0 0
    outer loop
      vertex 9.73307 -4.03157 27.2
      vertex 7.97131 -2.41807 37.2
      vertex 10.08137 -3.05815 27.2
    endloop
  endfacet
  facet normal 0 0 0
    outer loop
      vertex 0 0 27.2
      vertex 10.08137 -3.05815 27.2
      vertex 9.73307 -4.03157 27.2
    endloop
  endfacet
  facet normal 0 0 0
    outer loop
      vertex 0 0 37.2
      vertex 7.69592 -3.18775 37.2
      vertex 7.97131 -2.41807 37.2
    endloop
  endfacet
  facet normal 0 0 0
    outer loop
      vertex 10.08137 -3.05815 27.2
      vertex 7.97131 -2.41807 37.2
      vertex 8.16994 -1.6251 37.2
    endloop
  endfacet
  facet normal 0 0 0
    outer loop
      vertex 10.08137 -3.05815 27.2
      vertex 8.16994 -1.6251 37.2
      vertex 10.33257 -2.05528 27.2
    endloop
  endfacet
  facet normal 0 0 0
    outer loop
      vertex 0 0 27.2
      vertex 10.33257 -2.05528 27.2
      vertex 10.08137 -3.05815 27.2
    endloop
  endfacet
  facet normal 0 0 0
    outer loop
      vertex 0 0 37.2
      vertex 7.97131 -2.41807 37.2
      vertex 8.16994 -1.6251 37.2
    endloop
  endfacet
  facet normal 0 0 0
    outer loop
      vertex 10.33257 -2.05528 27.2
      vertex 8.16994 -1.6251 37.2
      vertex 8.28989 -0.81648 37.2
    endloop
  endfacet
  facet normal 0 0 0
    outer loop
      vertex 10.33257 -2.05528 27.2
      vertex 8.28989 -0.81648 37.2
      vertex 10.48427 -1.03261 27.2
    endloop
  endfacet
  facet normal 0 0 0
    outer loop
      vertex 0 0 27.2
      vertex 10.48427 -1.03261 27.2
      vertex 10.33257 -2.05528 27.2
    endloop
  endfacet
  facet normal 0 0 0
    outer loop
      vertex 0 0 37.2
      vertex 8.16994 -1.6251 37.2
      vertex 8.28989 -0.81648 37.2
    endloop
  endfacet
  facet normal 0 0 0
    outer loop
      vertex 10.48427 -1.03261 27.2
      vertex 8.28989 -0.81648 37.2
      vertex 8.33 0 37.2
    endloop
  endfacet
  facet normal 0 0 0
    outer loop
      vertex 10.48427 -1.03261 27.2
      vertex 8.33 0 37.2
      vertex 10.535 0 27.2
    endloop
  endfacet
  facet normal 0 0 0
    outer loop
      vertex 0 0 27.2
      vertex 10.535 0 27.2
      vertex 10.48427 -1.03261 27.2
    endloop
  endfacet
  facet normal 0 0 0
    outer loop
      vertex 0 0 37.2
      vertex 8.28989 -0.81648 37.2
      vertex 8.33 0 37.2
    endloop
  endfacet
  facet normal 0 0 0
    outer loop
      vertex 4.9 0 36.4
      vertex 3.92 0 40
      vertex 3.90112 0.38423 40
    endloop
  endfacet
  facet normal 0 0 0
    outer loop
      vertex 4.9 0 36.4
      vertex 3.90112 0.38423 40
      vertex 4.87641 0.48028 36.4
    endloop
  endfacet
  facet normal 0 0 0
    outer loop
      vertex 0 0 36.4
      vertex 4.87641 0.48028 36.4
      vertex 4.9 0 36.4
    endloop
  endfacet
  facet normal 0 0 0
    outer loop
      vertex 0 0 40
      vertex 3.92 0 40
      vertex 3.90112 0.38423 40
    endloop
  endfacet
  facet normal 0 0 0
    outer loop
      vertex 4.87641 0.48028 36.4
      vertex 3.90112 0.38423 40
      vertex 3.84468 0.76475 40
    endloop
  endfacet
  facet normal 0 0 0
    outer loop
      vertex 4.87641 0.48028 36.4
      vertex 3.84468 0.76475 40
      vertex 4.80585 0.95594 36.4
    endloop
  endfacet
  facet normal 0 0 0
    outer loop
      vertex 0 0 36.4
      vertex 4.80585 0.95594 36.4
      vertex 4.87641 0.48028 36.4
    endloop
  endfacet
  facet normal 0 0 0
    outer loop
      vertex 0 0 40
      vertex 3.90112 0.38423 40
      vertex 3.84468 0.76475 40
    endloop
  endfacet
  facet normal 0 0 0
    outer loop
      vertex 4.80585 0.95594 36.4
      vertex 3.84468 0.76475 40
      vertex 3.75121 1.13792 40
    endloop
  endfacet
  facet normal 0 0 0
    outer loop
      vertex 4.80585 0.95594 36.4
      vertex 3.75121 1.13792 40
      vertex 4.68901 1.42239 36.4
    endloop
  endfacet
  facet normal 0 0 0
    outer loop
      vertex 0 0 36.4
      vertex 4.68901 1.42239 36.4
      vertex 4.80585 0.95594 36.4
    endloop
  endfacet
  facet normal 0 0 0
    outer loop
      vertex 0 0 40
      vertex 3.84468 0.76475 40
      vertex 3.75121 1.13792 40
    endloop
  endfacet
  facet normal 0 0 0
    outer loop
      vertex 4.68901 1.42239 36.4
      vertex 3.75121 1.13792 40
      vertex 3.62161 1.50012 40
    endloop
  endfacet
  facet normal 0 0 0
    outer loop
      vertex 4.68901 1.42239 36.4
      vertex 3.62161 1.50012 40
      vertex 4.52701 1.87515 36.4
    endloop
  endfacet
  facet normal 0 0 0
    outer loop
      vertex 0 0 36.4
      vertex 4.52701 1.87515 36.4
      vertex 4.68901 1.42239 36.4
    endloop
  endfacet
  facet normal 0 0 0
    outer loop
      vertex 0 0 40
      vertex 3.75121 1.13792 40
      vertex 3.62161 1.50012 40
    endloop
  endfacet
  facet normal 0 0 0
    outer loop
      vertex 4.52701 1.87515 36.4
      vertex 3.62161 1.50012 40
      vertex 3.45713 1.84788 40
    endloop
  endfacet
  facet normal 0 0 0
    outer loop
      vertex 4.52701 1.87515 36.4
      vertex 3.45713 1.84788 40
      vertex 4.32141 2.30984 36.4
    endloop
  endfacet
  facet normal 0 0 0
    outer loop
      vertex 0 0 36.4
      vertex 4.32141 2.30984 36.4
      vertex 4.52701 1.87515 36.4
    endloop
  endfacet
  facet normal 0 0 0
    outer loop
      vertex 0 0 40
      vertex 3.62161 1.50012 40
      vertex 3.45713 1.84788 40
    endloop
  endfacet
  facet normal 0 0 0
    outer loop
      vertex 4.32141 2.30984 36.4
      vertex 3.45713 1.84788 40
      vertex 3.25936 2.17784 40
    endloop
  endfacet
  facet normal 0 0 0
    outer loop
      vertex 4.32141 2.30984 36.4
      vertex 3.25936 2.17784 40
      vertex 4.0742 2.72229 36.4
    endloop
  endfacet
  facet normal 0 0 0
    outer loop
      vertex 0 0 36.4
      vertex 4.0742 2.72229 36.4
      vertex 4.32141 2.30984 36.4
    endloop
  endfacet
  facet normal 0 0 0
    outer loop
      vertex 0 0 40
      vertex 3.45713 1.84788 40
      vertex 3.25936 2.17784 40
    endloop
  endfacet
  facet normal 0 0 0
    outer loop
      vertex 4.0742 2.72229 36.4
      vertex 3.25936 2.17784 40
      vertex 3.0302 2.48682 40
    endloop
  endfacet
  facet normal 0 0 0
    outer loop
      vertex 4.0742 2.72229 36.4
      vertex 3.0302 2.48682 40
      vertex 3.78775 3.10853 36.4
    endloop
  endfacet
  facet normal 0 0 0
    outer loop
      vertex 0 0 36.4
      vertex 3.78775 3.10853 36.4
      vertex 4.0742 2.72229 36.4
    endloop
  endfacet
  facet normal 0 0 0
    outer loop
      vertex 0 0 40
      vertex 3.25936 2.17784 40
      vertex 3.0302 2.48682 40
    endloop
  endfacet
  facet normal 0 0 0
    outer loop
      vertex 3.78775 3.10853 36.4
      vertex 3.0302 2.48682 40
      vertex 2.77186 2.77186 40
    endloop
  endfacet
  facet normal 0 0 0
    outer loop
      vertex 3.78775 3.10853 36.4
      vertex 2.77186 2.77186 40
      vertex 3.46482 3.46482 36.4
    endloop
  endfacet
  facet normal 0 0 0
    outer loop
      vertex 0 0 36.4
      vertex 3.46482 3.46482 36.4
      vertex 3.78775 3.10853 36.4
    endloop
  endfacet
  facet normal 0 0 0
    outer loop
      vertex 0 0 40
      vertex 3.0302 2.48682 40
      vertex 2.77186 2.77186 40
    endloop
  endfacet
  facet normal 0 0 0
    outer loop
      vertex 3.46482 3.46482 36.4
      vertex 2.77186 2.77186 40
      vertex 2.48682 3.0302 40
    endloop
  endfacet
  facet normal 0 0 0
    outer loop
      vertex 3.46482 3.46482 36.4
      vertex 2.48682 3.0302 40
      vertex 3.10853 3.78775 36.4
    endloop
  endfacet
  facet normal 0 0 0
    outer loop
      vertex 0 0 36.4
      vertex 3.10853 3.78775 36.4
      vertex 3.46482 3.46482 36.4
    endloop
  endfacet
  facet normal 0 0 0
    outer loop
      vertex 0 0 40
      vertex 2.77186 2.77186 40
      vertex 2.48682 3.0302 40
    endloop
  endfacet
  facet normal 0 0 0
    outer loop
      vertex 3.10853 3.78775 36.4
      vertex 2.48682 3.0302 40
      vertex 2.17784 3.25936 40
    endloop
  endfacet
  facet normal 0 0 0
    outer loop
      vertex 3.10853 3.78775 36.4
      vertex 2.17784 3.25936 40
      vertex 2.72229 4.0742 36.4
    endloop
  endfacet
  facet normal 0 0 0
    outer loop
      vertex 0 0 36.4
      vertex 2.72229 4.0742 36.4
      vertex 3.10853 3.78775 36.4
    endloop
  endfacet
  facet normal 0 0 0
    outer loop
      vertex 0 0 40
      vertex 2.48682 3.0302 40
      vertex 2.17784 3.25936 40
    endloop
  endfacet
  facet normal 0 0 0
    outer loop
      vertex 2.72229 4.0742 36.4
      vertex 2.17784 3.25936 40
      vertex 1.84788 3.45713 40
    endloop
  endfacet
  facet normal 0 0 0
    outer loop
      vertex 2.72229 4.0742 36.4
      vertex 1.84788 3.45713 40
      vertex 2.30984 4.32141 36.4
    endloop
  endfacet
  facet normal 0 0 0
    outer loop
      vertex 0 0 36.4
      vertex 2.30984 4.32141 36.4
      vertex 2.72229 4.0742 36.4
    endloop
  endfacet
  facet normal 0 0 0
    outer loop
      vertex 0 0 40
      vertex 2.17784 3.25936 40
      vertex 1.84788 3.45713 40
    endloop
  endfacet
  facet normal 0 0 0
    outer loop
      vertex 2.30984 4.32141 36.4
      vertex 1.84788 3.45713 40
      vertex 1.50012 3.62161 40
    endloop
  endfacet
  facet normal 0 0 0
    outer loop
      vertex 2.30984 4.32141 36.4
      vertex 1.50012 3.62161 40
      vertex 1.87515 4.52701 36.4
    endloop
  endfacet
  facet normal 0 0 0
    outer loop
      vertex 0 0 36.4
      vertex 1.87515 4.52701 36.4
      vertex 2.30984 4.32141 36.4
    endloop
  endfacet
  facet normal 0 0 0
    outer loop
      vertex 0 0 40
      vertex 1.84788 3.45713 40
      vertex 1.50012 3.62161 40
    endloop
  endfacet
  facet normal 0 0 0
    outer loop
      vertex 1.87515 4.52701 36.4
      vertex 1.50012 3.62161 40
      vertex 1.13792 3.75121 40
    endloop
  endfacet
  facet normal 0 0 0
    outer loop
      vertex 1.87515 4.52701 36.4
      vertex 1.13792 3.75121 40
      vertex 1.42239 4.68901 36.4
    endloop
  endfacet
  facet normal 0 0 0
    outer loop
      vertex 0 0 36.4
      vertex 1.42239 4.68901 36.4
      vertex 1.87515 4.52701 36.4
    endloop
  endfacet
  facet normal 0 0 0
    outer loop
      vertex 0 0 40
      vertex 1.50012 3.62161 40
      vertex 1.13792 3.75121 40
    endloop
  endfacet
  facet normal 0 0 0
    outer loop
      vertex 1.42239 4.68901 36.4
      vertex 1.13792 3.75121 40
      vertex 0.76475 3.84468 40
    endloop
  endfacet
  facet normal 0 0 0
    outer loop
      vertex 1.42239 4.68901 36.4
      vertex 0.76475 3.84468 40
      vertex 0.95594 4.80585 36.4
    endloop
  endfacet
  facet normal 0 0 0
    outer loop
      vertex 0 0 36.4
      vertex 0.95594 4.80585 36.4
      vertex 1.42239 4.68901 36.4
    endloop
  endfacet
  facet normal 0 0 0
    outer loop
      vertex 0 0 40
      vertex 1.13792 3.75121 40
      vertex 0.76475 3.84468 40
    endloop
  endfacet
  facet normal 0 0 0
    outer loop
      vertex 0.95594 4.80585 36.4
      vertex 0.76475 3.84468 40
      vertex 0.38423 3.90112 40
    endloop
  endfacet
  facet normal 0 0 0
    outer loop
      vertex 0.95594 4.80585 36.4
      vertex 0.38423 3.90112 40
      vertex 0.48028 4.87641 36.4
    endloop
  endfacet
  facet normal 0 0 0
    outer loop
      vertex 0 0 36.4
      vertex 0.48028 4.87641 36.4
      vertex 0.95594 4.80585 36.4
    endloop
  endfacet
  facet normal 0 0 0
    outer loop
      vertex 0 0 40
      vertex 0.76475 3.84468 40
      vertex 0.38423 3.90112 40
    endloop
  endfacet
  facet normal 0 0 0
    outer loop
      vertex 0.48028 4.87641 36.4
      vertex 0.38423 3.90112 40
      vertex 0 3.92 40
    endloop
  endfacet
  facet normal 0 0 0
    outer loop
      vertex 0.48028 4.87641 36.4
      vertex 0 3.92 40
      vertex 0 4.9 36.4
    endloop
  endfacet
  facet normal 0 0 0
    outer loop
      vertex 0 0 36.4
      vertex 0 4.9 36.4
      vertex 0.48028 4.87641 36.4
    endloop
  endfacet
  facet normal 0 0 0
    outer loop
      vertex 0 0 40
      vertex 0.38423 3.90112 40
      vertex 0 3.92 40
    endloop
  endfacet
  facet normal 0 0 0
    outer loop
      vertex 0 4.9 36.4
      vertex 0 3.92 40
      vertex -0.38423 3.90112 40
    endloop
  endfacet
  facet normal 0 0 0
    outer loop
      vertex 0 4.9 36.4
      vertex -0.38423 3.90112 40
      vertex -0.48028 4.87641 36.4
    endloop
  endfacet
  facet normal 0 0 0
    outer loop
      vertex 0 0 36.4
      vertex -0.48028 4.87641 36.4
      vertex 0 4.9 36.4
    endloop
  endfacet
  facet normal 0 0 0
    outer loop
      vertex 0 0 40
      vertex 0 3.92 40
      vertex -0.38423 3.90112 40
    endloop
  endfacet
  facet normal 0 0 0
    outer loop
      vertex -0.48028 4.87641 36.4
      vertex -0.38423 3.90112 40
      vertex -0.76475 3.84468 40
    endloop
  endfacet
  facet normal 0 0 0
    outer loop
      vertex -0.48028 4.87641 36.4
      vertex -0.76475 3.84468 40
      vertex -0.95594 4.80585 36.4
    endloop
  endfacet
  facet normal 0 0 0
    outer loop
      vertex 0 0 36.4
      vertex -0.95594 4.80585 36.4
      vertex -0.48028 4.87641 36.4
    endloop
  endfacet
  facet normal 0 0 0
    outer loop
      vertex 0 0 40
      vertex -0.38423 3.90112 40
      vertex -0.76475 3.84468 40
    endloop
  endfacet
  facet normal 0 0 0
    outer loop
      vertex -0.95594 4.80585 36.4
      vertex -0.76475 3.84468 40
      vertex -1.13792 3.75121 40
    endloop
  endfacet
  facet normal 0 0 0
    outer loop
      vertex -0.95594 4.80585 36.4
      vertex -1.13792 3.75121 40
      vertex -1.42239 4.68901 36.4
    endloop
  endfacet
  facet normal 0 0 0
    outer loop
      vertex 0 0 36.4
      vertex -1.42239 4.68901 36.4
      vertex -0.95594 4.80585 36.4
    endloop
  endfacet
  facet normal 0 0 0
    outer loop
      vertex 0 0 40
      vertex -0.76475 3.84468 40
      vertex -1.13792 3.75121 40
    endloop
  endfacet
  facet normal 0 0 0
    outer loop
      vertex -1.42239 4.68901 36.4
      vertex -1.13792 3.75121 40
      vertex -1.50012 3.62161 40
    endloop
  endfacet
  facet normal 0 0 0
    outer loop
      vertex -1.42239 4.68901 36.4
      vertex -1.50012 3.62161 40
      vertex -1.87515 4.52701 36.4
    endloop
  endfacet
  facet normal 0 0 0
    outer loop
      vertex 0 0 36.4
      vertex -1.87515 4.52701 36.4
      vertex -1.42239 4.68901 36.4
    endloop
  endfacet
  facet normal 0 0 0
    outer loop
      vertex 0 0 40
      vertex -1.13792 3.75121 40
      vertex -1.50012 3.62161 40
    endloop
  endfacet
  facet normal 0 0 0
    outer loop
      vertex -1.87515 4.52701 36.4
      vertex -1.50012 3.62161 40
      vertex -1.84788 3.45713 40
    endloop
  endfacet
  facet normal 0 0 0
    outer loop
      vertex -1.87515 4.52701 36.4
      vertex -1.84788 3.45713 40
      vertex -2.30984 4.32141 36.4
    endloop
  endfacet
  facet normal 0 0 0
    outer loop
      vertex 0 0 36.4
      vertex -2.30984 4.32141 36.4
      vertex -1.87515 4.52701 36.4
    endloop
  endfacet
  facet normal 0 0 0
    outer loop
      vertex 0 0 40
      vertex -1.50012 3.62161 40
      vertex -1.84788 3.45713 40
    endloop
  endfacet
  facet normal 0 0 0
    outer loop
      vertex -2.30984 4.32141 36.4
      vertex -1.84788 3.45713 40
      vertex -2.17784 3.25936 40
    endloop
  endfacet
  facet normal 0 0 0
    outer loop
      vertex -2.30984 4.32141 36.4
      vertex -2.17784 3.25936 40
      vertex -2.72229 4.0742 36.4
    endloop
  endfacet
  facet normal 0 0 0
    outer loop
      vertex 0 0 36.4
      vertex -2.72229 4.0742 36.4
      vertex -2.30984 4.32141 36.4
    endloop
  endfacet
  facet normal 0 0 0
    outer loop
      vertex 0 0 40
      vertex -1.84788 3.45713 40
      vertex -2.17784 3.25936 40
    endloop
  endfacet
  facet normal 0 0 0
    outer loop
      vertex -2.72229 4.0742 36.4
      vertex -2.17784 3.25936 40
      vertex -2.48682 3.0302 40
    endloop
  endfacet
  facet normal 0 0 0
    outer loop
      vertex -2.72229 4.0742 36.4
      vertex -2.48682 3.0302 40
      vertex -3.10853 3.78775 36.4
    endloop
  endfacet
  facet normal 0 0 0
    outer loop
      vertex 0 0 36.4
      vertex -3.10853 3.78775 36.4
      vertex -2.72229 4.0742 36.4
    endloop
  endfacet
  facet normal 0 0 0
    outer loop
      vertex 0 0 40
      vertex -2.17784 3.25936 40
      vertex -2.48682 3.0302 40
    endloop
  endfacet
  facet normal 0 0 0
    outer loop
      vertex -3.10853 3.78775 36.4
      vertex -2.48682 3.0302 40
      vertex -2.77186 2.77186 40
    endloop
  endfacet
  facet normal 0 0 0
    outer loop
      vertex -3.10853 3.78775 36.4
      vertex -2.77186 2.77186 40
      vertex -3.46482 3.46482 36.4
    endloop
  endfacet
  facet normal 0 0 0
    outer loop
      vertex 0 0 36.4
      vertex -3.46482 3.46482 36.4
      vertex -3.10853 3.78775 36.4
    endloop
  endfacet
  facet normal 0 0 0
    outer loop
      vertex 0 0 40
      vertex -2.48682 3.0302 40
      vertex -2.77186 2.77186 40
    endloop
  endfacet
  facet normal 0 0 0
    outer loop
      vertex -3.46482 3.46482 36.4
      vertex -2.77186 2.77186 40
      vertex -3.0302 2.48682 40
    endloop
  endfacet
  facet normal 0 0 0
    outer loop
      vertex -3.46482 3.46482 36.4
      vertex -3.0302 2.48682 40
      vertex -3.78775 3.10853 36.4
    endloop
  endfacet
  facet normal 0 0 0
    outer loop
      vertex 0 0 36.4
      vertex -3.78775 3.10853 36.4
      vertex -3.46482 3.46482 36.4
    endloop
  endfacet
  facet normal 0 0 0
    outer loop
      vertex 0 0 40
      vertex -2.77186 2.77186 40
      vertex -3.0302 2.48682 40
    endloop
  endfacet
  facet normal 0 0 0
    outer loop
      vertex -3.78775 3.10853 36.4
      vertex -3.0302 2.48682 40
      vertex -3.25936 2.17784 40
    endloop
  endfacet
  facet normal 0 0 0
    outer loop
      vertex -3.78775 3.10853 36.4
      vertex -3.25936 2.17784 40
      vertex -4.0742 2.72229 36.4
    endloop
  endfacet
  facet normal 0 0 0
    outer loop
      vertex 0 0 36.4
      vertex -4.0742 2.72229 36.4
      vertex -3.78775 3.10853 36.4
    endloop
  endfacet
  facet normal 0 0 0
    outer loop
      vertex 0 0 40
      vertex -3.0302 2.48682 40
      vertex -3.25936 2.17784 40
    endloop
  endfacet
  facet normal 0 0 0
    outer loop
      vertex -4.0742 2.72229 36.4
      vertex -3.25936 2.17784 40
      vertex -3.45713 1.84788 40
    endloop
  endfacet
  facet normal 0 0 0
    outer loop
      vertex -4.0742 2.72229 36.4
      vertex -3.45713 1.84788 40
      vertex -4.32141 2.30984 36.4
    endloop
  endfacet
  facet normal 0 0 0
    outer loop
      vertex 0 0 36.4
      vertex -4.32141 2.30984 36.4
      vertex -4.0742 2.72229 36.4
    endloop
  endfacet
  facet normal 0 0 0
    outer loop
      vertex 0 0 40
      vertex -3.25936 2.17784 40
      vertex -3.45713 1.84788 40
    endloop
  endfacet
  facet normal 0 0 0
    outer loop
      vertex -4.32141 2.30984 36.4
      vertex -3.45713 1.84788 40
      vertex -3.62161 1.50012 40
    endloop
  endfacet
  facet normal 0 0 0
    outer loop
      vertex -4.32141 2.30984 36.4
      vertex -3.62161 1.50012 40
      vertex -4.52701 1.87515 36.4
    endloop
  endfacet
  facet normal 0 0 0
    outer loop
      vertex 0 0 36.4
      vertex -4.52701 1.87515 36.4
      vertex -4.32141 2.30984 36.4
    endloop
  endfacet
  facet normal 0 0 0
    outer loop
      vertex 0 0 40
      vertex -3.45713 1.84788 40
      vertex -3.62161 1.50012 40
    endloop
  endfacet
  facet normal 0 0 0
    outer loop
      vertex -4.52701 1.87515 36.4
      vertex -3.62161 1.50012 40
      vertex -3.75121 1.13792 40
    endloop
  endfacet
  facet normal 0 0 0
    outer loop
      vertex -4.52701 1.87515 36.4
      vertex -3.75121 1.13792 40
      vertex -4.68901 1.42239 36.4
    endloop
  endfacet
  facet normal 0 0 0
    outer loop
      vertex 0 0 36.4
      vertex -4.68901 1.42239 36.4
      vertex -4.52701 1.87515 36.4
    endloop
  endfacet
  facet normal 0 0 0
    outer loop
      vertex 0 0 40
      vertex -3.62161 1.50012 40
      vertex -3.75121 1.13792 40
    endloop
  endfacet
  facet normal 0 0 0
    outer loop
      vertex -4.68901 1.42239 36.4
      vertex -3.75121 1.13792 40
      vertex -3.84468 0.76475 40
    endloop
  endfacet
  facet normal 0 0 0
    outer loop
      vertex -4.68901 1.42239 36.4
      vertex -3.84468 0.76475 40
      vertex -4.80585 0.95594 36.4
    endloop
  endfacet
  facet normal 0 0 0
    outer loop
      vertex 0 0 36.4
      vertex -4.80585 0.95594 36.4
      vertex -4.68901 1.42239 36.4
    endloop
  endfacet
  facet normal 0 0 0
    outer loop
      vertex 0 0 40
      vertex -3.75121 1.13792 40
      vertex -3.84468 0.76475 40
    endloop
  endfacet
  facet normal 0 0 0
    outer loop
      vertex -4.80585 0.95594 36.4
      vertex -3.84468 0.76475 40
      vertex -3.90112 0.38423 40
    endloop
  endfacet
  facet normal 0 0 0
    outer loop
      vertex -4.80585 0.95594 36.4
      vertex -3.90112 0.38423 40
      vertex -4.87641 0.48028 36.4
    endloop
  endfacet
  facet normal 0 0 0
    outer loop
      vertex 0 0 36.4
      vertex -4.87641 0.48028 36.4
      vertex -4.80585 0.95594 36.4
    endloop
  endfacet
  facet normal 0 0 0
    outer loop
      vertex 0 0 40
      vertex -3.84468 0.76475 40
      vertex -3.90112 0.38423 40
    endloop
  endfacet
  facet normal 0 0 0
    outer loop
      vertex -4.87641 0.48028 36.4
      vertex -3.90112 0.38423 40
      vertex -3.92 0 40
    endloop
  endfacet
  facet normal 0 0 0
    outer loop
      vertex -4.87641 0.48028 36.4
      vertex -3.92 0 40
      vertex -4.9 0 36.4
    endloop
  endfacet
  facet normal 0 0 0
    outer loop
      vertex 0 0 36.4
      vertex -4.9 0 36.4
      vertex -4.87641 0.48028 36.4
    endloop
  endfacet
  facet normal 0 0 0
    outer loop
      vertex 0 0 40
      vertex -3.90112 0.38423 40
      vertex -3.92 0 40
    endloop
  endfacet
  facet normal 0 0 0
    outer loop
      vertex -4.9 0 36.4
      vertex -3.92 0 40
      vertex -3.90112 -0.38423 40
    endloop
  endfacet
  facet normal 0 0 0
    outer loop
      vertex -4.9 0 36.4
      vertex -3.90112 -0.38423 40
      vertex -4.87641 -0.48028 36.4
    endloop
  endfacet
  facet normal 0 0 0
    outer loop
      vertex 0 0 36.4
      vertex -4.87641 -0.48028 36.4
      vertex -4.9 0 36.4
    endloop
  endfacet
  facet normal 0 0 0
    outer loop
      vertex 0 0 40
      vertex -3.92 0 40
      vertex -3.90112 -0.38423 40
    endloop
  endfacet
  facet normal 0 0 0
    outer loop
      vertex -4.87641 -0.48028 36.4
      vertex -3.90112 -0.38423 40
      vertex -3.84468 -0.76475 40
    endloop
  endfacet
  facet normal 0 0 0
    outer loop
      vertex -4.87641 -0.48028 36.4
      vertex -3.84468 -0.76475 40
      vertex -4.80585 -0.95594 36.4
    endloop
  endfacet
  facet normal 0 0 0
    outer loop
      vertex 0 0 36.4
      vertex -4.80585 -0.95594 36.4
      vertex -4.87641 -0.48028 36.4
    endloop
  endfacet
  facet normal 0 0 0
    outer loop
      vertex 0 0 40
      vertex -3.90112 -0.38423 40
      vertex -3.84468 -0.76475 40
    endloop
  endfacet
  facet normal 0 0 0
    outer loop
      vertex -4.80585 -0.95594 36.4
      vertex -3.84468 -0.76475 40
      vertex -3.75121 -1.13792 40
    endloop
  endfacet
  facet normal 0 0 0
    outer loop
      vertex -4.80585 -0.95594 36.4
      vertex -3.75121 -1.13792 40
      vertex -4.68901 -1.42239 36.4
    endloop
  endfacet
  facet normal 0 0 0
    outer loop
      vertex 0 0 36.4
      vertex -4.68901 -1.42239 36.4
      vertex -4.80585 -0.95594 36.4
    endloop
  endfacet
  facet normal 0 0 0
    outer loop
      vertex 0 0 40
      vertex -3.84468 -0.76475 40
      vertex -3.75121 -1.13792 40
    endloop
  endfacet
  facet normal 0 0 0
    outer loop
      vertex -4.68901 -1.42239 36.4
      vertex -3.75121 -1.13792 40
      vertex -3.62161 -1.50012 40
    endloop
  endfacet
  facet normal 0 0 0
    outer loop
      vertex -4.68901 -1.42239 36.4
      vertex -3.62161 -1.50012 40
      vertex -4.52701 -1.87515 36.4
    endloop
  endfacet
  facet normal 0 0 0
    outer loop
      vertex 0 0 36.4
      vertex -4.52701 -1.87515 36.4
      vertex -4.68901 -1.42239 36.4
    endloop
  endfacet
  facet normal 0 0 0
    outer loop
      vertex 0 0 40
      vertex -3.75121 -1.13792 40
      vertex -3.62161 -1.50012 40
    endloop
  endfacet
  facet normal 0 0 0
    outer loop
      vertex -4.52701 -1.87515 36.4
      vertex -3.62161 -1.50012 40
      vertex -3.45713 -1.84788 40
    endloop
  endfacet
  facet normal 0 0 0
    outer loop
      vertex -4.52701 -1.87515 36.4
      vertex -3.45713 -1.84788 40
      vertex -4.32141 -2.30984 36.4
    endloop
  endfacet
  facet normal 0 0 0
    outer loop
      vertex 0 0 36.4
      vertex -4.32141 -2.30984 36.4
      vertex -4.52701 -1.87515 36.4
    endloop
  endfacet
  facet normal 0 0 0
    outer loop
      vertex 0 0 40
      vertex -3.62161 -1.50012 40
      vertex -3.45713 -1.84788 40
    endloop
  endfacet
  facet normal 0 0 0
    outer loop
      vertex -4.32141 -2.30984 36.4
      vertex -3.45713 -1.84788 40
      vertex -3.25936 -2.17784 40
    endloop
  endfacet
  facet normal 0 0 0
    outer loop
      vertex -4.32141 -2.30984 36.4
      vertex -3.25936 -2.17784 40
      vertex -4.0742 -2.72229 36.4
    endloop
  endfacet
  facet normal 0 0 0
    outer loop
      vertex 0 0 36.4
      vertex -4.0742 -2.72229 36.4
      vertex -4.32141 -2.30984 36.4
    endloop
  endfacet
  facet normal 0 0 0
    outer loop
      vertex 0 0 40
      vertex -3.45713 -1.84788 40
      vertex -3.25936 -2.17784 40
    endloop
  endfacet
  facet normal 0 0 0
    outer loop
      vertex -4.0742 -2.72229 36.4
      vertex -3.25936 -2.17784 40
      vertex -3.0302 -2.48682 40
    endloop
  endfacet
  facet normal 0 0 0
    outer loop
      vertex -4.0742 -2.72229 36.4
      vertex -3.0302 -2.48682 40
      vertex -3.78775 -3.10853 36.4
    endloop
  endfacet
  facet normal 0 0 0
    outer loop
      vertex 0 0 36.4
      vertex -3.78775 -3.10853 36.4
      vertex -4.0742 -2.72229 36.4
    endloop
  endfacet
  facet normal 0 0 0
    outer loop
      vertex 0 0 40
      vertex -3.25936 -2.17784 40
      vertex -3.0302 -2.48682 40
    endloop
  endfacet
  facet normal 0 0 0
    outer loop
      vertex -3.78775 -3.10853 36.4
      vertex -3.0302 -2.48682 40
      vertex -2.77186 -2.77186 40
    endloop
  endfacet
  facet normal 0 0 0
    outer loop
      vertex -3.78775 -3.10853 36.4
      vertex -2.77186 -2.77186 40
      vertex -3.46482 -3.46482 36.4
    endloop
  endfacet
  facet normal 0 0 0
    outer loop
      vertex 0 0 36.4
      vertex -3.46482 -3.46482 36.4
      vertex -3.78775 -3.10853 36.4
    endloop
  endfacet
  facet normal 0 0 0
    outer loop
      vertex 0 0 40
      vertex -3.0302 -2.48682 40
      vertex -2.77186 -2.77186 40
    endloop
  endfacet
  facet normal 0 0 0
    outer loop
      vertex -3.46482 -3.46482 36.4
      vertex -2.77186 -2.77186 40
      vertex -2.48682 -3.0302 40
    endloop
  endfacet
  facet normal 0 0 0
    outer loop
      vertex -3.46482 -3.46482 36.4
      vertex -2.48682 -3.0302 40
      vertex -3.10853 -3.78775 36.4
    endloop
  endfacet
  facet normal 0 0 0
    outer loop
      vertex 0 0 36.4
      vertex -3.10853 -3.78775 36.4
      vertex -3.46482 -3.46482 36.4
    endloop
  endfacet
  facet normal 0 0 0
    outer loop
      vertex 0 0 40
      vertex -2.77186 -2.77186 40
      vertex -2.48682 -3.0302 40
    endloop
  endfacet
  facet normal 0 0 0
    outer loop
      vertex -3.10853 -3.78775 36.4
      vertex -2.48682 -3.0302 40
      vertex -2.17784 -3.25936 40
    endloop
  endfacet
  facet normal 0 0 0
    outer loop
      vertex -3.10853 -3.78775 36.4
      vertex -2.17784 -3.25936 40
      vertex -2.72229 -4.0742 36.4
    endloop
  endfacet
  facet normal 0 0 0
    outer loop
      vertex 0 0 36.4
      vertex -2.72229 -4.0742 36.4
      vertex -3.10853 -3.78775 36.4
    endloop
  endfacet
  facet normal 0 0 0
    outer loop
      vertex 0 0 40
      vertex -2.48682 -3.0302 40
      vertex -2.17784 -3.25936 40
    endloop
  endfacet
  facet normal 0 0 0
    outer loop
      vertex -2.72229 -4.0742 36.4
      vertex -2.17784 -3.25936 40
      vertex -1.84788 -3.45713 40
    endloop
  endfacet
  facet normal 0 0 0
    outer loop
      vertex -2.72229 -4.0742 36.4
      vertex -1.84788 -3.45713 40
      vertex -2.30984 -4.32141 36.4
    endloop
  endfacet
  facet normal 0 0 0
    outer loop
      vertex 0 0 36.4
      vertex -2.30984 -4.32141 36.4
      vertex -2.72229 -4.0742 36.4
    endloop
  endfacet
  facet normal 0 0 0
    outer loop
      vertex 0 0 40
      vertex -2.17784 -3.25936 40
      vertex -1.84788 -3.45713 40
    endloop
  endfacet
  facet normal 0 0 0
    outer loop
      vertex -2.30984 -4.32141 36.4
      vertex -1.84788 -3.45713 40
      vertex -1.50012 -3.62161 40
    endloop
  endfacet
  facet normal 0 0 0
    outer loop
      vertex -2.30984 -4.32141 36.4
      vertex -1.50012 -3.62161 40
      vertex -1.87515 -4.52701 36.4
    endloop
  endfacet
  facet normal 0 0 0
    outer loop
      vertex 0 0 36.4
      vertex -1.87515 -4.52701 36.4
      vertex -2.30984 -4.32141 36.4
    endloop
  endfacet
  facet normal 0 0 0
    outer loop
      vertex 0 0 40
      vertex -1.84788 -3.45713 40
      vertex -1.50012 -3.62161 40
    endloop
  endfacet
  facet normal 0 0 0
    outer loop
      vertex -1.87515 -4.52701 36.4
      vertex -1.50012 -3.62161 40
      vertex -1.13792 -3.75121 40
    endloop
  endfacet
  facet normal 0 0 0
    outer loop
      vertex -1.87515 -4.52701 36.4
      vertex -1.13792 -3.75121 40
      vertex -1.42239 -4.68901 36.4
    endloop
  endfacet
  facet normal 0 0 0
    outer loop
      vertex 0 0 36.4
      vertex -1.42239 -4.68901 36.4
      vertex -1.87515 -4.52701 36.4
    endloop
  endfacet
  facet normal 0 0 0
    outer loop
      vertex 0 0 40
      vertex -1.50012 -3.62161 40
      vertex -1.13792 -3.75121 40
    endloop
  endfacet
  facet normal 0 0 0
    outer loop
      vertex -1.42239 -4.68901 36.4
      vertex -1.13792 -3.75121 40
      vertex -0.76475 -3.84468 40
    endloop
  endfacet
  facet normal 0 0 0
    outer loop
      vertex -1.42239 -4.68901 36.4
      vertex -0.76475 -3.84468 40
      vertex -0.95594 -4.80585 36.4
    endloop
  endfacet
  facet normal 0 0 0
    outer loop
      vertex 0 0 36.4
      vertex -0.95594 -4.80585 36.4
      vertex -1.42239 -4.68901 36.4
    endloop
  endfacet
  facet normal 0 0 0
    outer loop
      vertex 0 0 40
      vertex -1.13792 -3.75121 40
      vertex -0.76475 -3.84468 40
    endloop
  endfacet
  facet normal 0 0 0
    outer loop
      vertex -0.95594 -4.80585 36.4
      vertex -0.76475 -3.84468 40
      vertex -0.38423 -3.90112 40
    endloop
  endfacet
  facet normal 0 0 0
    outer loop
      vertex -0.95594 -4.80585 36.4
      vertex -0.38423 -3.90112 40
      vertex -0.48028 -4.87641 36.4
    endloop
  endfacet
  facet normal 0 0 0
    outer loop
      vertex 0 0 36.4
      vertex -0.48028 -4.87641 36.4
      vertex -0.95594 -4.80585 36.4
    endloop
  endfacet
  facet normal 0 0 0
    outer loop
      vertex 0 0 40
      vertex -0.76475 -3.84468 40
      vertex -0.38423 -3.90112 40
    endloop
  endfacet
  facet normal 0 0 0
    outer loop
      vertex -0.48028 -4.87641 36.4
      vertex -0.38423 -3.90112 40
      vertex 0 -3.92 40
    endloop
  endfacet
  facet normal 0 0 0
    outer loop
      vertex -0.48028 -4.87641 36.4
      vertex 0 -3.92 40
      vertex 0 -4.9 36.4
    endloop
  endfacet
  facet normal 0 0 0
    outer loop
      vertex 0 0 36.4
      vertex 0 -4.9 36.4
      vertex -0.48028 -4.87641 36.4
    endloop
  endfacet
  facet normal 0 0 0
    outer loop
      vertex 0 0 40
      vertex -0.38423 -3.90112 40
      vertex 0 -3.92 40
    endloop
  endfacet
  facet normal 0 0 0
    outer loop
      vertex 0 -4.9 36.4
      vertex 0 -3.92 40
      vertex 0.38423 -3.90112 40
    endloop
  endfacet
  facet normal 0 0 0
    outer loop
      vertex 0 -4.9 36.4
      vertex 0.38423 -3.90112 40
      vertex 0.48028 -4.87641 36.4
    endloop
  endfacet
  facet normal 0 0 0
    outer loop
      vertex 0 0 36.4
      vertex 0.48028 -4.87641 36.4
      vertex 0 -4.9 36.4
    endloop
  endfacet
  facet normal 0 0 0
    outer loop
      vertex 0 0 40
      vertex 0 -3.92 40
      vertex 0.38423 -3.90112 40
    endloop
  endfacet
  facet normal 0 0 0
    outer loop
      vertex 0.48028 -4.87641 36.4
      vertex 0.38423 -3.90112 40
      vertex 0.76475 -3.84468 40
    endloop
  endfacet
  facet normal 0 0 0
    outer loop
      vertex 0.48028 -4.87641 36.4
      vertex 0.76475 -3.84468 40
      vertex 0.95594 -4.80585 36.4
    endloop
  endfacet
  facet normal 0 0 0
    outer loop
      vertex 0 0 36.4
      vertex 0.95594 -4.80585 36.4
      vertex 0.48028 -4.87641 36.4
    endloop
  endfacet
  facet normal 0 0 0
    outer loop
      vertex 0 0 40
      vertex 0.38423 -3.90112 40
      vertex 0.76475 -3.84468 40
    endloop
  endfacet
  facet normal 0 0 0
    outer loop
      vertex 0.95594 -4.80585 36.4
      vertex 0.76475 -3.84468 40
      vertex 1.13792 -3.75121 40
    endloop
  endfacet
  facet normal 0 0 0
    outer loop
      vertex 0.95594 -4.80585 36.4
      vertex 1.13792 -3.75121 40
      vertex 1.42239 -4.68901 36.4
    endloop
  endfacet
  facet normal 0 0 0
    outer loop
      vertex 0 0 36.4
      vertex 1.42239 -4.68901 36.4
      vertex 0.95594 -4.80585 36.4
    endloop
  endfacet
  facet normal 0 0 0
    outer loop
      vertex 0 0 40
      vertex 0.76475 -3.84468 40
      vertex 1.13792 -3.75121 40
    endloop
  endfacet
  facet normal 0 0 0
    outer loop
      vertex 1.42239 -4.68901 36.4
      vertex 1.13792 -3.75121 40
      vertex 1.50012 -3.62161 40
    endloop
  endfacet
  facet normal 0 0 0
    outer loop
      vertex 1.42239 -4.68901 36.4
      vertex 1.50012 -3.62161 40
      vertex 1.87515 -4.52701 36.4
    endloop
  endfacet
  facet normal 0 0 0
    outer loop
      vertex 0 0 36.4
      vertex 1.87515 -4.52701 36.4
      vertex 1.42239 -4.68901 36.4
    endloop
  endfacet
  facet normal 0 0 0
    outer loop
      vertex 0 0 40
      vertex 1.13792 -3.75121 40
      vertex 1.50012 -3.62161 40
    endloop
  endfacet
  facet normal 0 0 0
    outer loop
      vertex 1.87515 -4.52701 36.4
      vertex 1.50012 -3.62161 40
      vertex 1.84788 -3.45713 40
    endloop
  endfacet
  facet normal 0 0 0
    outer loop
      vertex 1.87515 -4.52701 36.4
      vertex 1.84788 -3.45713 40
      vertex 2.30984 -4.32141 36.4
    endloop
  endfacet
  facet normal 0 0 0
    outer loop
      vertex 0 0 36.4
      vertex 2.30984 -4.32141 36.4
      vertex 1.87515 -4.52701 36.4
    endloop
  endfacet
  facet normal 0 0 0
    outer loop
      vertex 0 0 40
      vertex 1.50012 -3.62161 40
      vertex 1.84788 -3.45713 40
    endloop
  endfacet
  facet normal 0 0 0
    outer loop
      vertex 2.30984 -4.32141 36.4
      vertex 1.84788 -3.45713 40
      vertex 2.17784 -3.25936 40
    endloop
  endfacet
  facet normal 0 0 0
    outer loop
      vertex 2.30984 -4.32141 36.4
      vertex 2.17784 -3.25936 40
      vertex 2.72229 -4.0742 36.4
    endloop
  endfacet
  facet normal 0 0 0
    outer loop
      vertex 0 0 36.4
      vertex 2.72229 -4.0742 36.4
      vertex 2.30984 -4.32141 36.4
    endloop
  endfacet
  facet normal 0 0 0
    outer loop
      vertex 0 0 40
      vertex 1.84788 -3.45713 40
      vertex 2.17784 -3.25936 40
    endloop
  endfacet
  facet normal 0 0 0
    outer loop
      vertex 2.72229 -4.0742 36.4
      vertex 2.17784 -3.25936 40
      vertex 2.48682 -3.0302 40
    endloop
  endfacet
  facet normal 0 0 0
    outer loop
      vertex 2.72229 -4.0742 36.4
      vertex 2.48682 -3.0302 40
      vertex 3.10853 -3.78775 36.4
    endloop
  endfacet
  facet normal 0 0 0
    outer loop
      vertex 0 0 36.4
      vertex 3.10853 -3.78775 36.4
      vertex 2.72229 -4.0742 36.4
    endloop
  endfacet
  facet normal 0 0 0
    outer loop
      vertex 0 0 40
      vertex 2.17784 -3.25936 40
      vertex 2.48682 -3.0302 40
    endloop
  endfacet
  facet normal 0 0 0
    outer loop
      vertex 3.10853 -3.78775 36.4
      vertex 2.48682 -3.0302 40
      vertex 2.77186 -2.77186 40
    endloop
  endfacet
  facet normal 0 0 0
    outer loop
      vertex 3.10853 -3.78775 36.4
      vertex 2.77186 -2.77186 40
      vertex 3.46482 -3.46482 36.4
    endloop
  endfacet
  facet normal 0 0 0
    outer loop
      vertex 0 0 36.4
      vertex 3.46482 -3.46482 36.4
      vertex 3.10853 -3.78775 36.4
    endloop
  endfacet
  facet normal 0 0 0
    outer loop
      vertex 0 0 40
      vertex 2.48682 -3.0302 40
      vertex 2.77186 -2.77186 40
    endloop
  endfacet
  facet normal 0 0 0
    outer loop
      vertex 3.46482 -3.46482 36.4
      vertex 2.77186 -2.77186 40
      vertex 3.0302 -2.48682 40
    endloop
  endfacet
  facet normal 0 0 0
    outer loop
      vertex 3.46482 -3.46482 36.4
      vertex 3.0302 -2.48682 40
      vertex 3.78775 -3.10853 36.4
    endloop
  endfacet
  facet normal 0 0 0
    outer loop
      vertex 0 0 36.4
      vertex 3.78775 -3.10853 36.4
      vertex 3.46482 -3.46482 36.4
    endloop
  endfacet
  facet normal 0 0 0
    outer loop
      vertex 0 0 40
      vertex 2.77186 -2.77186 40
      vertex 3.0302 -2.48682 40
    endloop
  endfacet
  facet normal 0 0 0
    outer loop
      vertex 3.78775 -3.10853 36.4
      vertex 3.0302 -2.48682 40
      vertex 3.25936 -2.17784 40
    endloop
  endfacet
  facet normal 0 0 0
    outer loop
      vertex 3.78775 -3.10853 36.4
      vertex 3.25936 -2.17784 40
      vertex 4.0742 -2.72229 36.4
    endloop
  endfacet
  facet normal 0 0 0
    outer loop
      vertex 0 0 36.4
      vertex 4.0742 -2.72229 36.4
      vertex 3.78775 -3.10853 36.4
    endloop
  endfacet
  facet normal 0 0 0
    outer loop
      vertex 0 0 40
      vertex 3.0302 -2.48682 40
      vertex 3.25936 -2.17784 40
    endloop
  endfacet
  facet normal 0 0 0
    outer loop
      vertex 4.0742 -2.72229 36.4
      vertex 3.25936 -2.17784 40
      vertex 3.45713 -1.84788 40
    endloop
  endfacet
  facet normal 0 0 0
    outer loop
      vertex 4.0742 -2.72229 36.4
      vertex 3.45713 -1.84788 40
      vertex 4.32141 -2.30984 36.4
    endloop
  endfacet
  facet normal 0 0 0
    outer loop
      vertex 0 0 36.4
      vertex 4.32141 -2.30984 36.4
      vertex 4.0742 -2.72229 36.4
    endloop
  endfacet
  facet normal 0 0 0
    outer loop
      vertex 0 0 40
      vertex 3.25936 -2.17784 40
      vertex 3.45713 -1.84788 40
    endloop
  endfacet
  facet normal 0 0 0
    outer loop
      vertex 4.32141 -2.30984 36.4
      vertex 3.45713 -1.84788 40
      vertex 3.62161 -1.50012 40
    endloop
  endfacet
  facet normal 0 0 0
    outer loop
      vertex 4.32141 -2.30984 36.4
      vertex 3.62161 -1.50012 40
      vertex 4.52701 -1.87515 36.4
    endloop
  endfacet
  facet normal 0 0 0
    outer loop
      vertex 0 0 36.4
      vertex 4.52701 -1.87515 36.4
      vertex 4.32141 -2.30984 36.4
    endloop
  endfacet
  facet normal 0 0 0
    outer loop
      vertex 0 0 40
      vertex 3.45713 -1.84788 40
      vertex 3.62161 -1.50012 40
    endloop
  endfacet
  facet normal 0 0 0
    outer loop
      vertex 4.52701 -1.87515 36.4
      vertex 3.62161 -1.50012 40
      vertex 3.75121 -1.13792 40
    endloop
  endfacet
  facet normal 0 0 0
    outer loop
      vertex 4.52701 -1.87515 36.4
      vertex 3.75121 -1.13792 40
      vertex 4.68901 -1.42239 36.4
    endloop
  endfacet
  facet normal 0 0 0
    outer loop
      vertex 0 0 36.4
      vertex 4.68901 -1.42239 36.4
      vertex 4.52701 -1.87515 36.4
    endloop
  endfacet
  facet normal 0 0 0
    outer loop
      vertex 0 0 40
      vertex 3.62161 -1.50012 40
      vertex 3.75121 -1.13792 40
    endloop
  endfacet
  facet normal 0 0 0
    outer loop
      vertex 4.68901 -1.42239 36.4
      vertex 3.75121 -1.13792 40
      vertex 3.84468 -0.76475 40
    endloop
  endfacet
  facet normal 0 0 0
    outer loop
      vertex 4.68901 -1.42239 36.4
      vertex 3.84468 -0.76475 40
      vertex 4.80585 -0.95594 36.4
    endloop
  endfacet
  facet normal 0 0 0
    outer loop
      vertex 0 0 36.4
      vertex 4.80585 -0.95594 36.4
      vertex 4.68901 -1.42239 36.4
    endloop
  endfacet
  facet normal 0 0 0
    outer loop
      vertex 0 0 40
      vertex 3.75121 -1.13792 40
      vertex 3.84468 -0.76475 40
    endloop
  endfacet
  facet normal 0 0 0
    outer loop
      vertex 4.80585 -0.95594 36.4
      vertex 3.84468 -0.76475 40
      vertex 3.90112 -0.38423 40
    endloop
  endfacet
  facet normal 0 0 0
    outer loop
      vertex 4.80585 -0.95594 36.4
      vertex 3.90112 -0.38423 40
      vertex 4.87641 -0.48028 36.4
    endloop
  endfacet
  facet normal 0 0 0
    outer loop
      vertex 0 0 36.4
      vertex 4.87641 -0.48028 36.4
      vertex 4.80585 -0.95594 36.4
    endloop
  endfacet
  facet normal 0 0 0
    outer loop
      vertex 0 0 40
      vertex 3.84468 -0.76475 40
      vertex 3.90112 -0.38423 40
    endloop
  endfacet
  facet normal 0 0 0
    outer loop
      vertex 4.87641 -0.48028 36.4
      vertex 3.90112 -0.38423 40
      vertex 3.92 0 40
    endloop
  endfacet
  facet normal 0 0 0
    outer loop
      vertex 4.87641 -0.48028 36.4
      vertex 3.92 0 40
      vertex 4.9 0 36.4
    endloop
  endfacet
  facet normal 0 0 0
    outer loop
      vertex 0 0 36.4
      vertex 4.9 0 36.4
      vertex 4.87641 -0.48028 36.4
    endloop
  endfacet
  facet normal 0 0 0
    outer loop
      vertex 0 0 40
      vertex 3.90112 -0.38423 40
      vertex 3.92 0 40
    endloop
  endfacet
endsolid left_attack_sample

