solid right_stamina_sample
  facet normal 0 0 0
    outer loop
      vertex 0.8225 0 0
      vertex 3.76 0 5.7
      vertex 3.74189 0.36854 5.7
    endloop
  endfacet
  facet normal 0 0 0
    outer loop
      vertex 0.8225 0 0
      vertex 3.74189 0.36854 5.7
      vertex 0.81854 0.08062 0
    endloop
  endfacet
  facet normal 0 0 0
    outer loop
      vertex 0 0 0
      vertex 0.81854 0.08062 0
      vertex 0.8225 0 0
    endloop
  endfacet
  facet normal 0 0 0
    outer loop
      vertex 0 0 5.7
      vertex 3.76 0 5.7
      vertex 3.74189 0.36854 5.7
    endloop
  endfacet
  facet normal 0 0 0
    outer loop
      vertex 0.81854 0.08062 0
      vertex 3.74189 0.36854 5.7
      vertex 3.68775 0.73354 5.7
    endloop
  endfacet
  facet normal 0 0 0
    outer loop
      vertex 0.81854 0.08062 0
      vertex 3.68775 0.73354 5.7
      vertex 0.8067 0.16046 0
    endloop
  endfacet
  facet normal 0 0 0
    outer loop
      vertex 0 0 0
      vertex 0.8067 0.16046 0
      vertex 0.81854 0.08062 0
    endloop
  endfacet
  facet normal 0 0 0
    outer loop
      vertex 0 0 5.7
      vertex 3.74189 0.36854 5.7
      vertex 3.68775 0.73354 5.7
    endloop
  endfacet
  facet normal 0 0 0
    outer loop
      vertex 0.8067 0.16046 0
      vertex 3.68775 0.73354 5.7
      vertex 3.5981 1.09147 5.7
    endloop
  endfacet
  facet normal 0 0 0
    outer loop
      vertex 0.8067 0.16046 0
      vertex 3.5981 1.09147 5.7
      vertex 0.78708 0.23876 0
    endloop
  endfacet
  facet normal 0 0 0
    outer loop
      vertex 0 0 0
      vertex 0.78708 0.23876 0
      vertex 0.8067 0.16046 0
    endloop
  endfacet
  facet normal 0 0 0
    outer loop
      vertex 0 0 5.7
      vertex 3.68775 0.73354 5.7
      vertex 3.5981 1.09147 5.7
    endloop
  endfacet
  facet normal 0 0 0
    outer loop
      vertex 0.78708 0.23876 0
      vertex 3.5981 1.09147 5.7
      vertex 3.47379 1.43889 5.7
    endloop
  endfacet
  facet normal 0 0 0
    outer loop
      vertex 0.78708 0.23876 0
      vertex 3.47379 1.43889 5.7
      vertex 0.75989 0.31476 0
    endloop
  endfacet
  facet normal 0 0 0
    outer loop
      vertex 0 0 0
      vertex 0.75989 0.31476 0
      vertex 0.78708 0.23876 0
    endloop
  endfacet
  facet normal 0 0 0
    outer loop
      vertex 0 0 5.7
      vertex 3.5981 1.09147 5.7
      vertex 3.47379 1.43889 5.7
    endloop
  endfacet
  facet normal 0 0 0
    outer loop
      vertex 0.75989 0.31476 0
      vertex 3.47379 1.43889 5.7
      vertex 3.31602 1.77245 5.7
    endloop
  endfacet
  facet normal 0 0 0
    outer loop
      vertex 0.75989 0.31476 0
      vertex 3.31602 1.77245 5.7
      vertex 0.72538 0.38772 0
    endloop
  endfacet
  facet normal 0 0 0
    outer loop
      vertex 0 0 0
      vertex 0.72538 0.38772 0
      vertex 0.75989 0.31476 0
    endloop
  endfacet
  facet normal 0 0 0
    outer loop
      vertex 0 0 5.7
      vertex 3.47379 1.43889 5.7
      vertex 3.31602 1.77245 5.7
    endloop
  endfacet
  facet normal 0 0 0
    outer loop
      vertex 0.72538 0.38772 0
      vertex 3.31602 1.77245 5.7
      vertex 3.12633 2.08894 5.7
    endloop
  endfacet
  facet normal 0 0 0
    outer loop
      vertex 0.72538 0.38772 0
      vertex 3.12633 2.08894 5.7
      vertex 0.68388 0.45696 0
    endloop
  endfacet
  facet normal 0 0 0
    outer loop
      vertex 0 0 0
      vertex 0.68388 0.45696 0
      vertex 0.72538 0.38772 0
    endloop
  endfacet
  facet normal 0 0 0
    outer loop
      vertex 0 0 5.7
      vertex 3.31602 1.77245 5.7
      vertex 3.12633 2.08894 5.7
    endloop
  endfacet
  facet normal 0 0 0
    outer loop
      vertex 0.68388 0.45696 0
      vertex 3.12633 2.08894 5.7
      vertex 2.90652 2.38532 5.7
    endloop
  endfacet
  facet normal 0 0 0
    outer loop
      vertex 0.68388 0.45696 0
      vertex 2.90652 2.38532 5.7
      vertex 0.6358 0.52179 0
    endloop
  endfacet
  facet normal 0 0 0
    outer loop
      vertex 0 0 0
      vertex 0.6358 0.52179 0
      vertex 0.68388 0.45696 0
    endloop
  endfacet
  facet normal 0 0 0
    outer loop
      vertex 0 0 5.7
      vertex 3.12633 2.08894 5.7
      vertex 2.90652 2.38532 5.7
    endloop
  endfacet
  facet normal 0 0 0
    outer loop
      vertex 0.6358 0.52179 0
      vertex 2.90652 2.38532 5.7
      vertex 2.65872 2.65872 5.7
    endloop
  endfacet
  facet normal 0 0 0
    outer loop
      vertex 0.6358 0.52179 0
      vertex 2.65872 2.65872 5.7
      vertex 0.5816 0.5816 0
    endloop
  endfacet
  facet normal 0 0 0
    outer loop
      vertex 0 0 0
      vertex 0.5816 0.5816 0
      vertex 0.6358 0.52179 0
    endloop
  endfacet
  facet normal 0 0 0
    outer loop
      vertex 0 0 5.7
      vertex 2.90652 2.38532 5.7
      vertex 2.65872 2.65872 5.7
    endloop
  endfacet
  facet normal 0 0 0
    outer loop
      vertex 0.5816 0.5816 0
      vertex 2.65872 2.65872 5.7
      vertex 2.38532 2.90652 5.7
    endloop
  endfacet
  facet normal 0 0 0
    outer loop
      vertex 0.5816 0.5816 0
      vertex 2.38532 2.90652 5.7
      vertex 0.52179 0.6358 0
    endloop
  endfacet
  facet normal 0 0 0
    outer loop
      vertex 0 0 0
      vertex 0.52179 0.6358 0
      vertex 0.5816 0.5816 0
    endloop
  endfacet
  facet normal 0 0 0
    outer loop
      vertex 0 0 5.7
      vertex 2.65872 2.65872 5.7
      vertex 2.38532 2.90652 5.7
    endloop
  endfacet
  facet normal 0 0 0
    outer loop
      vertex 0.52179 0.6358 0
      vertex 2.38532 2.90652 5.7
      vertex 2.08894 3.12633 5.7
    endloop
  endfacet
  facet normal 0 0 0
    outer loop
      vertex 0.52179 0.6358 0
      vertex 2.08894 3.12633 5.7
      vertex 0.45696 0.68388 0
    endloop
  endfacet
  facet normal 0 0 0
    outer loop
      vertex 0 0 0
      vertex 0.45696 0.68388 0
      vertex 0.52179 0.6358 0
    endloop
  endfacet
  facet normal 0 0 0
    outer loop
      vertex 0 0 5.7
      vertex 2.38532 2.90652 5.7
      vertex 2.08894 3.12633 5.7
    endloop
  endfacet
  facet normal 0 0 0
    outer loop
      vertex 0.45696 0.68388 0
      vertex 2.08894 3.12633 5.7
      vertex 1.77245 3.31602 5.7
    endloop
  endfacet
  facet normal 0 0 0
    outer loop
      vertex 0.45696 0.68388 0
      vertex 1.77245 3.31602 5.7
      vertex 0.38772 0.72538 0
    endloop
  endfacet
  facet normal 0 0 0
    outer loop
      vertex 0 0 0
      vertex 0.38772 0.72538 0
      vertex 0.45696 0.68388 0
    endloop
  endfacet
  facet normal 0 0 0
    outer loop
      vertex 0 0 5.7
      vertex 2.08894 3.12633 5.7
      vertex 1.77245 3.31602 5.7
    endloop
  endfacet
  facet normal 0 0 0
    outer loop
      vertex 0.38772 0.72538 0
      vertex 1.77245 3.31602 5.7
      vertex 1.43889 3.47379 5.7
    endloop
  endfacet
  facet normal 0 0 0
    outer loop
      vertex 0.38772 0.72538 0
      vertex 1.43889 3.47379 5.7
      vertex 0.31476 0.75989 0
    endloop
  endfacet
  facet normal 0 0 0
    outer loop
      vertex 0 0 0
      vertex 0.31476 0.75989 0
      vertex 0.38772 0.72538 0
    endloop
  endfacet
  facet normal 0 0 0
    outer loop
      vertex 0 0 5.7
      vertex 1.77245 3.31602 5.7
      vertex 1.43889 3.47379 5.7
    endloop
  endfacet
  facet normal 0 0 0
    outer loop
      vertex 0.31476 0.75989 0
      vertex 1.43889 3.47379 5.7
      vertex 1.09147 3.5981 5.7
    endloop
  endfacet
  facet normal 0 0 0
    outer loop
      vertex 0.31476 0.75989 0
      vertex 1.09147 3.5981 5.7
      vertex 0.23876 0.78708 0
    endloop
  endfacet
  facet normal 0 0 0
    outer loop
      vertex 0 0 0
      vertex 0.23876 0.78708 0
      vertex 0.31476 0.75989 0
    endloop
  endfacet
  facet normal 0 0 0
    outer loop
      vertex 0 0 5.7
      vertex 1.43889 3.47379 5.7
      vertex 1.09147 3.5981 5.7
    endloop
  endfacet
  facet normal 0 0 0
    outer loop
      vertex 0.23876 0.78708 0
      vertex 1.09147 3.5981 5.7
      vertex 0.73354 3.68775 5.7
    endloop
  endfacet
  facet normal 0 0 0
    outer loop
      vertex 0.23876 0.78708 0
      vertex 0.73354 3.68775 5.7
      vertex 0.16046 0.8067 0
    endloop
  endfacet
  facet normal 0 0 0
    outer loop
      vertex 0 0 0
      vertex 0.16046 0.8067 0
      vertex 0.23876 0.78708 0
    endloop
  endfacet
  facet normal 0 0 0
    outer loop
      vertex 0 0 5.7
      vertex 1.09147 3.5981 5.7
      vertex 0.73354 3.68775 5.7
    endloop
  endfacet
  facet normal 0 0 0
    outer loop
      vertex 0.16046 0.8067 0
      vertex 0.73354 3.68775 5.7
      vertex 0.36854 3.74189 5.7
    endloop
  endfacet
  facet normal 0 0 0
    outer loop
      vertex 0.16046 0.8067 0
      vertex 0.36854 3.74189 5.7
      vertex 0.08062 0.81854 0
    endloop
  endfacet
  facet normal 0 0 0
    outer loop
      vertex 0 0 0
      vertex 0.08062 0.81854 0
      vertex 0.16046 0.8067 0
    endloop
  endfacet
  facet normal 0 0 0
    outer loop
      vertex 0 0 5.7
      vertex 0.73354 3.68775 5.7
      vertex 0.36854 3.74189 5.7
    endloop
  endfacet
  facet normal 0 0 0
    outer loop
      vertex 0.08062 0.81854 0
      vertex 0.36854 3.74189 5.7
      vertex 0 3.76 5.7
    endloop
  endfacet
  facet normal 0 0 0
    outer loop
      vertex 0.08062 0.81854 0
      vertex 0 3.76 5.7
      vertex 0 0.8225 0
    endloop
  endfacet
  facet normal 0 0 0
    outer loop
      vertex 0 0 0
      vertex 0 0.8225 0
      vertex 0.08062 0.81854 0
    endloop
  endfacet
  facet normal 0 0 0
    outer loop
      vertex 0 0 5.7
      vertex 0.36854 3.74189 5.7
      vertex 0 3.76 5.7
    endloop
  endfacet
  facet normal 0 0 0
    outer loop
      vertex 0 0.8225 0
      vertex 0 3.76 5.7
      vertex -0.36854 3.74189 5.7
    endloop
  endfacet
  facet normal 0 0 0
    outer loop
      vertex 0 0.8225 0
      vertex -0.36854 3.74189 5.7
      vertex -0.08062 0.81854 0
    endloop
  endfacet
  facet normal 0 0 0
    outer loop
      vertex 0 0 0
      vertex -0.08062 0.81854 0
      vertex 0 0.8225 0
    endloop
  endfacet
  facet normal 0 0 0
    outer loop
      vertex 0 0 5.7
      vertex 0 3.76 5.7
      vertex -0.36854 3.74189 5.7
    endloop
  endfacet
  facet normal 0 0 0
    outer loop
      vertex -0.08062 0.81854 0
      vertex -0.36854 3.74189 5.7
      vertex -0.73354 3.68775 5.7
    endloop
  endfacet
  facet normal 0 0 0
    outer loop
      vertex -0.08062 0.81854 0
      vertex -0.73354 3.68775 5.7
      vertex -0.16046 0.8067 0
    endloop
  endfacet
  facet normal 0 0 0
    outer loop
      vertex 0 0 0
      vertex -0.16046 0.8067 0
      vertex -0.08062 0.81854 0
    endloop
  endfacet
  facet normal 0 0 0
    outer loop
      vertex 0 0 5.7
      vertex -0.36854 3.74189 5.7
      vertex -0.73354 3.68775 5.7
    endloop
  endfacet
  facet normal 0 0 0
    outer loop
      vertex -0.16046 0.8067 0
      vertex -0.73354 3.68775 5.7
      vertex -1.09147 3.5981 5.7
    endloop
  endfacet
  facet normal 0 0 0
    outer loop
      vertex -0.16046 0.8067 0
      vertex -1.09147 3.5981 5.7
      vertex -0.23876 0.78708 0
    endloop
  endfacet
  facet normal 0 0 0
    outer loop
      vertex 0 0 0
      vertex -0.23876 0.78708 0
      vertex -0.16046 0.8067 0
    endloop
  endfacet
  facet normal 0 0 0
    outer loop
      vertex 0 0 5.7
      vertex -0.73354 3.68775 5.7
      vertex -1.09147 3.5981 5.7
    endloop
  endfacet
  facet normal 0 0 0
    outer loop
      vertex -0.23876 0.78708 0
      vertex -1.09147 3.5981 5.7
      vertex -1.43889 3.47379 5.7
    endloop
  endfacet
  facet normal 0 0 0
    outer loop
      vertex -0.23876 0.78708 0
      vertex -1.43889 3.47379 5.7
      vertex -0.31476 0.75989 0
    endloop
  endfacet
  facet normal 0 0 0
    outer loop
      vertex 0 0 0
      vertex -0.31476 0.75989 0
      vertex -0.23876 0.78708 0
    endloop
  endfacet
  facet normal 0 0 0
    outer loop
      vertex 0 0 5.7
      vertex -1.09147 3.5981 5.7
      vertex -1.43889 3.47379 5.7
    endloop
  endfacet
  facet normal 0 0 0
    outer loop
      vertex -0.31476 0.75989 0
      vertex -1.43889 3.47379 5.7
      vertex -1.77245 3.31602 5.7
    endloop
  endfacet
  facet normal 0 0 0
    outer loop
      vertex -0.31476 0.75989 0
      vertex -1.77245 3.31602 5.7
      vertex -0.38772 0.72538 0
    endloop
  endfacet
  facet normal 0 0 0
    outer loop
      vertex 0 0 0
      vertex -0.38772 0.72538 0
      vertex -0.31476 0.75989 0
    endloop
  endfacet
  facet normal 0 0 0
    outer loop
      vertex 0 0 5.7
      vertex -1.43889 3.47379 5.7
      vertex -1.77245 3.31602 5.7
    endloop
  endfacet
  facet normal 0 0 0
    outer loop
      vertex -0.38772 0.72538 0
      vertex -1.77245 3.31602 5.7
      vertex -2.08894 3.12633 5.7
    endloop
  endfacet
  facet normal 0 0 0
    outer loop
      vertex -0.38772 0.72538 0
      vertex -2.08894 3.12633 5.7
      vertex -0.45696 0.68388 0
    endloop
  endfacet
  facet normal 0 0 0
    outer loop
      vertex 0 0 0
      vertex -0.45696 0.68388 0
      vertex -0.38772 0.72538 0
    endloop
  endfacet
  facet normal 0 0 0
    outer loop
      vertex 0 0 5.7
      vertex -1.77245 3.31602 5.7
      vertex -2.08894 3.12633 5.7
    endloop
  endfacet
  facet normal 0 0 0
    outer loop
      vertex -0.45696 0.68388 0
      vertex -2.08894 3.12633 5.7
      vertex -2.38532 2.90652 5.7
    endloop
  endfacet
  facet normal 0 0 0
    outer loop
      vertex -0.45696 0.68388 0
      vertex -2.38532 2.90652 5.7
      vertex -0.52179 0.6358 0
    endloop
  endfacet
  facet normal 0 0 0
    outer loop
      vertex 0 0 0
      vertex -0.52179 0.6358 0
      vertex -0.45696 0.68388 0
    endloop
  endfacet
  facet normal 0 0 0
    outer loop
      vertex 0 0 5.7
      vertex -2.08894 3.12633 5.7
      vertex -2.38532 2.90652 5.7
    endloop
  endfacet
  facet normal 0 0 0
    outer loop
      vertex -0.52179 0.6358 0
      vertex -2.38532 2.90652 5.7
      vertex -2.65872 2.65872 5.7
    endloop
  endfacet
  facet normal 0 0 0
    outer loop
      vertex -0.52179 0.6358 0
      vertex -2.65872 2.65872 5.7
      vertex -0.5816 0.5816 0
    endloop
  endfacet
  facet normal 0 0 0
    outer loop
      vertex 0 0 0
      vertex -0.5816 0.5816 0
      vertex -0.52179 0.6358 0
    endloop
  endfacet
  facet normal 0 0 0
    outer loop
      vertex 0 0 5.7
      vertex -2.38532 2.90652 5.7
      vertex -2.65872 2.65872 5.7
    endloop
  endfacet
  facet normal 0 0 0
    outer loop
      vertex -0.5816 0.5816 0
      vertex -2.65872 2.65872 5.7
      vertex -2.90652 2.38532 5.7
    endloop
  endfacet
  facet normal 0 0 0
    outer loop
      vertex -0.5816 0.5816 0
      vertex -2.90652 2.38532 5.7
      vertex -0.6358 0.52179 0
    endloop
  endfacet
  facet normal 0 0 0
    outer loop
      vertex 0 0 0
      vertex -0.6358 0.52179 0
      vertex -0.5816 0.5816 0
    endloop
  endfacet
  facet normal 0 0 0
    outer loop
      vertex 0 0 5.7
      vertex -2.65872 2.65872 5.7
      vertex -2.90652 2.38532 5.7
    endloop
  endfacet
  facet normal 0 0 0
    outer loop
      vertex -0.6358 0.52179 0
      vertex -2.90652 2.38532 5.7
      vertex -3.12633 2.08894 5.7
    endloop
  endfacet
  facet normal 0 0 0
    outer loop
      vertex -0.6358 0.52179 0
      vertex -3.12633 2.08894 5.7
      vertex -0.68388 0.45696 0
    endloop
  endfacet
  facet normal 0 0 0
    outer loop
      vertex 0 0 0
      vertex -0.68388 0.45696 0
      vertex -0.6358 0.52179 0
    endloop
  endfacet
  facet normal 0 0 0
    outer loop
      vertex 0 0 5.7
      vertex -2.90652 2.38532 5.7
      vertex -3.12633 2.08894 5.7
    endloop
  endfacet
  facet normal 0 0 0
    outer loop
      vertex -0.68388 0.45696 0
      vertex -3.12633 2.08894 5.7
      vertex -3.31602 1.77245 5.7
    endloop
  endfacet
  facet normal 0 0 0
    outer loop
      vertex -0.68388 0.45696 0
      vertex -3.31602 1.77245 5.7
      vertex -0.72538 0.38772 0
    endloop
  endfacet
  facet normal 0 0 0
    outer loop
      vertex 0 0 0
      vertex -0.72538 0.38772 0
      vertex -0.68388 0.45696 0
    endloop
  endfacet
  facet normal 0 0 0
    outer loop
      vertex 0 0 5.7
      vertex -3.12633 2.08894 5.7
      vertex -3.31602 1.77245 5.7
    endloop
  endfacet
  facet normal 0 0 0
    outer loop
      vertex -0.72538 0.38772 0
      vertex -3.31602 1.77245 5.7
      vertex -3.47379 1.43889 5.7
    endloop
  endfacet
  facet normal 0 0 0
    outer loop
      vertex -0.72538 0.38772 0
      vertex -3.47379 1.43889 5.7
      vertex -0.75989 0.31476 0
    endloop
  endfacet
  facet normal 0 0 0
    outer loop
      vertex 0 0 0
      vertex -0.75989 0.31476 0
      vertex -0.72538 0.38772 0
    endloop
  endfacet
  facet normal 0 0 0
    outer loop
      vertex 0 0 5.7
      vertex -3.31602 1.77245 5.7
      vertex -3.47379 1.43889 5.7
    endloop
  endfacet
  facet normal 0 0 0
    outer loop
      vertex -0.75989 0.31476 0
      vertex -3.47379 1.43889 5.7
      vertex -3.5981 1.09147 5.7
    endloop
  endfacet
  facet normal 0 0 0
    outer loop
      vertex -0.75989 0.31476 0
      vertex -3.5981 1.09147 5.7
      vertex -0.78708 0.23876 0
    endloop
  endfacet
  facet normal 0 0 0
    outer loop
      vertex 0 0 0
      vertex -0.78708 0.23876 0
      vertex -0.75989 0.31476 0
    endloop
  endfacet
  facet normal 0 0 0
    outer loop
      vertex 0 0 5.7
      vertex -3.47379 1.43889 5.7
      vertex -3.5981 1.09147 5.7
    endloop
  endfacet
  facet normal 0 0 0
    outer loop
      vertex -0.78708 0.23876 0
      vertex -3.5981 1.09147 5.7
      vertex -3.68775 0.73354 5.7
    endloop
  endfacet
  facet normal 0 0 0
    outer loop
      vertex -0.78708 0.23876 0
      vertex -3.68775 0.73354 5.7
      vertex -0.8067 0.16046 0
    endloop
  endfacet
  facet normal 0 0 0
    outer loop
      vertex 0 0 0
      vertex -0.8067 0.16046 0
      vertex -0.78708 0.23876 0
    endloop
  endfacet
  facet normal 0 0 0
    outer loop
      vertex 0 0 5.7
      vertex -3.5981 1.09147 5.7
      vertex -3.68775 0.73354 5.7
    endloop
  endfacet
  facet normal 0 0 0
    outer loop
      vertex -0.8067 0.16046 0
      vertex -3.68775 0.73354 5.7
      vertex -3.74189 0.36854 5.7
    endloop
  endfacet
  facet normal 0 0 0
    outer loop
      vertex -0.8067 0.16046 0
      vertex -3.74189 0.36854 5.7
      vertex -0.81854 0.08062 0
    endloop
  endfacet
  facet normal 0 0 0
    outer loop
      vertex 0 0 0
      vertex -0.81854 0.08062 0
      vertex -0.8067 0.16046 0
    endloop
  endfacet
  facet normal 0 0 0
    outer loop
      vertex 0 0 5.7
      vertex -3.68775 0.73354 5.7
      vertex -3.74189 0.36854 5.7
    endloop
  endfacet
  facet normal 0 0 0
    outer loop
      vertex -0.81854 0.08062 0
      vertex -3.74189 0.36854 5.7
      vertex -3.76 0 5.7
    endloop
  endfacet
  facet normal 0 0 0
    outer loop
      vertex -0.81854 0.08062 0
      vertex -3.76 0 5.7
      vertex -0.8225 0 0
    endloop
  endfacet
  facet normal 0 0 0
    outer loop
      vertex 0 0 0
      vertex -0.8225 0 0
      vertex -0.81854 0.08062 0
    endloop
  endfacet
  facet normal 0 0 0
    outer loop
      vertex 0 0 5.7
      vertex -3.74189 0.36854 5.7
      vertex -3.76 0 5.7
    endloop
  endfacet
  facet normal 0 0 0
    outer loop
      vertex -0.8225 0 0
      vertex -3.76 0 5.7
      vertex -3.74189 -0.36854 5.7
    endloop
  endfacet
  facet normal 0 0 0
    outer loop
      vertex -0.8225 0 0
      vertex -3.74189 -0.36854 5.7
      vertex -0.81854 -0.08062 0
    endloop
  endfacet
  facet normal 0 0 0
    outer loop
      vertex 0 0 0
      vertex -0.81854 -0.08062 0
      vertex -0.8225 0 0
    endloop
  endfacet
  facet normal 0 0 0
    outer loop
      vertex 0 0 5.7
      vertex -3.76 0 5.7
      vertex -3.74189 -0.36854 5.7
    endloop
  endfacet
  facet normal 0 0 0
    outer loop
      vertex -0.81854 -0.08062 0
      vertex -3.74189 -0.36854 5.7
      vertex -3.68775 -0.73354 5.7
    endloop
  endfacet
  facet normal 0 0 0
    outer loop
      vertex -0.81854 -0.08062 0
      vertex -3.68775 -0.73354 5.7
      vertex -0.8067 -0.16046 0
    endloop
  endfacet
  facet normal 0 0 0
    outer loop
      vertex 0 0 0
      vertex -0.8067 -0.16046 0
      vertex -0.81854 -0.08062 0
    endloop
  endfacet
  facet normal 0 0 0
    outer loop
      vertex 0 0 5.7
      vertex -3.74189 -0.36854 5.7
      vertex -3.68775 -0.73354 5.7
    endloop
  endfacet
  facet normal 0 0 0
    outer loop
      vertex -0.8067 -0.16046 0
      vertex -3.68775 -0.73354 5.7
      vertex -3.5981 -1.09147 5.7
    endloop
  endfacet
  facet normal 0 0 0
    outer loop
      vertex -0.8067 -0.16046 0
      vertex -3.5981 -1.09147 5.7
      vertex -0.78708 -0.23876 0
    endloop
  endfacet
  facet normal 0 0 0
    outer loop
      vertex 0 0 0
      vertex -0.78708 -0.23876 0
      vertex -0.8067 -0.16046 0
    endloop
  endfacet
  facet normal 0 0 0
    outer loop
      vertex 0 0 5.7
      vertex -3.68775 -0.73354 5.7
      vertex -3.5981 -1.09147 5.7
    endloop
  endfacet
  facet normal 0 0 0
    outer loop
      vertex -0.78708 -0.23876 0
      vertex -3.5981 -1.09147 5.7
      vertex -3.47379 -1.43889 5.7
    endloop
  endfacet
  facet normal 0 0 0
    outer loop
      vertex -0.78708 -0.23876 0
      vertex -3.47379 -1.43889 5.7
      vertex -0.75989 -0.31476 0
    endloop
  endfacet
  facet normal 0 0 0
    outer loop
      vertex 0 0 0
      vertex -0.75989 -0.31476 0
      vertex -0.78708 -0.23876 0
    endloop
  endfacet
  facet normal 0 0 0
    outer loop
      vertex 0 0 5.7
      vertex -3.5981 -1.09147 5.7
      vertex -3.47379 -1.43889 5.7
    endloop
  endfacet
  facet normal 0 0 0
    outer loop
      vertex -0.75989 -0.31476 0
      vertex -3.47379 -1.43889 5.7
      vertex -3.31602 -1.77245 5.7
    endloop
  endfacet
  facet normal 0 0 0
    outer loop
      vertex -0.75989 -0.31476 0
      vertex -3.31602 -1.77245 5.7
      vertex -0.72538 -0.38772 0
    endloop
  endfacet
  facet normal 0 0 0
    outer loop
      vertex 0 0 0
      vertex -0.72538 -0.38772 0
      vertex -0.75989 -0.31476 0
    endloop
  endfacet
  facet normal 0 0 0
    outer loop
      vertex 0 0 5.7
      vertex -3.47379 -1.43889 5.7
      vertex -3.31602 -1.77245 5.7
    endloop
  endfacet
  facet normal 0 0 0
    outer loop
      vertex -0.72538 -0.38772 0
      vertex -3.31602 -1.77245 5.7
      vertex -3.12633 -2.08894 5.7
    endloop
  endfacet
  facet normal 0 0 0
    outer loop
      vertex -0.72538 -0.38772 0
      vertex -3.12633 -2.08894 5.7
      vertex -0.68388 -0.45696 0
    endloop
  endfacet
  facet normal 0 0 0
    outer loop
      vertex 0 0 0
      vertex -0.68388 -0.45696 0
      vertex -0.72538 -0.38772 0
    endloop
  endfacet
  facet normal 0 0 0
    outer loop
      vertex 0 0 5.7
      vertex -3.31602 -1.77245 5.7
      vertex -3.12633 -2.08894 5.7
    endloop
  endfacet
  facet normal 0 0 0
    outer loop
      vertex -0.68388 -0.45696 0
      vertex -3.12633 -2.08894 5.7
      vertex -2.90652 -2.38532 5.7
    endloop
  endfacet
  facet normal 0 0 0
    outer loop
      vertex -0.68388 -0.45696 0
      vertex -2.90652 -2.38532 5.7
      vertex -0.6358 -0.52179 0
    endloop
  endfacet
  facet normal 0 0 0
    outer loop
      vertex 0 0 0
      vertex -0.6358 -0.52179 0
      vertex -0.68388 -0.45696 0
    endloop
  endfacet
  facet normal 0 0 0
    outer loop
      vertex 0 0 5.7
      vertex -3.12633 -2.08894 5.7
      vertex -2.90652 -2.38532 5.7
    endloop
  endfacet
  facet normal 0 0 0
    outer loop
      vertex -0.6358 -0.52179 0
      vertex -2.90652 -2.38532 5.7
      vertex -2.65872 -2.65872 5.7
    endloop
  endfacet
  facet normal 0 0 0
    outer loop
      vertex -0.6358 -0.52179 0
      vertex -2.65872 -2.65872 5.7
      vertex -0.5816 -0.5816 0
    endloop
  endfacet
  facet normal 0 0 0
    outer loop
      vertex 0 0 0
      vertex -0.5816 -0.5816 0
      vertex -0.6358 -0.52179 0
    endloop
  endfacet
  facet normal 0 0 0
    outer loop
      vertex 0 0 5.7
      vertex -2.90652 -2.38532 5.7
      vertex -2.65872 -2.65872 5.7
    endloop
  endfacet
  facet normal 0 0 0
    outer loop
      vertex -0.5816 -0.5816 0
      vertex -2.65872 -2.65872 5.7
      vertex -2.38532 -2.90652 5.7
    endloop
  endfacet
  facet normal 0 0 0
    outer loop
      vertex -0.5816 -0.5816 0
      vertex -2.38532 -2.90652 5.7
      vertex -0.52179 -0.6358 0
    endloop
  endfacet
  facet normal 0 0 0
    outer loop
      vertex 0 0 0
      vertex -0.52179 -0.6358 0
      vertex -0.5816 -0.5816 0
    endloop
  endfacet
  facet normal 0 0 0
    outer loop
      vertex 0 0 5.7
      vertex -2.65872 -2.65872 5.7
      vertex -2.38532 -2.90652 5.7
    endloop
  endfacet
  facet normal 0 0 0
    outer loop
      vertex -0.52179 -0.6358 0
      vertex -2.38532 -2.90652 5.7
      vertex -2.08894 -3.12633 5.7
    endloop
  endfacet
  facet normal 0 0 0
    outer loop
      vertex -0.52179 -0.6358 0
      vertex -2.08894 -3.12633 5.7
      vertex -0.45696 -0.68388 0
    endloop
  endfacet
  facet normal 0 0 0
    outer loop
      vertex 0 0 0
      vertex -0.45696 -0.68388 0
      vertex -0.52179 -0.6358 0
    endloop
  endfacet
  facet normal 0 0 0
    outer loop
      vertex 0 0 5.7
      vertex -2.38532 -2.90652 5.7
      vertex -2.08894 -3.12633 5.7
    endloop
  endfacet
  facet normal 0 0 0
    outer loop
      vertex -0.45696 -0.68388 0
      vertex -2.08894 -3.12633 5.7
      vertex -1.77245 -3.31602 5.7
    endloop
  endfacet
  facet normal 0 0 0
    outer loop
      vertex -0.45696 -0.68388 0
      vertex -1.77245 -3.31602 5.7
      vertex -0.38772 -0.72538 0
    endloop
  endfacet
  facet normal 0 0 0
    outer loop
      vertex 0 0 0
      vertex -0.38772 -0.72538 0
      vertex -0.45696 -0.68388 0
    endloop
  endfacet
  facet normal 0 0 0
    outer loop
      vertex 0 0 5.7
      vertex -2.08894 -3.12633 5.7
      vertex -1.77245 -3.31602 5.7
    endloop
  endfacet
  facet normal 0 0 0
    outer loop
      vertex -0.38772 -0.72538 0
      vertex -1.77245 -3.31602 5.7
      vertex -1.43889 -3.47379 5.7
    endloop
  endfacet
  facet normal 0 0 0
    outer loop
      vertex -0.38772 -0.72538 0
      vertex -1.43889 -3.47379 5.7
      vertex -0.31476 -0.75989 0
    endloop
  endfacet
  facet normal 0 0 0
    outer loop
      vertex 0 0 0
      vertex -0.31476 -0.75989 0
      vertex -0.38772 -0.72538 0
    endloop
  endfacet
  facet normal 0 0 0
    outer loop
      vertex 0 0 5.7
      vertex -1.77245 -3.31602 5.7
      vertex -1.43889 -3.47379 5.7
    endloop
  endfacet
  facet normal 0 0 0
    outer loop
      vertex -0.31476 -0.75989 0
      vertex -1.43889 -3.47379 5.7
      vertex -1.09147 -3.5981 5.7
    endloop
  endfacet
  facet normal 0 0 0
    outer loop
      vertex -0.31476 -0.75989 0
      vertex -1.09147 -3.5981 5.7
      vertex -0.23876 -0.78708 0
    endloop
  endfacet
  facet normal 0 0 0
    outer loop
      vertex 0 0 0
      vertex -0.23876 -0.78708 0
      vertex -0.31476 -0.75989 0
    endloop
  endfacet
  facet normal 0 0 0
    outer loop
      vertex 0 0 5.7
      vertex -1.43889 -3.47379 5.7
      vertex -1.09147 -3.5981 5.7
    endloop
  endfacet
  facet normal 0 0 0
    outer loop
      vertex -0.23876 -0.78708 0
      vertex -1.09147 -3.5981 5.7
      vertex -0.73354 -3.68775 5.7
    endloop
  endfacet
  facet normal 0 0 0
    outer loop
      vertex -0.23876 -0.78708 0
      vertex -0.73354 -3.68775 5.7
      vertex -0.16046 -0.8067 0
    endloop
  endfacet
  facet normal 0 0 0
    outer loop
      vertex 0 0 0
      vertex -0.16046 -0.8067 0
      vertex -0.23876 -0.78708 0
    endloop
  endfacet
  facet normal 0 0 0
    outer loop
      vertex 0 0 5.7
      vertex -1.09147 -3.5981 5.7
      vertex -0.73354 -3.68775 5.7
    endloop
  endfacet
  facet normal 0 0 0
    outer loop
      vertex -0.16046 -0.8067 0
      vertex -0.73354 -3.68775 5.7
      vertex -0.36854 -3.74189 5.7
    endloop
  endfacet
  facet normal 0 0 0
    outer loop
      vertex -0.16046 -0.8067 0
      vertex -0.36854 -3.74189 5.7
      vertex -0.08062 -0.81854 0
    endloop
  endfacet
  facet normal 0 0 0
    outer loop
      vertex 0 0 0
      vertex -0.08062 -0.81854 0
      vertex -0.16046 -0.8067 0
    endloop
  endfacet
  facet normal 0 0 0
    outer loop
      vertex 0 0 5.7
      vertex -0.73354 -3.68775 5.7
      vertex -0.36854 -3.74189 5.7
    endloop
  endfacet
  facet normal 0 0 0
    outer loop
      vertex -0.08062 -0.81854 0
      vertex -0.36854 -3.74189 5.7
      vertex 0 -3.76 5.7
    endloop
  endfacet
  facet normal 0 0 0
    outer loop
      vertex -0.08062 -0.81854 0
      vertex 0 -3.76 5.7
      vertex 0 -0.8225 0
    endloop
  endfacet
  facet normal 0 0 0
    outer loop
      vertex 0 0 0
      vertex 0 -0.8225 0
      vertex -0.08062 -0.81854 0
    endloop
  endfacet
  facet normal 0 0 0
    outer loop
      vertex 0 0 5.7
      vertex -0.36854 -3.74189 5.7
      vertex 0 -3.76 5.7
    endloop
  endfacet
  facet normal 0 0 0
    outer loop
      vertex 0 -0.8225 0
      vertex 0 -3.76 5.7
      vertex 0.36854 -3.74189 5.7
    endloop
  endfacet
  facet normal 0 0 0
    outer loop
      vertex 0 -0.8225 0
      vertex 0.36854 -3.74189 5.7
      vertex 0.08062 -0.81854 0
    endloop
  endfacet
  facet normal 0 0 0
    outer loop
      vertex 0 0 0
      vertex 0.08062 -0.81854 0
      vertex 0 -0.8225 0
    endloop
  endfacet
  facet normal 0 0 0
    outer loop
      vertex 0 0 5.7
      vertex 0 -3.76 5.7
      vertex 0.36854 -3.74189 5.7
    endloop
  endfacet
  facet normal 0 0 0
    outer loop
      vertex 0.08062 -0.81854 0
      vertex 0.36854 -3.74189 5.7
      vertex 0.73354 -3.68775 5.7
    endloop
  endfacet
  facet normal 0 0 0
    outer loop
      vertex 0.08062 -0.81854 0
      vertex 0.73354 -3.68775 5.7
      vertex 0.16046 -0.8067 0
    endloop
  endfacet
  facet normal 0 0 0
    outer loop
      vertex 0 0 0
      vertex 0.16046 -0.8067 0
      vertex 0.08062 -0.81854 0
    endloop
  endfacet
  facet normal 0 0 0
    outer loop
      vertex 0 0 5.7
      vertex 0.36854 -3.74189 5.7
      vertex 0.73354 -3.68775 5.7
    endloop
  endfacet
  facet normal 0 0 0
    outer loop
      vertex 0.16046 -0.8067 0
      vertex 0.73354 -3.68775 5.7
      vertex 1.09147 -3.5981 5.7
    endloop
  endfacet
  facet normal 0 0 0
    outer loop
      vertex 0.16046 -0.8067 0
      vertex 1.09147 -3.5981 5.7
      vertex 0.23876 -0.78708 0
    endloop
  endfacet
  facet normal 0 0 0
    outer loop
      vertex 0 0 0
      vertex 0.23876 -0.78708 0
      vertex 0.16046 -0.8067 0
    endloop
  endfacet
  facet normal 0 0 0
    outer loop
      vertex 0 0 5.7
      vertex 0.73354 -3.68775 5.7
      vertex 1.09147 -3.5981 5.7
    endloop
  endfacet
  facet normal 0 0 0
    outer loop
      vertex 0.23876 -0.78708 0
      vertex 1.09147 -3.5981 5.7
      vertex 1.43889 -3.47379 5.7
    endloop
  endfacet
  facet normal 0 0 0
    outer loop
      vertex 0.23876 -0.78708 0
      vertex 1.43889 -3.47379 5.7
      vertex 0.31476 -0.75989 0
    endloop
  endfacet
  facet normal 0 0 0
    outer loop
      vertex 0 0 0
      vertex 0.31476 -0.75989 0
      vertex 0.23876 -0.78708 0
    endloop
  endfacet
  facet normal 0 0 0
    outer loop
      vertex 0 0 5.7
      vertex 1.09147 -3.5981 5.7
      vertex 1.43889 -3.47379 5.7
    endloop
  endfacet
  facet normal 0 0 0
    outer loop
      vertex 0.31476 -0.75989 0
      vertex 1.43889 -3.47379 5.7
      vertex 1.77245 -3.31602 5.7
    endloop
  endfacet
  facet normal 0 0 0
    outer loop
      vertex 0.31476 -0.75989 0
      vertex 1.77245 -3.31602 5.7
      vertex 0.38772 -0.72538 0
    endloop
  endfacet
  facet normal 0 0 0
    outer loop
      vertex 0 0 0
      vertex 0.38772 -0.72538 0
      vertex 0.31476 -0.75989 0
    endloop
  endfacet
  facet normal 0 0 0
    outer loop
      vertex 0 0 5.7
      vertex 1.43889 -3.47379 5.7
      vertex 1.77245 -3.31602 5.7
    endloop
  endfacet
  facet normal 0 0 0
    outer loop
      vertex 0.38772 -0.72538 0
      vertex 1.77245 -3.31602 5.7
      vertex 2.08894 -3.12633 5.7
    endloop
  endfacet
  facet normal 0 0 0
    outer loop
      vertex 0.38772 -0.72538 0
      vertex 2.08894 -3.12633 5.7
      vertex 0.45696 -0.68388 0
    endloop
  endfacet
  facet normal 0 0 0
    outer loop
      vertex 0 0 0
      vertex 0.45696 -0.68388 0
      vertex 0.38772 -0.72538 0
    endloop
  endfacet
  facet normal 0 0 0
    outer loop
      vertex 0 0 5.7
      vertex 1.77245 -3.31602 5.7
      vertex 2.08894 -3.12633 5.7
    endloop
  endfacet
  facet normal 0 0 0
    outer loop
      vertex 0.45696 -0.68388 0
      vertex 2.08894 -3.12633 5.7
      vertex 2.38532 -2.90652 5.7
    endloop
  endfacet
  facet normal 0 0 0
    outer loop
      vertex 0.45696 -0.68388 0
      vertex 2.38532 -2.90652 5.7
      vertex 0.52179 -0.6358 0
    endloop
  endfacet
  facet normal 0 0 0
    outer loop
      vertex 0 0 0
      vertex 0.52179 -0.6358 0
      vertex 0.45696 -0.68388 0
    endloop
  endfacet
  facet normal 0 0 0
    outer loop
      vertex 0 0 5.7
      vertex 2.08894 -3.12633 5.7
      vertex 2.38532 -2.90652 5.7
    endloop
  endfacet
  facet normal 0 0 0
    outer loop
      vertex 0.52179 -0.6358 0
      vertex 2.38532 -2.90652 5.7
      vertex 2.65872 -2.65872 5.7
    endloop
  endfacet
  facet normal 0 0 0
    outer loop
      vertex 0.52179 -0.6358 0
      vertex 2.65872 -2.65872 5.7
      vertex 0.5816 -0.5816 0
    endloop
  endfacet
  facet normal 0 0 0
    outer loop
      vertex 0 0 0
      vertex 0.5816 -0.5816 0
      vertex 0.52179 -0.6358 0
    endloop
  endfacet
  facet normal 0 0 0
    outer loop
      vertex 0 0 5.7
      vertex 2.38532 -2.90652 5.7
      vertex 2.65872 -2.65872 5.7
    endloop
  endfacet
  facet normal 0 0 0
    outer loop
      vertex 0.5816 -0.5816 0
      vertex 2.65872 -2.65872 5.7
      vertex 2.90652 -2.38532 5.7
    endloop
  endfacet
  facet normal 0 0 0
    outer loop
      vertex 0.5816 -0.5816 0
      vertex 2.90652 -2.38532 5.7
      vertex 0.6358 -0.52179 0
    endloop
  endfacet
  facet normal 0 0 0
    outer loop
      vertex 0 0 0
      vertex 0.6358 -0.52179 0
      vertex 0.5816 -0.5816 0
    endloop
  endfacet
  facet normal 0 0 0
    outer loop
      vertex 0 0 5.7
      vertex 2.65872 -2.65872 5.7
      vertex 2.90652 -2.38532 5.7
    endloop
  endfacet
  facet normal 0 0 0
    outer loop
      vertex 0.6358 -0.52179 0
      vertex 2.90652 -2.38532 5.7
      vertex 3.12633 -2.08894 5.7
    endloop
  endfacet
  facet normal 0 0 0
    outer loop
      vertex 0.6358 -0.52179 0
      vertex 3.12633 -2.08894 5.7
      vertex 0.68388 -0.45696 0
    endloop
  endfacet
  facet normal 0 0 0
    outer loop
      vertex 0 0 0
      vertex 0.68388 -0.45696 0
      vertex 0.6358 -0.52179 0
    endloop
  endfacet
  facet normal 0 0 0
    outer loop
      vertex 0 0 5.7
      vertex 2.90652 -2.38532 5.7
      vertex 3.12633 -2.08894 5.7
    endloop
  endfacet
  facet normal 0 0 0
    outer loop
      vertex 0.68388 -0.45696 0
      vertex 3.12633 -2.08894 5.7
      vertex 3.31602 -1.77245 5.7
    endloop
  endfacet
  facet normal 0 0 0
    outer loop
      vertex 0.68388 -0.45696 0
      vertex 3.31602 -1.77245 5.7
      vertex 0.72538 -0.38772 0
    endloop
  endfacet
  facet normal 0 0 0
    outer loop
      vertex 0 0 0
      vertex 0.72538 -0.38772 0
      vertex 0.68388 -0.45696 0
    endloop
  endfacet
  facet normal 0 0 0
    outer loop
      vertex 0 0 5.7
      vertex 3.12633 -2.08894 5.7
      vertex 3.31602 -1.77245 5.7
    endloop
  endfacet
  facet normal 0 0 0
    outer loop
      vertex 0.72538 -0.38772 0
      vertex 3.31602 -1.77245 5.7
      vertex 3.47379 -1.43889 5.7
    endloop
  endfacet
  facet normal 0 0 0
    outer loop
      vertex 0.72538 -0.38772 0
      vertex 3.47379 -1.43889 5.7
      vertex 0.75989 -0.31476 0
    endloop
  endfacet
  facet normal 0 0 0
    outer loop
      vertex 0 0 0
      vertex 0.75989 -0.31476 0
      vertex 0.72538 -0.38772 0
    endloop
  endfacet
  facet normal 0 0 0
    outer loop
      vertex 0 0 5.7
      vertex 3.31602 -1.77245 5.7
      vertex 3.47379 -1.43889 5.7
    endloop
  endfacet
  facet normal 0 0 0
    outer loop
      vertex 0.75989 -0.31476 0
      vertex 3.47379 -1.43889 5.7
      vertex 3.5981 -1.09147 5.7
    endloop
  endfacet
  facet normal 0 0 0
    outer loop
      vertex 0.75989 -0.31476 0
      vertex 3.5981 -1.09147 5.7
      vertex 0.78708 -0.23876 0
    endloop
  endfacet
  facet normal 0 0 0
    outer loop
      vertex 0 0 0
      vertex 0.78708 -0.23876 0
      vertex 0.75989 -0.31476 0
    endloop
  endfacet
  facet normal 0 0 0
    outer loop
      vertex 0 0 5.7
      vertex 3.47379 -1.43889 5.7
      vertex 3.5981 -1.09147 5.7
    endloop
  endfacet
  facet normal 0 0 0
    outer loop
      vertex 0.78708 -0.23876 0
      vertex 3.5981 -1.09147 5.7
      vertex 3.68775 -0.73354 5.7
    endloop
  endfacet
  facet normal 0 0 0
    outer loop
      vertex 0.78708 -0.23876 0
      vertex 3.68775 -0.73354 5.7
      vertex 0.8067 -0.16046 0
    endloop
  endfacet
  facet normal 0 0 0
    outer loop
      vertex 0 0 0
      vertex 0.8067 -0.16046 0
      vertex 0.78708 -0.23876 0
    endloop
  endfacet
  facet normal 0 0 0
    outer loop
      vertex 0 0 5.7
      vertex 3.5981 -1.09147 5.7
      vertex 3.68775 -0.73354 5.7
    endloop
  endfacet
  facet normal 0 0 0
    outer loop
      vertex 0.8067 -0.16046 0
      vertex 3.68775 -0.73354 5.7
      vertex 3.74189 -0.36854 5.7
    endloop
  endfacet
  facet normal 0 0 0
    outer loop
      vertex 0.8067 -0.16046 0
      vertex 3.74189 -0.36854 5.7
      vertex 0.81854 -0.08062 0
    endloop
  endfacet
  facet normal 0 0 0
    outer loop
      vertex 0 0 0
      vertex 0.81854 -0.08062 0
      vertex 0.8067 -0.16046 0
    endloop
  endfacet
  facet normal 0 0 0
    outer loop
      vertex 0 0 5.7
      vertex 3.68775 -0.73354 5.7
      vertex 3.74189 -0.36854 5.7
    endloop
  endfacet
  facet normal 0 0 0
    outer loop
      vertex 0.81854 -0.08062 0
      vertex 3.74189 -0.36854 5.7
      vertex 3.76 0 5.7
    endloop
  endfacet
  facet normal 0 0 0
    outer loop
      vertex 0.81854 -0.08062 0
      vertex 3.76 0 5.7
      vertex 0.8225 0 0
    endloop
  endfacet
  facet normal 0 0 0
    outer loop
      vertex 0 0 0
      vertex 0.8225 0 0
      vertex 0.81854 -0.08062 0
    endloop
  endfacet
  facet normal 0 0 0
    outer loop
      vertex 0 0 5.7
      vertex 3.74189 -0.36854 5.7
      vertex 3.76 0 5.7
    endloop
  endfacet
  facet normal 0 0 0
    outer loop
      vertex 3.76 0 4.94
      vertex 5.17 0 17.48
      vertex 5.14511 0.50675 17.48
    endloop
  endfacet
  facet normal 0 0 0
    outer loop
      vertex 3.76 0 4.94
      vertex 5.14511 0.50675 17.48
      vertex 3.74189 0.36854 4.94
    endloop
  endfacet
  facet normal 0 0 0
    outer loop
      vertex 0 0 4.94
      vertex 3.74189 0.36854 4.94
      vertex 3.76 0 4.94
    endloop
  endfacet
  facet normal 0 0 0
    outer loop
      vertex 0 0 17.48
      vertex 5.17 0 17.48
      vertex 5.14511 0.50675 17.48
    endloop
  endfacet
  facet normal 0 0 0
    outer loop
      vertex 3.74189 0.36854 4.94
      vertex 5.14511 0.50675 17.48
      vertex 5.07066 1.00862 17.48
    endloop
  endfacet
  facet normal 0 0 0
    outer loop
      vertex 3.74189 0.36854 4.94
      vertex 5.07066 1.00862 17.48
      vertex 3.68775 0.73354 4.94
    endloop
  endfacet
  facet normal 0 0 0
    outer loop
      vertex 0 0 4.94
      vertex 3.68775 0.73354 4.94
      vertex 3.74189 0.36854 4.94
    endloop
  endfacet
  facet normal 0 0 0
    outer loop
      vertex 0 0 17.48
      vertex 5.14511 0.50675 17.48
      vertex 5.07066 1.00862 17.48
    endloop
  endfacet
  facet normal 0 0 0
    outer loop
      vertex 3.68775 0.73354 4.94
      vertex 5.07066 1.00862 17.48
      vertex 4.94738 1.50077 17.48
    endloop
  endfacet
  facet normal 0 0 0
    outer loop
      vertex 3.68775 0.73354 4.94
      vertex 4.94738 1.50077 17.48
      vertex 3.5981 1.09147 4.94
    endloop
  endfacet
  facet normal 0 0 0
    outer loop
      vertex 0 0 4.94
      vertex 3.5981 1.09147 4.94
      vertex 3.68775 0.73354 4.94
    endloop
  endfacet
  facet normal 0 0 0
    outer loop
      vertex 0 0 17.48
      vertex 5.07066 1.00862 17.48
      vertex 4.94738 1.50077 17.48
    endloop
  endfacet
  facet normal 0 0 0
    outer loop
      vertex 3.5981 1.09147 4.94
      vertex 4.94738 1.50077 17.48
      vertex 4.77646 1.97847 17.48
    endloop
  endfacet
  facet normal 0 0 0
    outer loop
      vertex 3.5981 1.09147 4.94
      vertex 4.77646 1.97847 17.48
      vertex 3.47379 1.43889 4.94
    endloop
  endfacet
  facet normal 0 0 0
    outer loop
      vertex 0 0 4.94
      vertex 3.47379 1.43889 4.94
      vertex 3.5981 1.09147 4.94
    endloop
  endfacet
  facet normal 0 0 0
    outer loop
      vertex 0 0 17.48
      vertex 4.94738 1.50077 17.48
      vertex 4.77646 1.97847 17.48
    endloop
  endfacet
  facet normal 0 0 0
    outer loop
      vertex 3.47379 1.43889 4.94
      vertex 4.77646 1.97847 17.48
      vertex 4.55953 2.43712 17.48
    endloop
  endfacet
  facet normal 0 0 0
    outer loop
      vertex 3.47379 1.43889 4.94
      vertex 4.55953 2.43712 17.48
      vertex 3.31602 1.77245 4.94
    endloop
  endfacet
  facet normal 0 0 0
    outer loop
      vertex 0 0 4.94
      vertex 3.31602 1.77245 4.94
      vertex 3.47379 1.43889 4.94
    endloop
  endfacet
  facet normal 0 0 0
    outer loop
      vertex 0 0 17.48
      vertex 4.77646 1.97847 17.48
      vertex 4.55953 2.43712 17.48
    endloop
  endfacet
  facet normal 0 0 0
    outer loop
      vertex 3.31602 1.77245 4.94
      vertex 4.55953 2.43712 17.48
      vertex 4.2987 2.8723 17.48
    endloop
  endfacet
  facet normal 0 0 0
    outer loop
      vertex 3.31602 1.77245 4.94
      vertex 4.2987 2.8723 17.48
      vertex 3.12633 2.08894 4.94
    endloop
  endfacet
  facet normal 0 0 0
    outer loop
      vertex 0 0 4.94
      vertex 3.12633 2.08894 4.94
      vertex 3.31602 1.77245 4.94
    endloop
  endfacet
  facet normal 0 0 0
    outer loop
      vertex 0 0 17.48
      vertex 4.55953 2.43712 17.48
      vertex 4.2987 2.8723 17.48
    endloop
  endfacet
  facet normal 0 0 0
    outer loop
      vertex 3.12633 2.08894 4.94
      vertex 4.2987 2.8723 17.48
      vertex 3.99646 3.27981 17.48
    endloop
  endfacet
  facet normal 0 0 0
    outer loop
      vertex 3.12633 2.08894 4.94
      vertex 3.99646 3.27981 17.48
      vertex 2.90652 2.38532 4.94
    endloop
  endfacet
  facet normal 0 0 0
    outer loop
      vertex 0 0 4.94
      vertex 2.90652 2.38532 4.94
      vertex 3.12633 2.08894 4.94
    endloop
  endfacet
  facet normal 0 0 0
    outer loop
      vertex 0 0 17.48
      vertex 4.2987 2.8723 17.48
      vertex 3.99646 3.27981 17.48
    endloop
  endfacet
  facet normal 0 0 0
    outer loop
      vertex 2.90652 2.38532 4.94
      vertex 3.99646 3.27981 17.48
      vertex 3.65574 3.65574 17.48
    endloop
  endfacet
  facet normal 0 0 0
    outer loop
      vertex 2.90652 2.38532 4.94
      vertex 3.65574 3.65574 17.48
      vertex 2.65872 2.65872 4.94
    endloop
  endfacet
  facet normal 0 0 0
    outer loop
      vertex 0 0 4.94
      vertex 2.65872 2.65872 4.94
      vertex 2.90652 2.38532 4.94
    endloop
  endfacet
  facet normal 0 0 0
    outer loop
      vertex 0 0 17.48
      vertex 3.99646 3.27981 17.48
      vertex 3.65574 3.65574 17.48
    endloop
  endfacet
  facet normal 0 0 0
    outer loop
      vertex 2.65872 2.65872 4.94
      vertex 3.65574 3.65574 17.48
      vertex 3.27981 3.99646 17.48
    endloop
  endfacet
  facet normal 0 0 0
    outer loop
      vertex 2.65872 2.65872 4.94
      vertex 3.27981 3.99646 17.48
      vertex 2.38532 2.90652 4.94
    endloop
  endfacet
  facet normal 0 0 0
    outer loop
      vertex 0 0 4.94
      vertex 2.38532 2.90652 4.94
      vertex 2.65872 2.65872 4.94
    endloop
  endfacet
  facet normal 0 0 0
    outer loop
      vertex 0 0 17.48
      vertex 3.65574 3.65574 17.48
      vertex 3.27981 3.99646 17.48
    endloop
  endfacet
  facet normal 0 0 0
    outer loop
      vertex 2.38532 2.90652 4.94
      vertex 3.27981 3.99646 17.48
      vertex 2.8723 4.2987 17.48
    endloop
  endfacet
  facet normal 0 0 0
    outer loop
      vertex 2.38532 2.90652 4.94
      vertex 2.8723 4.2987 17.48
      vertex 2.08894 3.12633 4.94
    endloop
  endfacet
  facet normal 0 0 0
    outer loop
      vertex 0 0 4.94
      vertex 2.08894 3.12633 4.94
      vertex 2.38532 2.90652 4.94
    endloop
  endfacet
  facet normal 0 0 0
    outer loop
      vertex 0 0 17.48
      vertex 3.27981 3.99646 17.48
      vertex 2.8723 4.2987 17.48
    endloop
  endfacet
  facet normal 0 0 0
    outer loop
      vertex 2.08894 3.12633 4.94
      vertex 2.8723 4.2987 17.48
      vertex 2.43712 4.55953 17.48
    endloop
  endfacet
  facet normal 0 0 0
    outer loop
      vertex 2.08894 3.12633 4.94
      vertex 2.43712 4.55953 17.48
      vertex 1.77245 3.31602 4.94
    endloop
  endfacet
  facet normal 0 0 0
    outer loop
      vertex 0 0 4.94
      vertex 1.77245 3.31602 4.94
      vertex 2.08894 3.12633 4.94
    endloop
  endfacet
  facet normal 0 0 0
    outer loop
      vertex 0 0 17.48
      vertex 2.8723 4.2987 17.48
      vertex 2.43712 4.55953 17.48
    endloop
  endfacet
  facet normal 0 0 0
    outer loop
      vertex 1.77245 3.31602 4.94
      vertex 2.43712 4.55953 17.48
      vertex 1.97847 4.77646 17.48
    endloop
  endfacet
  facet normal 0 0 0
    outer loop
      vertex 1.77245 3.31602 4.94
      vertex 1.97847 4.77646 17.48
      vertex 1.43889 3.47379 4.94
    endloop
  endfacet
  facet normal 0 0 0
    outer loop
      vertex 0 0 4.94
      vertex 1.43889 3.47379 4.94
      vertex 1.77245 3.31602 4.94
    endloop
  endfacet
  facet normal 0 0 0
    outer loop
      vertex 0 0 17.48
      vertex 2.43712 4.55953 17.48
      vertex 1.97847 4.77646 17.48
    endloop
  endfacet
  facet normal 0 0 0
    outer loop
      vertex 1.43889 3.47379 4.94
      vertex 1.97847 4.77646 17.48
      vertex 1.50077 4.94738 17.48
    endloop
  endfacet
  facet normal 0 0 0
    outer loop
      vertex 1.43889 3.47379 4.94
      vertex 1.50077 4.94738 17.48
      vertex 1.09147 3.5981 4.94
    endloop
  endfacet
  facet normal 0 0 0
    outer loop
      vertex 0 0 4.94
      vertex 1.09147 3.5981 4.94
      vertex 1.43889 3.47379 4.94
    endloop
  endfacet
  facet normal 0 0 0
    outer loop
      vertex 0 0 17.48
      vertex 1.97847 4.77646 17.48
      vertex 1.50077 4.94738 17.48
    endloop
  endfacet
  facet normal 0 0 0
    outer loop
      vertex 1.09147 3.5981 4.94
      vertex 1.50077 4.94738 17.48
      vertex 1.00862 5.07066 17.48
    endloop
  endfacet
  facet normal 0 0 0
    outer loop
      vertex 1.09147 3.5981 4.94
      vertex 1.00862 5.07066 17.48
      vertex 0.73354 3.68775 4.94
    endloop
  endfacet
  facet normal 0 0 0
    outer loop
      vertex 0 0 4.94
      vertex 0.73354 3.68775 4.94
      vertex 1.09147 3.5981 4.94
    endloop
  endfacet
  facet normal 0 0 0
    outer loop
      vertex 0 0 17.48
      vertex 1.50077 4.94738 17.48
      vertex 1.00862 5.07066 17.48
    endloop
  endfacet
  facet normal 0 0 0
    outer loop
      vertex 0.73354 3.68775 4.94
      vertex 1.00862 5.07066 17.48
      vertex 0.50675 5.14511 17.48
    endloop
  endfacet
  facet normal 0 0 0
    outer loop
      vertex 0.73354 3.68775 4.94
      vertex 0.50675 5.14511 17.48
      vertex 0.36854 3.74189 4.94
    endloop
  endfacet
  facet normal 0 0 0
    outer loop
      vertex 0 0 4.94
      vertex 0.36854 3.74189 4.94
      vertex 0.73354 3.68775 4.94
    endloop
  endfacet
  facet normal 0 0 0
    outer loop
      vertex 0 0 17.48
      vertex 1.00862 5.07066 17.48
      vertex 0.50675 5.14511 17.48
    endloop
  endfacet
  facet normal 0 0 0
    outer loop
      vertex 0.36854 3.74189 4.94
      vertex 0.50675 5.14511 17.48
      vertex 0 5.17 17.48
    endloop
  endfacet
  facet normal 0 0 0
    outer loop
      vertex 0.36854 3.74189 4.94
      vertex 0 5.17 17.48
      vertex 0 3.76 4.94
    endloop
  endfacet
  facet normal 0 0 0
    outer loop
      vertex 0 0 4.94
      vertex 0 3.76 4.94
      vertex 0.36854 3.74189 4.94
    endloop
  endfacet
  facet normal 0 0 0
    outer loop
      vertex 0 0 17.48
      vertex 0.50675 5.14511 17.48
      vertex 0 5.17 17.48
    endloop
  endfacet
  facet normal 0 0 0
    outer loop
      vertex 0 3.76 4.94
      vertex 0 5.17 17.48
      vertex -0.50675 5.14511 17.48
    endloop
  endfacet
  facet normal 0 0 0
    outer loop
      vertex 0 3.76 4.94
      vertex -0.50675 5.14511 17.48
      vertex -0.36854 3.74189 4.94
    endloop
  endfacet
  facet normal 0 0 0
    outer loop
      vertex 0 0 4.94
      vertex -0.36854 3.74189 4.94
      vertex 0 3.76 4.94
    endloop
  endfacet
  facet normal 0 0 0
    outer loop
      vertex 0 0 17.48
      vertex 0 5.17 17.48
      vertex -0.50675 5.14511 17.48
    endloop
  endfacet
  facet normal 0 0 0
    outer loop
      vertex -0.36854 3.74189 4.94
      vertex -0.50675 5.14511 17.48
      vertex -1.00862 5.07066 17.48
    endloop
  endfacet
  facet normal 0 0 0
    outer loop
      vertex -0.36854 3.74189 4.94
      vertex -1.00862 5.07066 17.48
      vertex -0.73354 3.68775 4.94
    endloop
  endfacet
  facet normal 0 0 0
    outer loop
      vertex 0 0 4.94
      vertex -0.73354 3.68775 4.94
      vertex -0.36854 3.74189 4.94
    endloop
  endfacet
  facet normal 0 0 0
    outer loop
      vertex 0 0 17.48
      vertex -0.50675 5.14511 17.48
      vertex -1.00862 5.07066 17.48
    endloop
  endfacet
  facet normal 0 0 0
    outer loop
      vertex -0.73354 3.68775 4.94
      vertex -1.00862 5.07066 17.48
      vertex -1.50077 4.94738 17.48
    endloop
  endfacet
  facet normal 0 0 0
    outer loop
      vertex -0.73354 3.68775 4.94
      vertex -1.50077 4.94738 17.48
      vertex -1.09147 3.5981 4.94
    endloop
  endfacet
  facet normal 0 0 0
    outer loop
      vertex 0 0 4.94
      vertex -1.09147 3.5981 4.94
      vertex -0.73354 3.68775 4.94
    endloop
  endfacet
  facet normal 0 0 0
    outer loop
      vertex 0 0 17.48
      vertex -1.00862 5.07066 17.48
      vertex -1.50077 4.94738 17.48
    endloop
  endfacet
  facet normal 0 0 0
    outer loop
      vertex -1.09147 3.5981 4.94
      vertex -1.50077 4.94738 17.48
      vertex -1.97847 4.77646 17.48
    endloop
  endfacet
  facet normal 0 0 0
    outer loop
      vertex -1.09147 3.5981 4.94
      vertex -1.97847 4.77646 17.48
      vertex -1.43889 3.47379 4.94
    endloop
  endfacet
  facet normal 0 0 0
    outer loop
      vertex 0 0 4.94
      vertex -1.43889 3.47379 4.94
      vertex -1.09147 3.5981 4.94
    endloop
  endfacet
  facet normal 0 0 0
    outer loop
      vertex 0 0 17.48
      vertex -1.50077 4.94738 17.48
      vertex -1.97847 4.77646 17.48
    endloop
  endfacet
  facet normal 0 0 0
    outer loop
      vertex -1.43889 3.47379 4.94
      vertex -1.97847 4.77646 17.48
      vertex -2.43712 4.55953 17.48
    endloop
  endfacet
  facet normal 0 0 0
    outer loop
      vertex -1.43889 3.47379 4.94
      vertex -2.43712 4.55953 17.48
      vertex -1.77245 3.31602 4.94
    endloop
  endfacet
  facet normal 0 0 0
    outer loop
      vertex 0 0 4.94
      vertex -1.77245 3.31602 4.94
      vertex -1.43889 3.47379 4.94
    endloop
  endfacet
  facet normal 0 0 0
    outer loop
      vertex 0 0 17.48
      vertex -1.97847 4.77646 17.48
      vertex -2.43712 4.55953 17.48
    endloop
  endfacet
  facet normal 0 0 0
    outer loop
      vertex -1.77245 3.31602 4.94
      vertex -2.43712 4.55953 17.48
      vertex -2.8723 4.2987 17.48
    endloop
  endfacet
  facet normal 0 0 0
    outer loop
      vertex -1.77245 3.31602 4.94
      vertex -2.8723 4.2987 17.48
      vertex -2.08894 3.12633 4.94
    endloop
  endfacet
  facet normal 0 0 0
    outer loop
      vertex 0 0 4.94
      vertex -2.08894 3.12633 4.94
      vertex -1.77245 3.31602 4.94
    endloop
  endfacet
  facet normal 0 0 0
    outer loop
      vertex 0 0 17.48
      vertex -2.43712 4.55953 17.48
      vertex -2.8723 4.2987 17.48
    endloop
  endfacet
  facet normal 0 0 0
    outer loop
      vertex -2.08894 3.12633 4.94
      vertex -2.8723 4.2987 17.48
      vertex -3.27981 3.99646 17.48
    endloop
  endfacet
  facet normal 0 0 0
    outer loop
      vertex -2.08894 3.12633 4.94
      vertex -3.27981 3.99646 17.48
      vertex -2.38532 2.90652 4.94
    endloop
  endfacet
  facet normal 0 0 0
    outer loop
      vertex 0 0 4.94
      vertex -2.38532 2.90652 4.94
      vertex -2.08894 3.12633 4.94
    endloop
  endfacet
  facet normal 0 0 0
    outer loop
      vertex 0 0 17.48
      vertex -2.8723 4.2987 17.48
      vertex -3.27981 3.99646 17.48
    endloop
  endfacet
  facet normal 0 0 0
    outer loop
      vertex -2.38532 2.90652 4.94
      vertex -3.27981 3.99646 17.48
      vertex -3.65574 3.65574 17.48
    endloop
  endfacet
  facet normal 0 0 0
    outer loop
      vertex -2.38532 2.90652 4.94
      vertex -3.65574 3.65574 17.48
      vertex -2.65872 2.65872 4.94
    endloop
  endfacet
  facet normal 0 0 0
    outer loop
      vertex 0 0 4.94
      vertex -2.65872 2.65872 4.94
      vertex -2.38532 2.90652 4.94
    endloop
  endfacet
  facet normal 0 0 0
    outer loop
      vertex 0 0 17.48
      vertex -3.27981 3.99646 17.48
      vertex -3.65574 3.65574 17.48
    endloop
  endfacet
  facet normal 0 0 0
    outer loop
      vertex -2.65872 2.65872 4.94
      vertex -3.65574 3.65574 17.48
      vertex -3.99646 3.27981 17.48
    endloop
  endfacet
  facet normal 0 0 0
    outer loop
      vertex -2.65872 2.65872 4.94
      vertex -3.99646 3.27981 17.48
      vertex -2.90652 2.38532 4.94
    endloop
  endfacet
  facet normal 0 0 0
    outer loop
      vertex 0 0 4.94
      vertex -2.90652 2.38532 4.94
      vertex -2.65872 2.65872 4.94
    endloop
  endfacet
  facet normal 0 0 0
    outer loop
      vertex 0 0 17.48
      vertex -3.65574 3.65574 17.48
      vertex -3.99646 3.27981 17.48
    endloop
  endfacet
  facet normal 0 0 0
    outer loop
      vertex -2.90652 2.38532 4.94
      vertex -3.99646 3.27981 17.48
      vertex -4.2987 2.8723 17.48
    endloop
  endfacet
  facet normal 0 0 0
    outer loop
      vertex -2.90652 2.38532 4.94
      vertex -4.2987 2.8723 17.48
      vertex -3.12633 2.08894 4.94
    endloop
  endfacet
  facet normal 0 0 0
    outer loop
      vertex 0 0 4.94
      vertex -3.12633 2.08894 4.94
      vertex -2.90652 2.38532 4.94
    endloop
  endfacet
  facet normal 0 0 0
    outer loop
      vertex 0 0 17.48
      vertex -3.99646 3.27981 17.48
      vertex -4.2987 2.8723 17.48
    endloop
  endfacet
  facet normal 0 0 0
    outer loop
      vertex -3.12633 2.08894 4.94
      vertex -4.2987 2.8723 17.48
      vertex -4.55953 2.43712 17.48
    endloop
  endfacet
  facet normal 0 0 0
    outer loop
      vertex -3.12633 2.08894 4.94
      vertex -4.55953 2.43712 17.48
      vertex -3.31602 1.77245 4.94
    endloop
  endfacet
  facet normal 0 0 0
    outer loop
      vertex 0 0 4.94
      vertex -3.31602 1.77245 4.94
      vertex -3.12633 2.08894 4.94
    endloop
  endfacet
  facet normal 0 0 0
    outer loop
      vertex 0 0 17.48
      vertex -4.2987 2.8723 17.48
      vertex -4.55953 2.43712 17.48
    endloop
  endfacet
  facet normal 0 0 0
    outer loop
      vertex -3.31602 1.77245 4.94
      vertex -4.55953 2.43712 17.48
      vertex -4.77646 1.97847 17.48
    endloop
  endfacet
  facet normal 0 0 0
    outer loop
      vertex -3.31602 1.77245 4.94
      vertex -4.77646 1.97847 17.48
      vertex -3.47379 1.43889 4.94
    endloop
  endfacet
  facet normal 0 0 0
    outer loop
      vertex 0 0 4.94
      vertex -3.47379 1.43889 4.94
      vertex -3.31602 1.77245 4.94
    endloop
  endfacet
  facet normal 0 0 0
    outer loop
      vertex 0 0 17.48
      vertex -4.55953 2.43712 17.48
      vertex -4.77646 1.97847 17.48
    endloop
  endfacet
  facet normal 0 0 0
    outer loop
      vertex -3.47379 1.43889 4.94
      vertex -4.77646 1.97847 17.48
      vertex -4.94738 1.50077 17.48
    endloop
  endfacet
  facet normal 0 0 0
    outer loop
      vertex -3.47379 1.43889 4.94
      vertex -4.94738 1.50077 17.48
      vertex -3.5981 1.09147 4.94
    endloop
  endfacet
  facet normal 0 0 0
    outer loop
      vertex 0 0 4.94
      vertex -3.5981 1.09147 4.94
      vertex -3.47379 1.43889 4.94
    endloop
  endfacet
  facet normal 0 0 0
    outer loop
      vertex 0 0 17.48
      vertex -4.77646 1.97847 17.48
      vertex -4.94738 1.50077 17.48
    endloop
  endfacet
  facet normal 0 0 0
    outer loop
      vertex -3.5981 1.09147 4.94
      vertex -4.94738 1.50077 17.48
      vertex -5.07066 1.00862 17.48
    endloop
  endfacet
  facet normal 0 0 0
    outer loop
      vertex -3.5981 1.09147 4.94
      vertex -5.07066 1.00862 17.48
      vertex -3.68775 0.73354 4.94
    endloop
  endfacet
  facet normal 0 0 0
    outer loop
      vertex 0 0 4.94
      vertex -3.68775 0.73354 4.94
      vertex -3.5981 1.09147 4.94
    endloop
  endfacet
  facet normal 0 0 0
    outer loop
      vertex 0 0 17.48
      vertex -4.94738 1.50077 17.48
      vertex -5.07066 1.00862 17.48
    endloop
  endfacet
  facet normal 0 0 0
    outer loop
      vertex -3.68775 0.73354 4.94
      vertex -5.07066 1.00862 17.48
      vertex -5.14511 0.50675 17.48
    endloop
  endfacet
  facet normal 0 0 0
    outer loop
      vertex -3.68775 0.73354 4.94
      vertex -5.14511 0.50675 17.48
      vertex -3.74189 0.36854 4.94
    endloop
  endfacet
  facet normal 0 0 0
    outer loop
      vertex 0 0 4.94
      vertex -3.74189 0.36854 4.94
      vertex -3.68775 0.73354 4.94
    endloop
  endfacet
  facet normal 0 0 0
    outer loop
      vertex 0 0 17.48
      vertex -5.07066 1.00862 17.48
      vertex -5.14511 0.50675 17.48
    endloop
  endfacet
  facet normal 0 0 0
    outer loop
      vertex -3.74189 0.36854 4.94
      vertex -5.14511 0.50675 17.48
      vertex -5.17 0 17.48
    endloop
  endfacet
  facet normal 0 0 0
    outer loop
      vertex -3.74189 0.36854 4.94
      vertex -5.17 0 17.48
      vertex -3.76 0 4.94
    endloop
  endfacet
  facet normal 0 0 0
    outer loop
      vertex 0 0 4.94
      vertex -3.76 0 4.94
      vertex -3.74189 0.36854 4.94
    endloop
  endfacet
  facet normal 0 0 0
    outer loop
      vertex 0 0 17.48
      vertex -5.14511 0.50675 17.48
      vertex -5.17 0 17.48
    endloop
  endfacet
  facet normal 0 0 0
    outer loop
      vertex -3.76 0 4.94
      vertex -5.17 0 17.48
      vertex -5.14511 -0.50675 17.48
    endloop
  endfacet
  facet normal 0 0 0
    outer loop
      vertex -3.76 0 4.94
      vertex -5.14511 -0.50675 17.48
      vertex -3.74189 -0.36854 4.94
    endloop
  endfacet
  facet normal 0 0 0
    outer loop
      vertex 0 0 4.94
      vertex -3.74189 -0.36854 4.94
      vertex -3.76 0 4.94
    endloop
  endfacet
  facet normal 0 0 0
    outer loop
      vertex 0 0 17.48
      vertex -5.17 0 17.48
      vertex -5.14511 -0.50675 17.48
    endloop
  endfacet
  facet normal 0 0 0
    outer loop
      vertex -3.74189 -0.36854 4.94
      vertex -5.14511 -0.50675 17.48
      vertex -5.07066 -1.00862 17.48
    endloop
  endfacet
  facet normal 0 0 0
    outer loop
      vertex -3.74189 -0.36854 4.94
      vertex -5.07066 -1.00862 17.48
      vertex -3.68775 -0.73354 4.94
    endloop
  endfacet
  facet normal 0 0 0
    outer loop
      vertex 0 0 4.94
      vertex -3.68775 -0.73354 4.94
      vertex -3.74189 -0.36854 4.94
    endloop
  endfacet
  facet normal 0 0 0
    outer loop
      vertex 0 0 17.48
      vertex -5.14511 -0.50675 17.48
      vertex -5.07066 -1.00862 17.48
    endloop
  endfacet
  facet normal 0 0 0
    outer loop
      vertex -3.68775 -0.73354 4.94
      vertex -5.07066 -1.00862 17.48
      vertex -4.94738 -1.50077 17.48
    endloop
  endfacet
  facet normal 0 0 0
    outer loop
      vertex -3.68775 -0.73354 4.94
      vertex -4.94738 -1.50077 17.48
      vertex -3.5981 -1.09147 4.94
    endloop
  endfacet
  facet normal 0 0 0
    outer loop
      vertex 0 0 4.94
      vertex -3.5981 -1.09147 4.94
      vertex -3.68775 -0.73354 4.94
    endloop
  endfacet
  facet normal 0 0 0
    outer loop
      vertex 0 0 17.48
      vertex -5.07066 -1.00862 17.48
      vertex -4.94738 -1.50077 17.48
    endloop
  endfacet
  facet normal 0 0 0
    outer loop
      vertex -3.5981 -1.09147 4.94
      vertex -4.94738 -1.50077 17.48
      vertex -4.77646 -1.97847 17.48
    endloop
  endfacet
  facet normal 0 0 0
    outer loop
      vertex -3.5981 -1.09147 4.94
      vertex -4.77646 -1.97847 17.48
      vertex -3.47379 -1.43889 4.94
    endloop
  endfacet
  facet normal 0 0 0
    outer loop
      vertex 0 0 4.94
      vertex -3.47379 -1.43889 4.94
      vertex -3.5981 -1.09147 4.94
    endloop
  endfacet
  facet normal 0 0 0
    outer loop
      vertex 0 0 17.48
      vertex -4.94738 -1.50077 17.48
      vertex -4.77646 -1.97847 17.48
    endloop
  endfacet
  facet normal 0 0 0
    outer loop
      vertex -3.47379 -1.43889 4.94
      vertex -4.77646 -1.97847 17.48
      vertex -4.55953 -2.43712 17.48
    endloop
  endfacet
  facet normal 0 0 0
    outer loop
      vertex -3.47379 -1.43889 4.94
      vertex -4.55953 -2.43712 17.48
      vertex -3.31602 -1.77245 4.94
    endloop
  endfacet
  facet normal 0 0 0
    outer loop
      vertex 0 0 4.94
      vertex -3.31602 -1.77245 4.94
      vertex -3.47379 -1.43889 4.94
    endloop
  endfacet
  facet normal 0 0 0
    outer loop
      vertex 0 0 17.48
      vertex -4.77646 -1.97847 17.48
      vertex -4.55953 -2.43712 17.48
    endloop
  endfacet
  facet normal 0 0 0
    outer loop
      vertex -3.31602 -1.77245 4.94
      vertex -4.55953 -2.43712 17.48
      vertex -4.2987 -2.8723 17.48
    endloop
  endfacet
  facet normal 0 0 0
    outer loop
      vertex -3.31602 -1.77245 4.94
      vertex -4.2987 -2.8723 17.48
      vertex -3.12633 -2.08894 4.94
    endloop
  endfacet
  facet normal 0 0 0
    outer loop
      vertex 0 0 4.94
      vertex -3.12633 -2.08894 4.94
      vertex -3.31602 -1.77245 4.94
    endloop
  endfacet
  facet normal 0 0 0
    outer loop
      vertex 0 0 17.48
      vertex -4.55953 -2.43712 17.48
      vertex -4.2987 -2.8723 17.48
    endloop
  endfacet
  facet normal 0 0 0
    outer loop
      vertex -3.12633 -2.08894 4.94
      vertex -4.2987 -2.8723 17.48
      vertex -3.99646 -3.27981 17.48
    endloop
  endfacet
  facet normal 0 0 0
    outer loop
      vertex -3.12633 -2.08894 4.94
      vertex -3.99646 -3.27981 17.48
      vertex -2.90652 -2.38532 4.94
    endloop
  endfacet
  facet normal 0 0 0
    outer loop
      vertex 0 0 4.94
      vertex -2.90652 -2.38532 4.94
      vertex -3.12633 -2.08894 4.94
    endloop
  endfacet
  facet normal 0 0 0
    outer loop
      vertex 0 0 17.48
      vertex -4.2987 -2.8723 17.48
      vertex -3.99646 -3.27981 17.48
    endloop
  endfacet
  facet normal 0 0 0
    outer loop
      vertex -2.90652 -2.38532 4.94
      vertex -3.99646 -3.27981 17.48
      vertex -3.65574 -3.65574 17.48
    endloop
  endfacet
  facet normal 0 0 0
    outer loop
      vertex -2.90652 -2.38532 4.94
      vertex -3.65574 -3.65574 17.48
      vertex -2.65872 -2.65872 4.94
    endloop
  endfacet
  facet normal 0 0 0
    outer loop
      vertex 0 0 4.94
      vertex -2.65872 -2.65872 4.94
      vertex -2.90652 -2.38532 4.94
    endloop
  endfacet
  facet normal 0 0 0
    outer loop
      vertex 0 0 17.48
      vertex -3.99646 -3.27981 17.48
      vertex -3.65574 -3.65574 17.48
    endloop
  endfacet
  facet normal 0 0 0
    outer loop
      vertex -2.65872 -2.65872 4.94
      vertex -3.65574 -3.65574 17.48
      vertex -3.27981 -3.99646 17.48
    endloop
  endfacet
  facet normal 0 0 0
    outer loop
      vertex -2.65872 -2.65872 4.94
      vertex -3.27981 -3.99646 17.48
      vertex -2.38532 -2.90652 4.94
    endloop
  endfacet
  facet normal 0 0 0
    outer loop
      vertex 0 0 4.94
      vertex -2.38532 -2.90652 4.94
      vertex -2.65872 -2.65872 4.94
    endloop
  endfacet
  facet normal 0 0 0
    outer loop
      vertex 0 0 17.48
      vertex -3.65574 -3.65574 17.48
      vertex -3.27981 -3.99646 17.48
    endloop
  endfacet
  facet normal 0 0 0
    outer loop
      vertex -2.38532 -2.90652 4.94
      vertex -3.27981 -3.99646 17.48
      vertex -2.8723 -4.2987 17.48
    endloop
  endfacet
  facet normal 0 0 0
    outer loop
      vertex -2.38532 -2.90652 4.94
      vertex -2.8723 -4.2987 17.48
      vertex -2.08894 -3.12633 4.94
    endloop
  endfacet
  facet normal 0 0 0
    outer loop
      vertex 0 0 4.94
      vertex -2.08894 -3.12633 4.94
      vertex -2.38532 -2.90652 4.94
    endloop
  endfacet
  facet normal 0 0 0
    outer loop
      vertex 0 0 17.48
      vertex -3.27981 -3.99646 17.48
      vertex -2.8723 -4.2987 17.48
    endloop
  endfacet
  facet normal 0 0 0
    outer loop
      vertex -2.08894 -3.12633 4.94
      vertex -2.8723 -4.2987 17.48
      vertex -2.43712 -4.55953 17.48
    endloop
  endfacet
  facet normal 0 0 0
    outer loop
      vertex -2.08894 -3.12633 4.94
      vertex -2.43712 -4.55953 17.48
      vertex -1.77245 -3.31602 4.94
    endloop
  endfacet
  facet normal 0 0 0
    outer loop
      vertex 0 0 4.94
      vertex -1.77245 -3.31602 4.94
      vertex -2.08894 -3.12633 4.94
    endloop
  endfacet
  facet normal 0 0 0
    outer loop
      vertex 0 0 17.48
      vertex -2.8723 -4.2987 17.48
      vertex -2.43712 -4.55953 17.48
    endloop
  endfacet
  facet normal 0 0 0
    outer loop
      vertex -1.77245 -3.31602 4.94
      vertex -2.43712 -4.55953 17.48
      vertex -1.97847 -4.77646 17.48
    endloop
  endfacet
  facet normal 0 0 0
    outer loop
      vertex -1.77245 -3.31602 4.94
      vertex -1.97847 -4.77646 17.48
      vertex -1.43889 -3.47379 4.94
    endloop
  endfacet
  facet normal 0 0 0
    outer loop
      vertex 0 0 4.94
      vertex -1.43889 -3.47379 4.94
      vertex -1.77245 -3.31602 4.94
    endloop
  endfacet
  facet normal 0 0 0
    outer loop
      vertex 0 0 17.48
      vertex -2.43712 -4.55953 17.48
      vertex -1.97847 -4.77646 17.48
    endloop
  endfacet
  facet normal 0 0 0
    outer loop
      vertex -1.43889 -3.47379 4.94
      vertex -1.97847 -4.77646 17.48
      vertex -1.50077 -4.94738 17.48
    endloop
  endfacet
  facet normal 0 0 0
    outer loop
      vertex -1.43889 -3.47379 4.94
      vertex -1.50077 -4.94738 17.48
      vertex -1.09147 -3.5981 4.94
    endloop
  endfacet
  facet normal 0 0 0
    outer loop
      vertex 0 0 4.94
      vertex -1.09147 -3.5981 4.94
      vertex -1.43889 -3.47379 4.94
    endloop
  endfacet
  facet normal 0 0 0
    outer loop
      vertex 0 0 17.48
      vertex -1.97847 -4.77646 17.48
      vertex -1.50077 -4.94738 17.48
    endloop
  endfacet
  facet normal 0 0 0
    outer loop
      vertex -1.09147 -3.5981 4.94
      vertex -1.50077 -4.94738 17.48
      vertex -1.00862 -5.07066 17.48
    endloop
  endfacet
  facet normal 0 0 0
    outer loop
      vertex -1.09147 -3.5981 4.94
      vertex -1.00862 -5.07066 17.48
      vertex -0.73354 -3.68775 4.94
    endloop
  endfacet
  facet normal 0 0 0
    outer loop
      vertex 0 0 4.94
      vertex -0.73354 -3.68775 4.94
      vertex -1.09147 -3.5981 4.94
    endloop
  endfacet
  facet normal 0 0 0
    outer loop
      vertex 0 0 17.48
      vertex -1.50077 -4.94738 17.48
      vertex -1.00862 -5.07066 17.48
    endloop
  endfacet
  facet normal 0 0 0
    outer loop
      vertex -0.73354 -3.68775 4.94
      vertex -1.00862 -5.07066 17.48
      vertex -0.50675 -5.14511 17.48
    endloop
  endfacet
  facet normal 0 0 0
    outer loop
      vertex -0.73354 -3.68775 4.94
      vertex -0.50675 -5.14511 17.48
      vertex -0.36854 -3.74189 4.94
    endloop
  endfacet
  facet normal 0 0 0
    outer loop
      vertex 0 0 4.94
      vertex -0.36854 -3.74189 4.94
      vertex -0.73354 -3.68775 4.94
    endloop
  endfacet
  facet normal 0 0 0
    outer loop
      vertex 0 0 17.48
      vertex -1.00862 -5.07066 17.48
      vertex -0.50675 -5.14511 17.48
    endloop
  endfacet
  facet normal 0 0 0
    outer loop
      vertex -0.36854 -3.74189 4.94
      vertex -0.50675 -5.14511 17.48
      vertex 0 -5.17 17.48
    endloop
  endfacet
  facet normal 0 0 0
    outer loop
      vertex -0.36854 -3.74189 4.94
      vertex 0 -5.17 17.48
      vertex 0 -3.76 4.94
    endloop
  endfacet
  facet normal 0 0 0
    outer loop
      vertex 0 0 4.94
      vertex 0 -3.76 4.94
      vertex -0.36854 -3.74189 4.94
    endloop
  endfacet
  facet normal 0 0 0
    outer loop
      vertex 0 0 17.48
      vertex -0.50675 -5.14511 17.48
      vertex 0 -5.17 17.48
    endloop
  endfacet
  facet normal 0 0 0
    outer loop
      vertex 0 -3.76 4.94
      vertex 0 -5.17 17.48
      vertex 0.50675 -5.14511 17.48
    endloop
  endfacet
  facet normal 0 0 0
    outer loop
      vertex 0 -3.76 4.94
      vertex 0.50675 -5.14511 17.48
      vertex 0.36854 -3.74189 4.94
    endloop
  endfacet
  facet normal 0 0 0
    outer loop
      vertex 0 0 4.94
      vertex 0.36854 -3.74189 4.94
      vertex 0 -3.76 4.94
    endloop
  endfacet
  facet normal 0 0 0
    outer loop
      vertex 0 0 17.48
      vertex 0 -5.17 17.48
      vertex 0.50675 -5.14511 17.48
    endloop
  endfacet
  facet normal 0 0 0
    outer loop
      vertex 0.36854 -3.74189 4.94
      vertex 0.50675 -5.14511 17.48
      vertex 1.00862 -5.07066 17.48
    endloop
  endfacet
  facet normal 0 0 0
    outer loop
      vertex 0.36854 -3.74189 4.94
      vertex 1.00862 -5.07066 17.48
      vertex 0.73354 -3.68775 4.94
    endloop
  endfacet
  facet normal 0 0 0
    outer loop
      vertex 0 0 4.94
      vertex 0.73354 -3.68775 4.94
      vertex 0.36854 -3.74189 4.94
    endloop
  endfacet
  facet normal 0 0 0
    outer loop
      vertex 0 0 17.48
      vertex 0.50675 -5.14511 17.48
      vertex 1.00862 -5.07066 17.48
    endloop
  endfacet
  facet normal 0 0 0
    outer loop
      vertex 0.73354 -3.68775 4.94
      vertex 1.00862 -5.07066 17.48
      vertex 1.50077 -4.94738 17.48
    endloop
  endfacet
  facet normal 0 0 0
    outer loop
      vertex 0.73354 -3.68775 4.94
      vertex 1.50077 -4.94738 17.48
      vertex 1.09147 -3.5981 4.94
    endloop
  endfacet
  facet normal 0 0 0
    outer loop
      vertex 0 0 4.94
      vertex 1.09147 -3.5981 4.94
      vertex 0.73354 -3.68775 4.94
    endloop
  endfacet
  facet normal 0 0 0
    outer loop
      vertex 0 0 17.48
      vertex 1.00862 -5.07066 17.48
      vertex 1.50077 -4.94738 17.48
    endloop
  endfacet
  facet normal 0 0 0
    outer loop
      vertex 1.09147 -3.5981 4.94
      vertex 1.50077 -4.94738 17.48
      vertex 1.97847 -4.77646 17.48
    endloop
  endfacet
  facet normal 0 0 0
    outer loop
      vertex 1.09147 -3.5981 4.94
      vertex 1.97847 -4.77646 17.48
      vertex 1.43889 -3.47379 4.94
    endloop
  endfacet
  facet normal 0 0 0
    outer loop
      vertex 0 0 4.94
      vertex 1.43889 -3.47379 4.94
      vertex 1.09147 -3.5981 4.94
    endloop
  endfacet
  facet normal 0 0 0
    outer loop
      vertex 0 0 17.48
      vertex 1.50077 -4.94738 17.48
      vertex 1.97847 -4.77646 17.48
    endloop
  endfacet
  facet normal 0 0 0
    outer loop
      vertex 1.43889 -3.47379 4.94
      vertex 1.97847 -4.77646 17.48
      vertex 2.43712 -4.55953 17.48
    endloop
  endfacet
  facet normal 0 0 0
    outer loop
      vertex 1.43889 -3.47379 4.94
      vertex 2.43712 -4.55953 17.48
      vertex 1.77245 -3.31602 4.94
    endloop
  endfacet
  facet normal 0 0 0
    outer loop
      vertex 0 0 4.94
      vertex 1.77245 -3.31602 4.94
      vertex 1.43889 -3.47379 4.94
    endloop
  endfacet
  facet normal 0 0 0
    outer loop
      vertex 0 0 17.48
      vertex 1.97847 -4.77646 17.48
      vertex 2.43712 -4.55953 17.48
    endloop
  endfacet
  facet normal 0 0 0
    outer loop
      vertex 1.77245 -3.31602 4.94
      vertex 2.43712 -4.55953 17.48
      vertex 2.8723 -4.2987 17.48
    endloop
  endfacet
  facet normal 0 0 0
    outer loop
      vertex 1.77245 -3.31602 4.94
      vertex 2.8723 -4.2987 17.48
      vertex 2.08894 -3.12633 4.94
    endloop
  endfacet
  facet normal 0 0 0
    outer loop
      vertex 0 0 4.94
      vertex 2.08894 -3.12633 4.94
      vertex 1.77245 -3.31602 4.94
    endloop
  endfacet
  facet normal 0 0 0
    outer loop
      vertex 0 0 17.48
      vertex 2.43712 -4.55953 17.48
      vertex 2.8723 -4.2987 17.48
    endloop
  endfacet
  facet normal 0 0 0
    outer loop
      vertex 2.08894 -3.12633 4.94
      vertex 2.8723 -4.2987 17.48
      vertex 3.27981 -3.99646 17.48
    endloop
  endfacet
  facet normal 0 0 0
    outer loop
      vertex 2.08894 -3.12633 4.94
      vertex 3.27981 -3.99646 17.48
      vertex 2.38532 -2.90652 4.94
    endloop
  endfacet
  facet normal 0 0 0
    outer loop
      vertex 0 0 4.94
      vertex 2.38532 -2.90652 4.94
      vertex 2.08894 -3.12633 4.94
    endloop
  endfacet
  facet normal 0 0 0
    outer loop
      vertex 0 0 17.48
      vertex 2.8723 -4.2987 17.48
      vertex 3.27981 -3.99646 17.48
    endloop
  endfacet
  facet normal 0 0 0
    outer loop
      vertex 2.38532 -2.90652 4.94
      vertex 3.27981 -3.99646 17.48
      vertex 3.65574 -3.65574 17.48
    endloop
  endfacet
  facet normal 0 0 0
    outer loop
      vertex 2.38532 -2.90652 4.94
      vertex 3.65574 -3.65574 17.48
      vertex 2.65872 -2.65872 4.94
    endloop
  endfacet
  facet normal 0 0 0
    outer loop
      vertex 0 0 4.94
      vertex 2.65872 -2.65872 4.94
      vertex 2.38532 -2.90652 4.94
    endloop
  endfacet
  facet normal 0 0 0
    outer loop
      vertex 0 0 17.48
      vertex 3.27981 -3.99646 17.48
      vertex 3.65574 -3.65574 17.48
    endloop
  endfacet
  facet normal 0 0 0
    outer loop
      vertex 2.65872 -2.65872 4.94
      vertex 3.65574 -3.65574 17.48
      vertex 3.99646 -3.27981 17.48
    endloop
  endfacet
  facet normal 0 0 0
    outer loop
      vertex 2.65872 -2.65872 4.94
      vertex 3.99646 -3.27981 17.48
      vertex 2.90652 -2.38532 4.94
    endloop
  endfacet
  facet normal 0 0 0
    outer loop
      vertex 0 0 4.94
      vertex 2.90652 -2.38532 4.94
      vertex 2.65872 -2.65872 4.94
    endloop
  endfacet
  facet normal 0 0 0
    outer loop
      vertex 0 0 17.48
      vertex 3.65574 -3.65574 17.48
      vertex 3.99646 -3.27981 17.48
    endloop
  endfacet
  facet normal 0 0 0
    outer loop
      vertex 2.90652 -2.38532 4.94
      vertex 3.99646 -3.27981 17.48
      vertex 4.2987 -2.8723 17.48
    endloop
  endfacet
  facet normal 0 0 0
    outer loop
      vertex 2.90652 -2.38532 4.94
      vertex 4.2987 -2.8723 17.48
      vertex 3.12633 -2.08894 4.94
    endloop
  endfacet
  facet normal 0 0 0
    outer loop
      vertex 0 0 4.94
      vertex 3.12633 -2.08894 4.94
      vertex 2.90652 -2.38532 4.94
    endloop
  endfacet
  facet normal 0 0 0
    outer loop
      vertex 0 0 17.48
      vertex 3.99646 -3.27981 17.48
      vertex 4.2987 -2.8723 17.48
    endloop
  endfacet
  facet normal 0 0 0
    outer loop
      vertex 3.12633 -2.08894 4.94
      vertex 4.2987 -2.8723 17.48
      vertex 4.55953 -2.43712 17.48
    endloop
  endfacet
  facet normal 0 0 0
    outer loop
      vertex 3.12633 -2.08894 4.94
      vertex 4.55953 -2.43712 17.48
      vertex 3.31602 -1.77245 4.94
    endloop
  endfacet
  facet normal 0 0 0
    outer loop
      vertex 0 0 4.94
      vertex 3.31602 -1.77245 4.94
      vertex 3.12633 -2.08894 4.94
    endloop
  endfacet
  facet normal 0 0 0
    outer loop
      vertex 0 0 17.48
      vertex 4.2987 -2.8723 17.48
      vertex 4.55953 -2.43712 17.48
    endloop
  endfacet
  facet normal 0 0 0
    outer loop
      vertex 3.31602 -1.77245 4.94
      vertex 4.55953 -2.43712 17.48
      vertex 4.77646 -1.97847 17.48
    endloop
  endfacet
  facet normal 0 0 0
    outer loop
      vertex 3.31602 -1.77245 4.94
      vertex 4.77646 -1.97847 17.48
      vertex 3.47379 -1.43889 4.94
    endloop
  endfacet
  facet normal 0 0 0
    outer loop
      vertex 0 0 4.94
      vertex 3.47379 -1.43889 4.94
      vertex 3.31602 -1.77245 4.94
    endloop
  endfacet
  facet normal 0 0 0
    outer loop
      vertex 0 0 17.48
      vertex 4.55953 -2.43712 17.48
      vertex 4.77646 -1.97847 17.48
    endloop
  endfacet
  facet normal 0 0 0
    outer loop
      vertex 3.47379 -1.43889 4.94
      vertex 4.77646 -1.97847 17.48
      vertex 4.94738 -1.50077 17.48
    endloop
  endfacet
  facet normal 0 0 0
    outer loop
      vertex 3.47379 -1.43889 4.94
      vertex 4.94738 -1.50077 17.48
      vertex 3.5981 -1.09147 4.94
    endloop
  endfacet
  facet normal 0 0 0
    outer loop
      vertex 0 0 4.94
      vertex 3.5981 -1.09147 4.94
      vertex 3.47379 -1.43889 4.94
    endloop
  endfacet
  facet normal 0 0 0
    outer loop
      vertex 0 0 17.48
      vertex 4.77646 -1.97847 17.48
      vertex 4.94738 -1.50077 17.48
    endloop
  endfacet
  facet normal 0 0 0
    outer loop
      vertex 3.5981 -1.09147 4.94
      vertex 4.94738 -1.50077 17.48
      vertex 5.07066 -1.00862 17.48
    endloop
  endfacet
  facet normal 0 0 0
    outer loop
      vertex 3.5981 -1.09147 4.94
      vertex 5.07066 -1.00862 17.48
      vertex 3.68775 -0.73354 4.94
    endloop
  endfacet
  facet normal 0 0 0
    outer loop
      vertex 0 0 4.94
      vertex 3.68775 -0.73354 4.94
      vertex 3.5981 -1.09147 4.94
    endloop
  endfacet
  facet normal 0 0 0
    outer loop
      vertex 0 0 17.48
      vertex 4.94738 -1.50077 17.48
      vertex 5.07066 -1.00862 17.48
    endloop
  endfacet
  facet normal 0 0 0
    outer loop
      vertex 3.68775 -0.73354 4.94
      vertex 5.07066 -1.00862 17.48
      vertex 5.14511 -0.50675 17.48
    endloop
  endfacet
  facet normal 0 0 0
    outer loop
      vertex 3.68775 -0.73354 4.94
      vertex 5.14511 -0.50675 17.48
      vertex 3.74189 -0.36854 4.94
    endloop
  endfacet
  facet normal 0 0 0
    outer loop
      vertex 0 0 4.94
      vertex 3.74189 -0.36854 4.94
      vertex 3.68775 -0.73354 4.94
    endloop
  endfacet
  facet normal 0 0 0
    outer loop
      vertex 0 0 17.48
      vertex 5.07066 -1.00862 17.48
      vertex 5.14511 -0.50675 17.48
    endloop
  endfacet
  facet normal 0 0 0
    outer loop
      vertex 3.74189 -0.36854 4.94
      vertex 5.14511 -0.50675 17.48
      vertex 5.17 0 17.48
    endloop
  endfacet
  facet normal 0 0 0
    outer loop
      vertex 3.74189 -0.36854 4.94
      vertex 5.17 0 17.48
      vertex 3.76 0 4.94
    endloop
  endfacet
  facet normal 0 0 0
    outer loop
      vertex 0 0 4.94
      vertex 3.76 0 4.94
      vertex 3.74189 -0.36854 4.94
    endloop
  endfacet
  facet normal 0 0 0
    outer loop
      vertex 0 0 17.48
      vertex 5.14511 -0.50675 17.48
      vertex 5.17 0 17.48
    endloop
  endfacet
  facet normal 0 0 0
    outer loop
      vertex 14.06776 0 14.82
      vertex 13.50505 0 22.04
      vertex 13.50211 1.32984 22.04
    endloop
  endfacet
  facet normal 0 0 0
    outer loop
      vertex 14.06776 0 14.82
      vertex 13.50211 1.32984 22.04
      vertex 14.0647 1.38525 14.82
    endloop
  endfacet
  facet normal 0 0 0
    outer loop
      vertex 3.995 0 14.82
      vertex 3.6577 0.36025 22.04
      vertex 3.6754 0 22.04
    endloop
  endfacet
  facet normal 0 0 0
    outer loop
      vertex 3.995 0 14.82
      vertex 3.97576 0.39158 14.82
      vertex 3.6577 0.36025 22.04
    endloop
  endfacet
  facet normal 0 0 0
    outer loop
      vertex 3.6754 0 22.04
      vertex 13.50505 0 22.04
      vertex 13.50211 1.32984 22.04
    endloop
  endfacet
  facet normal 0 0 0
    outer loop
      vertex 3.6754 0 22.04
      vertex 13.50211 1.32984 22.04
      vertex 3.6577 0.36025 22.04
    endloop
  endfacet
  facet normal 0 0 0
    outer loop
      vertex 3.995 0 14.82
      vertex 14.0647 1.38525 14.82
      vertex 14.06776 0 14.82
    endloop
  endfacet
  facet normal 0 0 0
    outer loop
      vertex 3.995 0 14.82
      vertex 3.97576 0.39158 14.82
      vertex 14.0647 1.38525 14.82
    endloop
  endfacet
  facet normal 0 0 0
    outer loop
      vertex 14.0647 1.38525 14.82
      vertex 13.50211 1.32984 22.04
      vertex 12.94175 2.57427 22.04
    endloop
  endfacet
  facet normal 0 0 0
    outer loop
      vertex 14.0647 1.38525 14.82
      vertex 12.94175 2.57427 22.04
      vertex 13.48099 2.68154 14.82
    endloop
  endfacet
  facet normal 0 0 0
    outer loop
      vertex 3.97576 0.39158 14.82
      vertex 3.60478 0.71703 22.04
      vertex 3.6577 0.36025 22.04
    endloop
  endfacet
  facet normal 0 0 0
    outer loop
      vertex 3.97576 0.39158 14.82
      vertex 3.91824 0.77939 14.82
      vertex 3.60478 0.71703 22.04
    endloop
  endfacet
  facet normal 0 0 0
    outer loop
      vertex 3.6577 0.36025 22.04
      vertex 13.50211 1.32984 22.04
      vertex 12.94175 2.57427 22.04
    endloop
  endfacet
  facet normal 0 0 0
    outer loop
      vertex 3.6577 0.36025 22.04
      vertex 12.94175 2.57427 22.04
      vertex 3.60478 0.71703 22.04
    endloop
  endfacet
  facet normal 0 0 0
    outer loop
      vertex 3.97576 0.39158 14.82
      vertex 13.48099 2.68154 14.82
      vertex 14.0647 1.38525 14.82
    endloop
  endfacet
  facet normal 0 0 0
    outer loop
      vertex 3.97576 0.39158 14.82
      vertex 3.91824 0.77939 14.82
      vertex 13.48099 2.68154 14.82
    endloop
  endfacet
  facet normal 0 0 0
    outer loop
      vertex 13.48099 2.68154 14.82
      vertex 12.94175 2.57427 22.04
      vertex 12.57156 3.81354 22.04
    endloop
  endfacet
  facet normal 0 0 0
    outer loop
      vertex 13.48099 2.68154 14.82
      vertex 12.57156 3.81354 22.04
      vertex 13.09538 3.97244 14.82
    endloop
  endfacet
  facet normal 0 0 0
    outer loop
      vertex 3.91824 0.77939 14.82
      vertex 3.51714 1.06691 22.04
      vertex 3.60478 0.71703 22.04
    endloop
  endfacet
  facet normal 0 0 0
    outer loop
      vertex 3.91824 0.77939 14.82
      vertex 3.82298 1.15969 14.82
      vertex 3.51714 1.06691 22.04
    endloop
  endfacet
  facet normal 0 0 0
    outer loop
      vertex 3.60478 0.71703 22.04
      vertex 12.94175 2.57427 22.04
      vertex 12.57156 3.81354 22.04
    endloop
  endfacet
  facet normal 0 0 0
    outer loop
      vertex 3.60478 0.71703 22.04
      vertex 12.57156 3.81354 22.04
      vertex 3.51714 1.06691 22.04
    endloop
  endfacet
  facet normal 0 0 0
    outer loop
      vertex 3.91824 0.77939 14.82
      vertex 13.09538 3.97244 14.82
      vertex 13.48099 2.68154 14.82
    endloop
  endfacet
  facet normal 0 0 0
    outer loop
      vertex 3.91824 0.77939 14.82
      vertex 3.82298 1.15969 14.82
      vertex 13.09538 3.97244 14.82
    endloop
  endfacet
  facet normal 0 0 0
    outer loop
      vertex 13.09538 3.97244 14.82
      vertex 12.57156 3.81354 22.04
      vertex 12.09095 5.00823 22.04
    endloop
  endfacet
  facet normal 0 0 0
    outer loop
      vertex 13.09538 3.97244 14.82
      vertex 12.09095 5.00823 22.04
      vertex 12.59474 5.21691 14.82
    endloop
  endfacet
  facet normal 0 0 0
    outer loop
      vertex 3.82298 1.15969 14.82
      vertex 3.39563 1.40651 22.04
      vertex 3.51714 1.06691 22.04
    endloop
  endfacet
  facet normal 0 0 0
    outer loop
      vertex 3.82298 1.15969 14.82
      vertex 3.6909 1.52882 14.82
      vertex 3.39563 1.40651 22.04
    endloop
  endfacet
  facet normal 0 0 0
    outer loop
      vertex 3.51714 1.06691 22.04
      vertex 12.57156 3.81354 22.04
      vertex 12.09095 5.00823 22.04
    endloop
  endfacet
  facet normal 0 0 0
    outer loop
      vertex 3.51714 1.06691 22.04
      vertex 12.09095 5.00823 22.04
      vertex 3.39563 1.40651 22.04
    endloop
  endfacet
  facet normal 0 0 0
    outer loop
      vertex 3.82298 1.15969 14.82
      vertex 12.59474 5.21691 14.82
      vertex 13.09538 3.97244 14.82
    endloop
  endfacet
  facet normal 0 0 0
    outer loop
      vertex 3.82298 1.15969 14.82
      vertex 3.6909 1.52882 14.82
      vertex 12.59474 5.21691 14.82
    endloop
  endfacet
  facet normal 0 0 0
    outer loop
      vertex 12.59474 5.21691 14.82
      vertex 12.09095 5.00823 22.04
      vertex 11.55921 6.17852 22.04
    endloop
  endfacet
  facet normal 0 0 0
    outer loop
      vertex 12.59474 5.21691 14.82
      vertex 11.55921 6.17852 22.04
      vertex 12.04084 6.43596 14.82
    endloop
  endfacet
  facet normal 0 0 0
    outer loop
      vertex 3.6909 1.52882 14.82
      vertex 3.24141 1.73257 22.04
      vertex 3.39563 1.40651 22.04
    endloop
  endfacet
  facet normal 0 0 0
    outer loop
      vertex 3.6909 1.52882 14.82
      vertex 3.52328 1.88323 14.82
      vertex 3.24141 1.73257 22.04
    endloop
  endfacet
  facet normal 0 0 0
    outer loop
      vertex 3.39563 1.40651 22.04
      vertex 12.09095 5.00823 22.04
      vertex 11.55921 6.17852 22.04
    endloop
  endfacet
  facet normal 0 0 0
    outer loop
      vertex 3.39563 1.40651 22.04
      vertex 11.55921 6.17852 22.04
      vertex 3.24141 1.73257 22.04
    endloop
  endfacet
  facet normal 0 0 0
    outer loop
      vertex 3.6909 1.52882 14.82
      vertex 12.04084 6.43596 14.82
      vertex 12.59474 5.21691 14.82
    endloop
  endfacet
  facet normal 0 0 0
    outer loop
      vertex 3.6909 1.52882 14.82
      vertex 3.52328 1.88323 14.82
      vertex 12.04084 6.43596 14.82
    endloop
  endfacet
  facet normal 0 0 0
    outer loop
      vertex 12.04084 6.43596 14.82
      vertex 11.55921 6.17852 22.04
      vertex 10.95214 7.31799 22.04
    endloop
  endfacet
  facet normal 0 0 0
    outer loop
      vertex 12.04084 6.43596 14.82
      vertex 10.95214 7.31799 22.04
      vertex 11.40848 7.6229 14.82
    endloop
  endfacet
  facet normal 0 0 0
    outer loop
      vertex 3.52328 1.88323 14.82
      vertex 3.05598 2.04194 22.04
      vertex 3.24141 1.73257 22.04
    endloop
  endfacet
  facet normal 0 0 0
    outer loop
      vertex 3.52328 1.88323 14.82
      vertex 3.32172 2.2195 14.82
      vertex 3.05598 2.04194 22.04
    endloop
  endfacet
  facet normal 0 0 0
    outer loop
      vertex 3.24141 1.73257 22.04
      vertex 11.55921 6.17852 22.04
      vertex 10.95214 7.31799 22.04
    endloop
  endfacet
  facet normal 0 0 0
    outer loop
      vertex 3.24141 1.73257 22.04
      vertex 10.95214 7.31799 22.04
      vertex 3.05598 2.04194 22.04
    endloop
  endfacet
  facet normal 0 0 0
    outer loop
      vertex 3.52328 1.88323 14.82
      vertex 11.40848 7.6229 14.82
      vertex 12.04084 6.43596 14.82
    endloop
  endfacet
  facet normal 0 0 0
    outer loop
      vertex 3.52328 1.88323 14.82
      vertex 3.32172 2.2195 14.82
      vertex 11.40848 7.6229 14.82
    endloop
  endfacet
  facet normal 0 0 0
    outer loop
      vertex 11.40848 7.6229 14.82
      vertex 10.95214 7.31799 22.04
      vertex 10.20545 8.37539 22.04
    endloop
  endfacet
  facet normal 0 0 0
    outer loop
      vertex 11.40848 7.6229 14.82
      vertex 10.20545 8.37539 22.04
      vertex 10.63067 8.72437 14.82
    endloop
  endfacet
  facet normal 0 0 0
    outer loop
      vertex 3.32172 2.2195 14.82
      vertex 2.84112 2.33165 22.04
      vertex 3.05598 2.04194 22.04
    endloop
  endfacet
  facet normal 0 0 0
    outer loop
      vertex 3.32172 2.2195 14.82
      vertex 3.08818 2.5344 14.82
      vertex 2.84112 2.33165 22.04
    endloop
  endfacet
  facet normal 0 0 0
    outer loop
      vertex 3.05598 2.04194 22.04
      vertex 10.95214 7.31799 22.04
      vertex 10.20545 8.37539 22.04
    endloop
  endfacet
  facet normal 0 0 0
    outer loop
      vertex 3.05598 2.04194 22.04
      vertex 10.20545 8.37539 22.04
      vertex 2.84112 2.33165 22.04
    endloop
  endfacet
  facet normal 0 0 0
    outer loop
      vertex 3.32172 2.2195 14.82
      vertex 10.63067 8.72437 14.82
      vertex 11.40848 7.6229 14.82
    endloop
  endfacet
  facet normal 0 0 0
    outer loop
      vertex 3.32172 2.2195 14.82
      vertex 3.08818 2.5344 14.82
      vertex 10.63067 8.72437 14.82
    endloop
  endfacet
  facet normal 0 0 0
    outer loop
      vertex 10.63067 8.72437 14.82
      vertex 10.20545 8.37539 22.04
      vertex 9.30562 9.30562 22.04
    endloop
  endfacet
  facet normal 0 0 0
    outer loop
      vertex 10.63067 8.72437 14.82
      vertex 9.30562 9.30562 22.04
      vertex 9.69335 9.69335 14.82
    endloop
  endfacet
  facet normal 0 0 0
    outer loop
      vertex 3.08818 2.5344 14.82
      vertex 2.5989 2.5989 22.04
      vertex 2.84112 2.33165 22.04
    endloop
  endfacet
  facet normal 0 0 0
    outer loop
      vertex 3.08818 2.5344 14.82
      vertex 2.82489 2.82489 14.82
      vertex 2.5989 2.5989 22.04
    endloop
  endfacet
  facet normal 0 0 0
    outer loop
      vertex 2.84112 2.33165 22.04
      vertex 10.20545 8.37539 22.04
      vertex 9.30562 9.30562 22.04
    endloop
  endfacet
  facet normal 0 0 0
    outer loop
      vertex 2.84112 2.33165 22.04
      vertex 9.30562 9.30562 22.04
      vertex 2.5989 2.5989 22.04
    endloop
  endfacet
  facet normal 0 0 0
    outer loop
      vertex 3.08818 2.5344 14.82
      vertex 9.69335 9.69335 14.82
      vertex 10.63067 8.72437 14.82
    endloop
  endfacet
  facet normal 0 0 0
    outer loop
      vertex 3.08818 2.5344 14.82
      vertex 2.82489 2.82489 14.82
      vertex 9.69335 9.69335 14.82
    endloop
  endfacet
  facet normal 0 0 0
    outer loop
      vertex 9.69335 9.69335 14.82
      vertex 9.30562 9.30562 22.04
      vertex 8.54881 10.41676 22.04
    endloop
  endfacet
  facet normal 0 0 0
    outer loop
      vertex 9.69335 9.69335 14.82
      vertex 8.54881 10.41676 22.04
      vertex 8.90501 10.85079 14.82
    endloop
  endfacet
  facet normal 0 0 0
    outer loop
      vertex 2.82489 2.82489 14.82
      vertex 2.33165 2.84112 22.04
      vertex 2.5989 2.5989 22.04
    endloop
  endfacet
  facet normal 0 0 0
    outer loop
      vertex 2.82489 2.82489 14.82
      vertex 2.5344 3.08818 14.82
      vertex 2.33165 2.84112 22.04
    endloop
  endfacet
  facet normal 0 0 0
    outer loop
      vertex 2.5989 2.5989 22.04
      vertex 9.30562 9.30562 22.04
      vertex 8.54881 10.41676 22.04
    endloop
  endfacet
  facet normal 0 0 0
    outer loop
      vertex 2.5989 2.5989 22.04
      vertex 8.54881 10.41676 22.04
      vertex 2.33165 2.84112 22.04
    endloop
  endfacet
  facet normal 0 0 0
    outer loop
      vertex 2.82489 2.82489 14.82
      vertex 8.90501 10.85079 14.82
      vertex 9.69335 9.69335 14.82
    endloop
  endfacet
  facet normal 0 0 0
    outer loop
      vertex 2.82489 2.82489 14.82
      vertex 2.5344 3.08818 14.82
      vertex 8.90501 10.85079 14.82
    endloop
  endfacet
  facet normal 0 0 0
    outer loop
      vertex 8.90501 10.85079 14.82
      vertex 8.54881 10.41676 22.04
      vertex 7.48347 11.19981 22.04
    endloop
  endfacet
  facet normal 0 0 0
    outer loop
      vertex 8.90501 10.85079 14.82
      vertex 7.48347 11.19981 22.04
      vertex 7.79528 11.66647 14.82
    endloop
  endfacet
  facet normal 0 0 0
    outer loop
      vertex 2.5344 3.08818 14.82
      vertex 2.04194 3.05598 22.04
      vertex 2.33165 2.84112 22.04
    endloop
  endfacet
  facet normal 0 0 0
    outer loop
      vertex 2.5344 3.08818 14.82
      vertex 2.2195 3.32172 14.82
      vertex 2.04194 3.05598 22.04
    endloop
  endfacet
  facet normal 0 0 0
    outer loop
      vertex 2.33165 2.84112 22.04
      vertex 8.54881 10.41676 22.04
      vertex 7.48347 11.19981 22.04
    endloop
  endfacet
  facet normal 0 0 0
    outer loop
      vertex 2.33165 2.84112 22.04
      vertex 7.48347 11.19981 22.04
      vertex 2.04194 3.05598 22.04
    endloop
  endfacet
  facet normal 0 0 0
    outer loop
      vertex 2.5344 3.08818 14.82
      vertex 7.79528 11.66647 14.82
      vertex 8.90501 10.85079 14.82
    endloop
  endfacet
  facet normal 0 0 0
    outer loop
      vertex 2.5344 3.08818 14.82
      vertex 2.2195 3.32172 14.82
      vertex 7.79528 11.66647 14.82
    endloop
  endfacet
  facet normal 0 0 0
    outer loop
      vertex 7.79528 11.66647 14.82
      vertex 7.48347 11.19981 22.04
      vertex 6.37703 11.93058 22.04
    endloop
  endfacet
  facet normal 0 0 0
    outer loop
      vertex 7.79528 11.66647 14.82
      vertex 6.37703 11.93058 22.04
      vertex 6.64274 12.42769 14.82
    endloop
  endfacet
  facet normal 0 0 0
    outer loop
      vertex 2.2195 3.32172 14.82
      vertex 1.73257 3.24141 22.04
      vertex 2.04194 3.05598 22.04
    endloop
  endfacet
  facet normal 0 0 0
    outer loop
      vertex 2.2195 3.32172 14.82
      vertex 1.88323 3.52328 14.82
      vertex 1.73257 3.24141 22.04
    endloop
  endfacet
  facet normal 0 0 0
    outer loop
      vertex 2.04194 3.05598 22.04
      vertex 7.48347 11.19981 22.04
      vertex 6.37703 11.93058 22.04
    endloop
  endfacet
  facet normal 0 0 0
    outer loop
      vertex 2.04194 3.05598 22.04
      vertex 6.37703 11.93058 22.04
      vertex 1.73257 3.24141 22.04
    endloop
  endfacet
  facet normal 0 0 0
    outer loop
      vertex 2.2195 3.32172 14.82
      vertex 6.64274 12.42769 14.82
      vertex 7.79528 11.66647 14.82
    endloop
  endfacet
  facet normal 0 0 0
    outer loop
      vertex 2.2195 3.32172 14.82
      vertex 1.88323 3.52328 14.82
      vertex 6.64274 12.42769 14.82
    endloop
  endfacet
  facet normal 0 0 0
    outer loop
      vertex 6.64274 12.42769 14.82
      vertex 6.37703 11.93058 22.04
      vertex 5.19609 12.54447 22.04
    endloop
  endfacet
  facet normal 0 0 0
    outer loop
      vertex 6.64274 12.42769 14.82
      vertex 5.19609 12.54447 22.04
      vertex 5.4126 13.06716 14.82
    endloop
  endfacet
  facet normal 0 0 0
    outer loop
      vertex 1.88323 3.52328 14.82
      vertex 1.40651 3.39563 22.04
      vertex 1.73257 3.24141 22.04
    endloop
  endfacet
  facet normal 0 0 0
    outer loop
      vertex 1.88323 3.52328 14.82
      vertex 1.52882 3.6909 14.82
      vertex 1.40651 3.39563 22.04
    endloop
  endfacet
  facet normal 0 0 0
    outer loop
      vertex 1.73257 3.24141 22.04
      vertex 6.37703 11.93058 22.04
      vertex 5.19609 12.54447 22.04
    endloop
  endfacet
  facet normal 0 0 0
    outer loop
      vertex 1.73257 3.24141 22.04
      vertex 5.19609 12.54447 22.04
      vertex 1.40651 3.39563 22.04
    endloop
  endfacet
  facet normal 0 0 0
    outer loop
      vertex 1.88323 3.52328 14.82
      vertex 5.4126 13.06716 14.82
      vertex 6.64274 12.42769 14.82
    endloop
  endfacet
  facet normal 0 0 0
    outer loop
      vertex 1.88323 3.52328 14.82
      vertex 1.52882 3.6909 14.82
      vertex 5.4126 13.06716 14.82
    endloop
  endfacet
  facet normal 0 0 0
    outer loop
      vertex 5.4126 13.06716 14.82
      vertex 5.19609 12.54447 22.04
      vertex 3.8261 12.61297 22.04
    endloop
  endfacet
  facet normal 0 0 0
    outer loop
      vertex 5.4126 13.06716 14.82
      vertex 3.8261 12.61297 22.04
      vertex 3.98552 13.13851 14.82
    endloop
  endfacet
  facet normal 0 0 0
    outer loop
      vertex 1.52882 3.6909 14.82
      vertex 1.06691 3.51714 22.04
      vertex 1.40651 3.39563 22.04
    endloop
  endfacet
  facet normal 0 0 0
    outer loop
      vertex 1.52882 3.6909 14.82
      vertex 1.15969 3.82298 14.82
      vertex 1.06691 3.51714 22.04
    endloop
  endfacet
  facet normal 0 0 0
    outer loop
      vertex 1.40651 3.39563 22.04
      vertex 5.19609 12.54447 22.04
      vertex 3.8261 12.61297 22.04
    endloop
  endfacet
  facet normal 0 0 0
    outer loop
      vertex 1.40651 3.39563 22.04
      vertex 3.8261 12.61297 22.04
      vertex 1.06691 3.51714 22.04
    endloop
  endfacet
  facet normal 0 0 0
    outer loop
      vertex 1.52882 3.6909 14.82
      vertex 3.98552 13.13851 14.82
      vertex 5.4126 13.06716 14.82
    endloop
  endfacet
  facet normal 0 0 0
    outer loop
      vertex 1.52882 3.6909 14.82
      vertex 1.15969 3.82298 14.82
      vertex 3.98552 13.13851 14.82
    endloop
  endfacet
  facet normal 0 0 0
    outer loop
      vertex 3.98552 13.13851 14.82
      vertex 3.8261 12.61297 22.04
      vertex 2.55868 12.86333 22.04
    endloop
  endfacet
  facet normal 0 0 0
    outer loop
      vertex 3.98552 13.13851 14.82
      vertex 2.55868 12.86333 22.04
      vertex 2.66529 13.3993 14.82
    endloop
  endfacet
  facet normal 0 0 0
    outer loop
      vertex 1.15969 3.82298 14.82
      vertex 0.71703 3.60478 22.04
      vertex 1.06691 3.51714 22.04
    endloop
  endfacet
  facet normal 0 0 0
    outer loop
      vertex 1.15969 3.82298 14.82
      vertex 0.77939 3.91824 14.82
      vertex 0.71703 3.60478 22.04
    endloop
  endfacet
  facet normal 0 0 0
    outer loop
      vertex 1.06691 3.51714 22.04
      vertex 3.8261 12.61297 22.04
      vertex 2.55868 12.86333 22.04
    endloop
  endfacet
  facet normal 0 0 0
    outer loop
      vertex 1.06691 3.51714 22.04
      vertex 2.55868 12.86333 22.04
      vertex 0.71703 3.60478 22.04
    endloop
  endfacet
  facet normal 0 0 0
    outer loop
      vertex 1.15969 3.82298 14.82
      vertex 2.66529 13.3993 14.82
      vertex 3.98552 13.13851 14.82
    endloop
  endfacet
  facet normal 0 0 0
    outer loop
      vertex 1.15969 3.82298 14.82
      vertex 0.77939 3.91824 14.82
      vertex 2.66529 13.3993 14.82
    endloop
  endfacet
  facet normal 0 0 0
    outer loop
      vertex 2.66529 13.3993 14.82
      vertex 2.55868 12.86333 22.04
      vertex 1.28257 13.02214 22.04
    endloop
  endfacet
  facet normal 0 0 0
    outer loop
      vertex 2.66529 13.3993 14.82
      vertex 1.28257 13.02214 22.04
      vertex 1.33601 13.56473 14.82
    endloop
  endfacet
  facet normal 0 0 0
    outer loop
      vertex 0.77939 3.91824 14.82
      vertex 0.36025 3.6577 22.04
      vertex 0.71703 3.60478 22.04
    endloop
  endfacet
  facet normal 0 0 0
    outer loop
      vertex 0.77939 3.91824 14.82
      vertex 0.39158 3.97576 14.82
      vertex 0.36025 3.6577 22.04
    endloop
  endfacet
  facet normal 0 0 0
    outer loop
      vertex 0.71703 3.60478 22.04
      vertex 2.55868 12.86333 22.04
      vertex 1.28257 13.02214 22.04
    endloop
  endfacet
  facet normal 0 0 0
    outer loop
      vertex 0.71703 3.60478 22.04
      vertex 1.28257 13.02214 22.04
      vertex 0.36025 3.6577 22.04
    endloop
  endfacet
  facet normal 0 0 0
    outer loop
      vertex 0.77939 3.91824 14.82
      vertex 1.33601 13.56473 14.82
      vertex 2.66529 13.3993 14.82
    endloop
  endfacet
  facet normal 0 0 0
    outer loop
      vertex 0.77939 3.91824 14.82
      vertex 0.39158 3.97576 14.82
      vertex 1.33601 13.56473 14.82
    endloop
  endfacet
  facet normal 0 0 0
    outer loop
      vertex 1.33601 13.56473 14.82
      vertex 1.28257 13.02214 22.04
      vertex 0 13.12723 22.04
    endloop
  endfacet
  facet normal 0 0 0
    outer loop
      vertex 1.33601 13.56473 14.82
      vertex 0 13.12723 22.04
      vertex 0 13.6742 14.82
    endloop
  endfacet
  facet normal 0 0 0
    outer loop
      vertex 0.39158 3.97576 14.82
      vertex 0 3.6754 22.04
      vertex 0.36025 3.6577 22.04
    endloop
  endfacet
  facet normal 0 0 0
    outer loop
      vertex 0.39158 3.97576 14.82
      vertex 0 3.995 14.82
      vertex 0 3.6754 22.04
    endloop
  endfacet
  facet normal 0 0 0
    outer loop
      vertex 0.36025 3.6577 22.04
      vertex 1.28257 13.02214 22.04
      vertex 0 13.12723 22.04
    endloop
  endfacet
  facet normal 0 0 0
    outer loop
      vertex 0.36025 3.6577 22.04
      vertex 0 13.12723 22.04
      vertex 0 3.6754 22.04
    endloop
  endfacet
  facet normal 0 0 0
    outer loop
      vertex 0.39158 3.97576 14.82
      vertex 0 13.6742 14.82
      vertex 1.33601 13.56473 14.82
    endloop
  endfacet
  facet normal 0 0 0
    outer loop
      vertex 0.39158 3.97576 14.82
      vertex 0 3.995 14.82
      vertex 0 13.6742 14.82
    endloop
  endfacet
  facet normal 0 0 0
    outer loop
      vertex 0 13.6742 14.82
      vertex 0 13.12723 22.04
      vertex -1.29281 13.12611 22.04
    endloop
  endfacet
  facet normal 0 0 0
    outer loop
      vertex 0 13.6742 14.82
      vertex -1.29281 13.12611 22.04
      vertex -1.34668 13.67303 14.82
    endloop
  endfacet
  facet normal 0 0 0
    outer loop
      vertex 0 3.995 14.82
      vertex -0.36025 3.6577 22.04
      vertex 0 3.6754 22.04
    endloop
  endfacet
  facet normal 0 0 0
    outer loop
      vertex 0 3.995 14.82
      vertex -0.39158 3.97576 14.82
      vertex -0.36025 3.6577 22.04
    endloop
  endfacet
  facet normal 0 0 0
    outer loop
      vertex 0 3.6754 22.04
      vertex 0 13.12723 22.04
      vertex -1.29281 13.12611 22.04
    endloop
  endfacet
  facet normal 0 0 0
    outer loop
      vertex 0 3.6754 22.04
      vertex -1.29281 13.12611 22.04
      vertex -0.36025 3.6577 22.04
    endloop
  endfacet
  facet normal 0 0 0
    outer loop
      vertex 0 3.995 14.82
      vertex -1.34668 13.67303 14.82
      vertex 0 13.6742 14.82
    endloop
  endfacet
  facet normal 0 0 0
    outer loop
      vertex 0 3.995 14.82
      vertex -0.39158 3.97576 14.82
      vertex -1.34668 13.67303 14.82
    endloop
  endfacet
  facet normal 0 0 0
    outer loop
      vertex -1.34668 13.67303 14.82
      vertex -1.29281 13.12611 22.04
      vertex -2.57427 12.94175 22.04
    endloop
  endfacet
  facet normal 0 0 0
    outer loop
      vertex -1.34668 13.67303 14.82
      vertex -2.57427 12.94175 22.04
      vertex -2.68154 13.48099 14.82
    endloop
  endfacet
  facet normal 0 0 0
    outer loop
      vertex -0.39158 3.97576 14.82
      vertex -0.71703 3.60478 22.04
      vertex -0.36025 3.6577 22.04
    endloop
  endfacet
  facet normal 0 0 0
    outer loop
      vertex -0.39158 3.97576 14.82
      vertex -0.77939 3.91824 14.82
      vertex -0.71703 3.60478 22.04
    endloop
  endfacet
  facet normal 0 0 0
    outer loop
      vertex -0.36025 3.6577 22.04
      vertex -1.29281 13.12611 22.04
      vertex -2.57427 12.94175 22.04
    endloop
  endfacet
  facet normal 0 0 0
    outer loop
      vertex -0.36025 3.6577 22.04
      vertex -2.57427 12.94175 22.04
      vertex -0.71703 3.60478 22.04
    endloop
  endfacet
  facet normal 0 0 0
    outer loop
      vertex -0.39158 3.97576 14.82
      vertex -2.68154 13.48099 14.82
      vertex -1.34668 13.67303 14.82
    endloop
  endfacet
  facet normal 0 0 0
    outer loop
      vertex -0.39158 3.97576 14.82
      vertex -0.77939 3.91824 14.82
      vertex -2.68154 13.48099 14.82
    endloop
  endfacet
  facet normal 0 0 0
    outer loop
      vertex -2.68154 13.48099 14.82
      vertex -2.57427 12.94175 22.04
      vertex -3.81354 12.57156 22.04
    endloop
  endfacet
  facet normal 0 0 0
    outer loop
      vertex -2.68154 13.48099 14.82
      vertex -3.81354 12.57156 22.04
      vertex -3.97244 13.09538 14.82
    endloop
  endfacet
  facet normal 0 0 0
    outer loop
      vertex -0.77939 3.91824 14.82
      vertex -1.06691 3.51714 22.04
      vertex -0.71703 3.60478 22.04
    endloop
  endfacet
  facet normal 0 0 0
    outer loop
      vertex -0.77939 3.91824 14.82
      vertex -1.15969 3.82298 14.82
      vertex -1.06691 3.51714 22.04
    endloop
  endfacet
  facet normal 0 0 0
    outer loop
      vertex -0.71703 3.60478 22.04
      vertex -2.57427 12.94175 22.04
      vertex -3.81354 12.57156 22.04
    endloop
  endfacet
  facet normal 0 0 0
    outer loop
      vertex -0.71703 3.60478 22.04
      vertex -3.81354 12.57156 22.04
      vertex -1.06691 3.51714 22.04
    endloop
  endfacet
  facet normal 0 0 0
    outer loop
      vertex -0.77939 3.91824 14.82
      vertex -3.97244 13.09538 14.82
      vertex -2.68154 13.48099 14.82
    endloop
  endfacet
  facet normal 0 0 0
    outer loop
      vertex -0.77939 3.91824 14.82
      vertex -1.15969 3.82298 14.82
      vertex -3.97244 13.09538 14.82
    endloop
  endfacet
  facet normal 0 0 0
    outer loop
      vertex -3.97244 13.09538 14.82
      vertex -3.81354 12.57156 22.04
      vertex -5.15282 12.44001 22.04
    endloop
  endfacet
  facet normal 0 0 0
    outer loop
      vertex -3.97244 13.09538 14.82
      vertex -5.15282 12.44001 22.04
      vertex -5.36752 12.95834 14.82
    endloop
  endfacet
  facet normal 0 0 0
    outer loop
      vertex -1.15969 3.82298 14.82
      vertex -1.40651 3.39563 22.04
      vertex -1.06691 3.51714 22.04
    endloop
  endfacet
  facet normal 0 0 0
    outer loop
      vertex -1.15969 3.82298 14.82
      vertex -1.52882 3.6909 14.82
      vertex -1.40651 3.39563 22.04
    endloop
  endfacet
  facet normal 0 0 0
    outer loop
      vertex -1.06691 3.51714 22.04
      vertex -3.81354 12.57156 22.04
      vertex -5.15282 12.44001 22.04
    endloop
  endfacet
  facet normal 0 0 0
    outer loop
      vertex -1.06691 3.51714 22.04
      vertex -5.15282 12.44001 22.04
      vertex -1.40651 3.39563 22.04
    endloop
  endfacet
  facet normal 0 0 0
    outer loop
      vertex -1.15969 3.82298 14.82
      vertex -5.36752 12.95834 14.82
      vertex -3.97244 13.09538 14.82
    endloop
  endfacet
  facet normal 0 0 0
    outer loop
      vertex -1.15969 3.82298 14.82
      vertex -1.52882 3.6909 14.82
      vertex -5.36752 12.95834 14.82
    endloop
  endfacet
  facet normal 0 0 0
    outer loop
      vertex -5.36752 12.95834 14.82
      vertex -5.15282 12.44001 22.04
      vertex -6.35663 11.89242 22.04
    endloop
  endfacet
  facet normal 0 0 0
    outer loop
      vertex -5.36752 12.95834 14.82
      vertex -6.35663 11.89242 22.04
      vertex -6.62149 12.38793 14.82
    endloop
  endfacet
  facet normal 0 0 0
    outer loop
      vertex -1.52882 3.6909 14.82
      vertex -1.73257 3.24141 22.04
      vertex -1.40651 3.39563 22.04
    endloop
  endfacet
  facet normal 0 0 0
    outer loop
      vertex -1.52882 3.6909 14.82
      vertex -1.88323 3.52328 14.82
      vertex -1.73257 3.24141 22.04
    endloop
  endfacet
  facet normal 0 0 0
    outer loop
      vertex -1.40651 3.39563 22.04
      vertex -5.15282 12.44001 22.04
      vertex -6.35663 11.89242 22.04
    endloop
  endfacet
  facet normal 0 0 0
    outer loop
      vertex -1.40651 3.39563 22.04
      vertex -6.35663 11.89242 22.04
      vertex -1.73257 3.24141 22.04
    endloop
  endfacet
  facet normal 0 0 0
    outer loop
      vertex -1.52882 3.6909 14.82
      vertex -6.62149 12.38793 14.82
      vertex -5.36752 12.95834 14.82
    endloop
  endfacet
  facet normal 0 0 0
    outer loop
      vertex -1.52882 3.6909 14.82
      vertex -1.88323 3.52328 14.82
      vertex -6.62149 12.38793 14.82
    endloop
  endfacet
  facet normal 0 0 0
    outer loop
      vertex -6.62149 12.38793 14.82
      vertex -6.35663 11.89242 22.04
      vertex -7.52789 11.26629 22.04
    endloop
  endfacet
  facet normal 0 0 0
    outer loop
      vertex -6.62149 12.38793 14.82
      vertex -7.52789 11.26629 22.04
      vertex -7.84155 11.73572 14.82
    endloop
  endfacet
  facet normal 0 0 0
    outer loop
      vertex -1.88323 3.52328 14.82
      vertex -2.04194 3.05598 22.04
      vertex -1.73257 3.24141 22.04
    endloop
  endfacet
  facet normal 0 0 0
    outer loop
      vertex -1.88323 3.52328 14.82
      vertex -2.2195 3.32172 14.82
      vertex -2.04194 3.05598 22.04
    endloop
  endfacet
  facet normal 0 0 0
    outer loop
      vertex -1.73257 3.24141 22.04
      vertex -6.35663 11.89242 22.04
      vertex -7.52789 11.26629 22.04
    endloop
  endfacet
  facet normal 0 0 0
    outer loop
      vertex -1.73257 3.24141 22.04
      vertex -7.52789 11.26629 22.04
      vertex -2.04194 3.05598 22.04
    endloop
  endfacet
  facet normal 0 0 0
    outer loop
      vertex -1.88323 3.52328 14.82
      vertex -7.84155 11.73572 14.82
      vertex -6.62149 12.38793 14.82
    endloop
  endfacet
  facet normal 0 0 0
    outer loop
      vertex -1.88323 3.52328 14.82
      vertex -2.2195 3.32172 14.82
      vertex -7.84155 11.73572 14.82
    endloop
  endfacet
  facet normal 0 0 0
    outer loop
      vertex -7.84155 11.73572 14.82
      vertex -7.52789 11.26629 22.04
      vertex -8.61508 10.49751 22.04
    endloop
  endfacet
  facet normal 0 0 0
    outer loop
      vertex -7.84155 11.73572 14.82
      vertex -8.61508 10.49751 22.04
      vertex -8.97404 10.9349 14.82
    endloop
  endfacet
  facet normal 0 0 0
    outer loop
      vertex -2.2195 3.32172 14.82
      vertex -2.33165 2.84112 22.04
      vertex -2.04194 3.05598 22.04
    endloop
  endfacet
  facet normal 0 0 0
    outer loop
      vertex -2.2195 3.32172 14.82
      vertex -2.5344 3.08818 14.82
      vertex -2.33165 2.84112 22.04
    endloop
  endfacet
  facet normal 0 0 0
    outer loop
      vertex -2.04194 3.05598 22.04
      vertex -7.52789 11.26629 22.04
      vertex -8.61508 10.49751 22.04
    endloop
  endfacet
  facet normal 0 0 0
    outer loop
      vertex -2.04194 3.05598 22.04
      vertex -8.61508 10.49751 22.04
      vertex -2.33165 2.84112 22.04
    endloop
  endfacet
  facet normal 0 0 0
    outer loop
      vertex -2.2195 3.32172 14.82
      vertex -8.97404 10.9349 14.82
      vertex -7.84155 11.73572 14.82
    endloop
  endfacet
  facet normal 0 0 0
    outer loop
      vertex -2.2195 3.32172 14.82
      vertex -2.5344 3.08818 14.82
      vertex -8.97404 10.9349 14.82
    endloop
  endfacet
  facet normal 0 0 0
    outer loop
      vertex -8.97404 10.9349 14.82
      vertex -8.61508 10.49751 22.04
      vertex -9.30562 9.30562 22.04
    endloop
  endfacet
  facet normal 0 0 0
    outer loop
      vertex -8.97404 10.9349 14.82
      vertex -9.30562 9.30562 22.04
      vertex -9.69335 9.69335 14.82
    endloop
  endfacet
  facet normal 0 0 0
    outer loop
      vertex -2.5344 3.08818 14.82
      vertex -2.5989 2.5989 22.04
      vertex -2.33165 2.84112 22.04
    endloop
  endfacet
  facet normal 0 0 0
    outer loop
      vertex -2.5344 3.08818 14.82
      vertex -2.82489 2.82489 14.82
      vertex -2.5989 2.5989 22.04
    endloop
  endfacet
  facet normal 0 0 0
    outer loop
      vertex -2.33165 2.84112 22.04
      vertex -8.61508 10.49751 22.04
      vertex -9.30562 9.30562 22.04
    endloop
  endfacet
  facet normal 0 0 0
    outer loop
      vertex -2.33165 2.84112 22.04
      vertex -9.30562 9.30562 22.04
      vertex -2.5989 2.5989 22.04
    endloop
  endfacet
  facet normal 0 0 0
    outer loop
      vertex -2.5344 3.08818 14.82
      vertex -9.69335 9.69335 14.82
      vertex -8.97404 10.9349 14.82
    endloop
  endfacet
  facet normal 0 0 0
    outer loop
      vertex -2.5344 3.08818 14.82
      vertex -2.82489 2.82489 14.82
      vertex -9.69335 9.69335 14.82
    endloop
  endfacet
  facet normal 0 0 0
    outer loop
      vertex -9.69335 9.69335 14.82
      vertex -9.30562 9.30562 22.04
      vertex -10.12469 8.30912 22.04
    endloop
  endfacet
  facet normal 0 0 0
    outer loop
      vertex -9.69335 9.69335 14.82
      vertex -10.12469 8.30912 22.04
      vertex -10.54656 8.65533 14.82
    endloop
  endfacet
  facet normal 0 0 0
    outer loop
      vertex -2.82489 2.82489 14.82
      vertex -2.84112 2.33165 22.04
      vertex -2.5989 2.5989 22.04
    endloop
  endfacet
  facet normal 0 0 0
    outer loop
      vertex -2.82489 2.82489 14.82
      vertex -3.08818 2.5344 14.82
      vertex -2.84112 2.33165 22.04
    endloop
  endfacet
  facet normal 0 0 0
    outer loop
      vertex -2.5989 2.5989 22.04
      vertex -9.30562 9.30562 22.04
      vertex -10.12469 8.30912 22.04
    endloop
  endfacet
  facet normal 0 0 0
    outer loop
      vertex -2.5989 2.5989 22.04
      vertex -10.12469 8.30912 22.04
      vertex -2.84112 2.33165 22.04
    endloop
  endfacet
  facet normal 0 0 0
    outer loop
      vertex -2.82489 2.82489 14.82
      vertex -10.54656 8.65533 14.82
      vertex -9.69335 9.69335 14.82
    endloop
  endfacet
  facet normal 0 0 0
    outer loop
      vertex -2.82489 2.82489 14.82
      vertex -3.08818 2.5344 14.82
      vertex -10.54656 8.65533 14.82
    endloop
  endfacet
  facet normal 0 0 0
    outer loop
      vertex -10.54656 8.65533 14.82
      vertex -10.12469 8.30912 22.04
      vertex -10.88566 7.27356 22.04
    endloop
  endfacet
  facet normal 0 0 0
    outer loop
      vertex -10.54656 8.65533 14.82
      vertex -10.88566 7.27356 22.04
      vertex -11.33923 7.57663 14.82
    endloop
  endfacet
  facet normal 0 0 0
    outer loop
      vertex -3.08818 2.5344 14.82
      vertex -3.05598 2.04194 22.04
      vertex -2.84112 2.33165 22.04
    endloop
  endfacet
  facet normal 0 0 0
    outer loop
      vertex -3.08818 2.5344 14.82
      vertex -3.32172 2.2195 14.82
      vertex -3.05598 2.04194 22.04
    endloop
  endfacet
  facet normal 0 0 0
    outer loop
      vertex -2.84112 2.33165 22.04
      vertex -10.12469 8.30912 22.04
      vertex -10.88566 7.27356 22.04
    endloop
  endfacet
  facet normal 0 0 0
    outer loop
      vertex -2.84112 2.33165 22.04
      vertex -10.88566 7.27356 22.04
      vertex -3.05598 2.04194 22.04
    endloop
  endfacet
  facet normal 0 0 0
    outer loop
      vertex -3.08818 2.5344 14.82
      vertex -11.33923 7.57663 14.82
      vertex -10.54656 8.65533 14.82
    endloop
  endfacet
  facet normal 0 0 0
    outer loop
      vertex -3.08818 2.5344 14.82
      vertex -3.32172 2.2195 14.82
      vertex -11.33923 7.57663 14.82
    endloop
  endfacet
  facet normal 0 0 0
    outer loop
      vertex -11.33923 7.57663 14.82
      vertex -10.88566 7.27356 22.04
      vertex -11.59737 6.19892 22.04
    endloop
  endfacet
  facet normal 0 0 0
    outer loop
      vertex -11.33923 7.57663 14.82
      vertex -11.59737 6.19892 22.04
      vertex -12.08059 6.45721 14.82
    endloop
  endfacet
  facet normal 0 0 0
    outer loop
      vertex -3.32172 2.2195 14.82
      vertex -3.24141 1.73257 22.04
      vertex -3.05598 2.04194 22.04
    endloop
  endfacet
  facet normal 0 0 0
    outer loop
      vertex -3.32172 2.2195 14.82
      vertex -3.52328 1.88323 14.82
      vertex -3.24141 1.73257 22.04
    endloop
  endfacet
  facet normal 0 0 0
    outer loop
      vertex -3.05598 2.04194 22.04
      vertex -10.88566 7.27356 22.04
      vertex -11.59737 6.19892 22.04
    endloop
  endfacet
  facet normal 0 0 0
    outer loop
      vertex -3.05598 2.04194 22.04
      vertex -11.59737 6.19892 22.04
      vertex -3.24141 1.73257 22.04
    endloop
  endfacet
  facet normal 0 0 0
    outer loop
      vertex -3.32172 2.2195 14.82
      vertex -12.08059 6.45721 14.82
      vertex -11.33923 7.57663 14.82
    endloop
  endfacet
  facet normal 0 0 0
    outer loop
      vertex -3.32172 2.2195 14.82
      vertex -3.52328 1.88323 14.82
      vertex -12.08059 6.45721 14.82
    endloop
  endfacet
  facet normal 0 0 0
    outer loop
      vertex -12.08059 6.45721 14.82
      vertex -11.59737 6.19892 22.04
      vertex -12.19541 5.0515 22.04
    endloop
  endfacet
  facet normal 0 0 0
    outer loop
      vertex -12.08059 6.45721 14.82
      vertex -12.19541 5.0515 22.04
      vertex -12.70355 5.26198 14.82
    endloop
  endfacet
  facet normal 0 0 0
    outer loop
      vertex -3.52328 1.88323 14.82
      vertex -3.39563 1.40651 22.04
      vertex -3.24141 1.73257 22.04
    endloop
  endfacet
  facet normal 0 0 0
    outer loop
      vertex -3.52328 1.88323 14.82
      vertex -3.6909 1.52882 14.82
      vertex -3.39563 1.40651 22.04
    endloop
  endfacet
  facet normal 0 0 0
    outer loop
      vertex -3.24141 1.73257 22.04
      vertex -11.59737 6.19892 22.04
      vertex -12.19541 5.0515 22.04
    endloop
  endfacet
  facet normal 0 0 0
    outer loop
      vertex -3.24141 1.73257 22.04
      vertex -12.19541 5.0515 22.04
      vertex -3.39563 1.40651 22.04
    endloop
  endfacet
  facet normal 0 0 0
    outer loop
      vertex -3.52328 1.88323 14.82
      vertex -12.70355 5.26198 14.82
      vertex -12.08059 6.45721 14.82
    endloop
  endfacet
  facet normal 0 0 0
    outer loop
      vertex -3.52328 1.88323 14.82
      vertex -3.6909 1.52882 14.82
      vertex -12.70355 5.26198 14.82
    endloop
  endfacet
  facet normal 0 0 0
    outer loop
      vertex -12.70355 5.26198 14.82
      vertex -12.19541 5.0515 22.04
      vertex -12.61297 3.8261 22.04
    endloop
  endfacet
  facet normal 0 0 0
    outer loop
      vertex -12.70355 5.26198 14.82
      vertex -12.61297 3.8261 22.04
      vertex -13.13851 3.98552 14.82
    endloop
  endfacet
  facet normal 0 0 0
    outer loop
      vertex -3.6909 1.52882 14.82
      vertex -3.51714 1.06691 22.04
      vertex -3.39563 1.40651 22.04
    endloop
  endfacet
  facet normal 0 0 0
    outer loop
      vertex -3.6909 1.52882 14.82
      vertex -3.82298 1.15969 14.82
      vertex -3.51714 1.06691 22.04
    endloop
  endfacet
  facet normal 0 0 0
    outer loop
      vertex -3.39563 1.40651 22.04
      vertex -12.19541 5.0515 22.04
      vertex -12.61297 3.8261 22.04
    endloop
  endfacet
  facet normal 0 0 0
    outer loop
      vertex -3.39563 1.40651 22.04
      vertex -12.61297 3.8261 22.04
      vertex -3.51714 1.06691 22.04
    endloop
  endfacet
  facet normal 0 0 0
    outer loop
      vertex -3.6909 1.52882 14.82
      vertex -13.13851 3.98552 14.82
      vertex -12.70355 5.26198 14.82
    endloop
  endfacet
  facet normal 0 0 0
    outer loop
      vertex -3.6909 1.52882 14.82
      vertex -3.82298 1.15969 14.82
      vertex -13.13851 3.98552 14.82
    endloop
  endfacet
  facet normal 0 0 0
    outer loop
      vertex -13.13851 3.98552 14.82
      vertex -12.61297 3.8261 22.04
      vertex -12.86333 2.55868 22.04
    endloop
  endfacet
  facet normal 0 0 0
    outer loop
      vertex -13.13851 3.98552 14.82
      vertex -12.86333 2.55868 22.04
      vertex -13.3993 2.66529 14.82
    endloop
  endfacet
  facet normal 0 0 0
    outer loop
      vertex -3.82298 1.15969 14.82
      vertex -3.60478 0.71703 22.04
      vertex -3.51714 1.06691 22.04
    endloop
  endfacet
  facet normal 0 0 0
    outer loop
      vertex -3.82298 1.15969 14.82
      vertex -3.91824 0.77939 14.82
      vertex -3.60478 0.71703 22.04
    endloop
  endfacet
  facet normal 0 0 0
    outer loop
      vertex -3.51714 1.06691 22.04
      vertex -12.61297 3.8261 22.04
      vertex -12.86333 2.55868 22.04
    endloop
  endfacet
  facet normal 0 0 0
    outer loop
      vertex -3.51714 1.06691 22.04
      vertex -12.86333 2.55868 22.04
      vertex -3.60478 0.71703 22.04
    endloop
  endfacet
  facet normal 0 0 0
    outer loop
      vertex -3.82298 1.15969 14.82
      vertex -13.3993 2.66529 14.82
      vertex -13.13851 3.98552 14.82
    endloop
  endfacet
  facet normal 0 0 0
    outer loop
      vertex -3.82298 1.15969 14.82
      vertex -3.91824 0.77939 14.82
      vertex -13.3993 2.66529 14.82
    endloop
  endfacet
  facet normal 0 0 0
    outer loop
      vertex -13.3993 2.66529 14.82
      vertex -12.86333 2.55868 22.04
      vertex -13.39815 1.3196 22.04
    endloop
  endfacet
  facet normal 0 0 0
    outer loop
      vertex -13.3993 2.66529 14.82
      vertex -13.39815 1.3196 22.04
      vertex -13.9564 1.37459 14.82
    endloop
  endfacet
  facet normal 0 0 0
    outer loop
      vertex -3.91824 0.77939 14.82
      vertex -3.6577 0.36025 22.04
      vertex -3.60478 0.71703 22.04
    endloop
  endfacet
  facet normal 0 0 0
    outer loop
      vertex -3.91824 0.77939 14.82
      vertex -3.97576 0.39158 14.82
      vertex -3.6577 0.36025 22.04
    endloop
  endfacet
  facet normal 0 0 0
    outer loop
      vertex -3.60478 0.71703 22.04
      vertex -12.86333 2.55868 22.04
      vertex -13.39815 1.3196 22.04
    endloop
  endfacet
  facet normal 0 0 0
    outer loop
      vertex -3.60478 0.71703 22.04
      vertex -13.39815 1.3196 22.04
      vertex -3.6577 0.36025 22.04
    endloop
  endfacet
  facet normal 0 0 0
    outer loop
      vertex -3.91824 0.77939 14.82
      vertex -13.9564 1.37459 14.82
      vertex -13.3993 2.66529 14.82
    endloop
  endfacet
  facet normal 0 0 0
    outer loop
      vertex -3.91824 0.77939 14.82
      vertex -3.97576 0.39158 14.82
      vertex -13.9564 1.37459 14.82
    endloop
  endfacet
  facet normal 0 0 0
    outer loop
      vertex -13.9564 1.37459 14.82
      vertex -13.39815 1.3196 22.04
      vertex -13.50505 0 22.04
    endloop
  endfacet
  facet normal 0 0 0
    outer loop
      vertex -13.9564 1.37459 14.82
      vertex -13.50505 0 22.04
      vertex -14.06776 0 14.82
    endloop
  endfacet
  facet normal 0 0 0
    outer loop
      vertex -3.97576 0.39158 14.82
      vertex -3.6754 0 22.04
      vertex -3.6577 0.36025 22.04
    endloop
  endfacet
  facet normal 0 0 0
    outer loop
      vertex -3.97576 0.39158 14.82
      vertex -3.995 0 14.82
      vertex -3.6754 0 22.04
    endloop
  endfacet
  facet normal 0 0 0
    outer loop
      vertex -3.6577 0.36025 22.04
      vertex -13.39815 1.3196 22.04
      vertex -13.50505 0 22.04
    endloop
  endfacet
  facet normal 0 0 0
    outer loop
      vertex -3.6577 0.36025 22.04
      vertex -13.50505 0 22.04
      vertex -3.6754 0 22.04
    endloop
  endfacet
  facet normal 0 0 0
    outer loop
      vertex -3.97576 0.39158 14.82
      vertex -14.06776 0 14.82
      vertex -13.9564 1.37459 14.82
    endloop
  endfacet
  facet normal 0 0 0
    outer loop
      vertex -3.97576 0.39158 14.82
      vertex -3.995 0 14.82
      vertex -14.06776 0 14.82
    endloop
  endfacet
  facet normal 0 0 0
    outer loop
      vertex -14.06776 0 14.82
      vertex -13.50505 0 22.04
      vertex -13.50211 -1.32984 22.04
    endloop
  endfacet
  facet normal 0 0 0
    outer loop
      vertex -14.06776 0 14.82
      vertex -13.50211 -1.32984 22.04
      vertex -14.0647 -1.38525 14.82
    endloop
  endfacet
  facet normal 0 0 0
    outer loop
      vertex -3.995 0 14.82
      vertex -3.6577 -0.36025 22.04
      vertex -3.6754 0 22.04
    endloop
  endfacet
  facet normal 0 0 0
    outer loop
      vertex -3.995 0 14.82
      vertex -3.97576 -0.39158 14.82
      vertex -3.6577 -0.36025 22.04
    endloop
  endfacet
  facet normal 0 0 0
    outer loop
      vertex -3.6754 0 22.04
      vertex -13.50505 0 22.04
      vertex -13.50211 -1.32984 22.04
    endloop
  endfacet
  facet normal 0 0 0
    outer loop
      vertex -3.6754 0 22.04
      vertex -13.50211 -1.32984 22.04
      vertex -3.6577 -0.36025 22.04
    endloop
  endfacet
  facet normal 0 0 0
    outer loop
      vertex -3.995 0 14.82
      vertex -14.0647 -1.38525 14.82
      vertex -14.06776 0 14.82
    endloop
  endfacet
  facet normal 0 0 0
    outer loop
      vertex -3.995 0 14.82
      vertex -3.97576 -0.39158 14.82
      vertex -14.0647 -1.38525 14.82
    endloop
  endfacet
  facet normal 0 0 0
    outer loop
      vertex -14.0647 -1.38525 14.82
      vertex -13.50211 -1.32984 22.04
      vertex -12.94175 -2.57427 22.04
    endloop
  endfacet
  facet normal 0 0 0
    outer loop
      vertex -14.0647 -1.38525 14.82
      vertex -12.94175 -2.57427 22.04
      vertex -13.48099 -2.68154 14.82
    endloop
  endfacet
  facet normal 0 0 0
    outer loop
      vertex -3.97576 -0.39158 14.82
      vertex -3.60478 -0.71703 22.04
      vertex -3.6577 -0.36025 22.04
    endloop
  endfacet
  facet normal 0 0 0
    outer loop
      vertex -3.97576 -0.39158 14.82
      vertex -3.91824 -0.77939 14.82
      vertex -3.60478 -0.71703 22.04
    endloop
  endfacet
  facet normal 0 0 0
    outer loop
      vertex -3.6577 -0.36025 22.04
      vertex -13.50211 -1.32984 22.04
      vertex -12.94175 -2.57427 22.04
    endloop
  endfacet
  facet normal 0 0 0
    outer loop
      vertex -3.6577 -0.36025 22.04
      vertex -12.94175 -2.57427 22.04
      vertex -3.60478 -0.71703 22.04
    endloop
  endfacet
  facet normal 0 0 0
    outer loop
      vertex -3.97576 -0.39158 14.82
      vertex -13.48099 -2.68154 14.82
      vertex -14.0647 -1.38525 14.82
    endloop
  endfacet
  facet normal 0 0 0
    outer loop
      vertex -3.97576 -0.39158 14.82
      vertex -3.91824 -0.77939 14.82
      vertex -13.48099 -2.68154 14.82
    endloop
  endfacet
  facet normal 0 0 0
    outer loop
      vertex -13.48099 -2.68154 14.82
      vertex -12.94175 -2.57427 22.04
      vertex -12.57156 -3.81354 22.04
    endloop
  endfacet
  facet normal 0 0 0
    outer loop
      vertex -13.48099 -2.68154 14.82
      vertex -12.57156 -3.81354 22.04
      vertex -13.09538 -3.97244 14.82
    endloop
  endfacet
  facet normal 0 0 0
    outer loop
      vertex -3.91824 -0.77939 14.82
      vertex -3.51714 -1.06691 22.04
      vertex -3.60478 -0.71703 22.04
    endloop
  endfacet
  facet normal 0 0 0
    outer loop
      vertex -3.91824 -0.77939 14.82
      vertex -3.82298 -1.15969 14.82
      vertex -3.51714 -1.06691 22.04
    endloop
  endfacet
  facet normal 0 0 0
    outer loop
      vertex -3.60478 -0.71703 22.04
      vertex -12.94175 -2.57427 22.04
      vertex -12.57156 -3.81354 22.04
    endloop
  endfacet
  facet normal 0 0 0
    outer loop
      vertex -3.60478 -0.71703 22.04
      vertex -12.57156 -3.81354 22.04
      vertex -3.51714 -1.06691 22.04
    endloop
  endfacet
  facet normal 0 0 0
    outer loop
      vertex -3.91824 -0.77939 14.82
      vertex -13.09538 -3.97244 14.82
      vertex -13.48099 -2.68154 14.82
    endloop
  endfacet
  facet normal 0 0 0
    outer loop
      vertex -3.91824 -0.77939 14.82
      vertex -3.82298 -1.15969 14.82
      vertex -13.09538 -3.97244 14.82
    endloop
  endfacet
  facet normal 0 0 0
    outer loop
      vertex -13.09538 -3.97244 14.82
      vertex -12.57156 -3.81354 22.04
      vertex -12.09095 -5.00823 22.04
    endloop
  endfacet
  facet normal 0 0 0
    outer loop
      vertex -13.09538 -3.97244 14.82
      vertex -12.09095 -5.00823 22.04
      vertex -12.59474 -5.21691 14.82
    endloop
  endfacet
  facet normal 0 0 0
    outer loop
      vertex -3.82298 -1.15969 14.82
      vertex -3.39563 -1.40651 22.04
      vertex -3.51714 -1.06691 22.04
    endloop
  endfacet
  facet normal 0 0 0
    outer loop
      vertex -3.82298 -1.15969 14.82
      vertex -3.6909 -1.52882 14.82
      vertex -3.39563 -1.40651 22.04
    endloop
  endfacet
  facet normal 0 0 0
    outer loop
      vertex -3.51714 -1.06691 22.04
      vertex -12.57156 -3.81354 22.04
      vertex -12.09095 -5.00823 22.04
    endloop
  endfacet
  facet normal 0 0 0
    outer loop
      vertex -3.51714 -1.06691 22.04
      vertex -12.09095 -5.00823 22.04
      vertex -3.39563 -1.40651 22.04
    endloop
  endfacet
  facet normal 0 0 0
    outer loop
      vertex -3.82298 -1.15969 14.82
      vertex -12.59474 -5.21691 14.82
      vertex -13.09538 -3.97244 14.82
    endloop
  endfacet
  facet normal 0 0 0
    outer loop
      vertex -3.82298 -1.15969 14.82
      vertex -3.6909 -1.52882 14.82
      vertex -12.59474 -5.21691 14.82
    endloop
  endfacet
  facet normal 0 0 0
    outer loop
      vertex -12.59474 -5.21691 14.82
      vertex -12.09095 -5.00823 22.04
      vertex -11.55921 -6.17852 22.04
    endloop
  endfacet
  facet normal 0 0 0
    outer loop
      vertex -12.59474 -5.21691 14.82
      vertex -11.55921 -6.17852 22.04
      vertex -12.04084 -6.43596 14.82
    endloop
  endfacet
  facet normal 0 0 0
    outer loop
      vertex -3.6909 -1.52882 14.82
      vertex -3.24141 -1.73257 22.04
      vertex -3.39563 -1.40651 22.04
    endloop
  endfacet
  facet normal 0 0 0
    outer loop
      vertex -3.6909 -1.52882 14.82
      vertex -3.52328 -1.88323 14.82
      vertex -3.24141 -1.73257 22.04
    endloop
  endfacet
  facet normal 0 0 0
    outer loop
      vertex -3.39563 -1.40651 22.04
      vertex -12.09095 -5.00823 22.04
      vertex -11.55921 -6.17852 22.04
    endloop
  endfacet
  facet normal 0 0 0
    outer loop
      vertex -3.39563 -1.40651 22.04
      vertex -11.55921 -6.17852 22.04
      vertex -3.24141 -1.73257 22.04
    endloop
  endfacet
  facet normal 0 0 0
    outer loop
      vertex -3.6909 -1.52882 14.82
      vertex -12.04084 -6.43596 14.82
      vertex -12.59474 -5.21691 14.82
    endloop
  endfacet
  facet normal 0 0 0
    outer loop
      vertex -3.6909 -1.52882 14.82
      vertex -3.52328 -1.88323 14.82
      vertex -12.04084 -6.43596 14.82
    endloop
  endfacet
  facet normal 0 0 0
    outer loop
      vertex -12.04084 -6.43596 14.82
      vertex -11.55921 -6.17852 22.04
      vertex -10.95214 -7.31799 22.04
    endloop
  endfacet
  facet normal 0 0 0
    outer loop
      vertex -12.04084 -6.43596 14.82
      vertex -10.95214 -7.31799 22.04
      vertex -11.40848 -7.6229 14.82
    endloop
  endfacet
  facet normal 0 0 0
    outer loop
      vertex -3.52328 -1.88323 14.82
      vertex -3.05598 -2.04194 22.04
      vertex -3.24141 -1.73257 22.04
    endloop
  endfacet
  facet normal 0 0 0
    outer loop
      vertex -3.52328 -1.88323 14.82
      vertex -3.32172 -2.2195 14.82
      vertex -3.05598 -2.04194 22.04
    endloop
  endfacet
  facet normal 0 0 0
    outer loop
      vertex -3.24141 -1.73257 22.04
      vertex -11.55921 -6.17852 22.04
      vertex -10.95214 -7.31799 22.04
    endloop
  endfacet
  facet normal 0 0 0
    outer loop
      vertex -3.24141 -1.73257 22.04
      vertex -10.95214 -7.31799 22.04
      vertex -3.05598 -2.04194 22.04
    endloop
  endfacet
  facet normal 0 0 0
    outer loop
      vertex -3.52328 -1.88323 14.82
      vertex -11.40848 -7.6229 14.82
      vertex -12.04084 -6.43596 14.82
    endloop
  endfacet
  facet normal 0 0 0
    outer loop
      vertex -3.52328 -1.88323 14.82
      vertex -3.32172 -2.2195 14.82
      vertex -11.40848 -7.6229 14.82
    endloop
  endfacet
  facet normal 0 0 0
    outer loop
      vertex -11.40848 -7.6229 14.82
      vertex -10.95214 -7.31799 22.04
      vertex -10.20545 -8.37539 22.04
    endloop
  endfacet
  facet normal 0 0 0
    outer loop
      vertex -11.40848 -7.6229 14.82
      vertex -10.20545 -8.37539 22.04
      vertex -10.63067 -8.72437 14.82
    endloop
  endfacet
  facet normal 0 0 0
    outer loop
      vertex -3.32172 -2.2195 14.82
      vertex -2.84112 -2.33165 22.04
      vertex -3.05598 -2.04194 22.04
    endloop
  endfacet
  facet normal 0 0 0
    outer loop
      vertex -3.32172 -2.2195 14.82
      vertex -3.08818 -2.5344 14.82
      vertex -2.84112 -2.33165 22.04
    endloop
  endfacet
  facet normal 0 0 0
    outer loop
      vertex -3.05598 -2.04194 22.04
      vertex -10.95214 -7.31799 22.04
      vertex -10.20545 -8.37539 22.04
    endloop
  endfacet
  facet normal 0 0 0
    outer loop
      vertex -3.05598 -2.04194 22.04
      vertex -10.20545 -8.37539 22.04
      vertex -2.84112 -2.33165 22.04
    endloop
  endfacet
  facet normal 0 0 0
    outer loop
      vertex -3.32172 -2.2195 14.82
      vertex -10.63067 -8.72437 14.82
      vertex -11.40848 -7.6229 14.82
    endloop
  endfacet
  facet normal 0 0 0
    outer loop
      vertex -3.32172 -2.2195 14.82
      vertex -3.08818 -2.5344 14.82
      vertex -10.63067 -8.72437 14.82
    endloop
  endfacet
  facet normal 0 0 0
    outer loop
      vertex -10.63067 -8.72437 14.82
      vertex -10.20545 -8.37539 22.04
      vertex -9.30562 -9.30562 22.04
    endloop
  endfacet
  facet normal 0 0 0
    outer loop
      vertex -10.63067 -8.72437 14.82
      vertex -9.30562 -9.30562 22.04
      vertex -9.69335 -9.69335 14.82
    endloop
  endfacet
  facet normal 0 0 0
    outer loop
      vertex -3.08818 -2.5344 14.82
      vertex -2.5989 -2.5989 22.04
      vertex -2.84112 -2.33165 22.04
    endloop
  endfacet
  facet normal 0 0 0
    outer loop
      vertex -3.08818 -2.5344 14.82
      vertex -2.82489 -2.82489 14.82
      vertex -2.5989 -2.5989 22.04
    endloop
  endfacet
  facet normal 0 0 0
    outer loop
      vertex -2.84112 -2.33165 22.04
      vertex -10.20545 -8.37539 22.04
      vertex -9.30562 -9.30562 22.04
    endloop
  endfacet
  facet normal 0 0 0
    outer loop
      vertex -2.84112 -2.33165 22.04
      vertex -9.30562 -9.30562 22.04
      vertex -2.5989 -2.5989 22.04
    endloop
  endfacet
  facet normal 0 0 0
    outer loop
      vertex -3.08818 -2.5344 14.82
      vertex -9.69335 -9.69335 14.82
      vertex -10.63067 -8.72437 14.82
    endloop
  endfacet
  facet normal 0 0 0
    outer loop
      vertex -3.08818 -2.5344 14.82
      vertex -2.82489 -2.82489 14.82
      vertex -9.69335 -9.69335 14.82
    endloop
  endfacet
  facet normal 0 0 0
    outer loop
      vertex -9.69335 -9.69335 14.82
      vertex -9.30562 -9.30562 22.04
      vertex -8.54881 -10.41676 22.04
    endloop
  endfacet
  facet normal 0 0 0
    outer loop
      vertex -9.69335 -9.69335 14.82
      vertex -8.54881 -10.41676 22.04
      vertex -8.90501 -10.85079 14.82
    endloop
  endfacet
  facet normal 0 0 0
    outer loop
      vertex -2.82489 -2.82489 14.82
      vertex -2.33165 -2.84112 22.04
      vertex -2.5989 -2.5989 22.04
    endloop
  endfacet
  facet normal 0 0 0
    outer loop
      vertex -2.82489 -2.82489 14.82
      vertex -2.5344 -3.08818 14.82
      vertex -2.33165 -2.84112 22.04
    endloop
  endfacet
  facet normal 0 0 0
    outer loop
      vertex -2.5989 -2.5989 22.04
      vertex -9.30562 -9.30562 22.04
      vertex -8.54881 -10.41676 22.04
    endloop
  endfacet
  facet normal 0 0 0
    outer loop
      vertex -2.5989 -2.5989 22.04
      vertex -8.54881 -10.41676 22.04
      vertex -2.33165 -2.84112 22.04
    endloop
  endfacet
  facet normal 0 0 0
    outer loop
      vertex -2.82489 -2.82489 14.82
      vertex -8.90501 -10.85079 14.82
      vertex -9.69335 -9.69335 14.82
    endloop
  endfacet
  facet normal 0 0 0
    outer loop
      vertex -2.82489 -2.82489 14.82
      vertex -2.5344 -3.08818 14.82
      vertex -8.90501 -10.85079 14.82
    endloop
  endfacet
  facet normal 0 0 0
    outer loop
      vertex -8.90501 -10.85079 14.82
      vertex -8.54881 -10.41676 22.04
      vertex -7.48347 -11.19981 22.04
    endloop
  endfacet
  facet normal 0 0 0
    outer loop
      vertex -8.90501 -10.85079 14.82
      vertex -7.48347 -11.19981 22.04
      vertex -7.79528 -11.66647 14.82
    endloop
  endfacet
  facet normal 0 0 0
    outer loop
      vertex -2.5344 -3.08818 14.82
      vertex -2.04194 -3.05598 22.04
      vertex -2.33165 -2.84112 22.04
    endloop
  endfacet
  facet normal 0 0 0
    outer loop
      vertex -2.5344 -3.08818 14.82
      vertex -2.2195 -3.32172 14.82
      vertex -2.04194 -3.05598 22.04
    endloop
  endfacet
  facet normal 0 0 0
    outer loop
      vertex -2.33165 -2.84112 22.04
      vertex -8.54881 -10.41676 22.04
      vertex -7.48347 -11.19981 22.04
    endloop
  endfacet
  facet normal 0 0 0
    outer loop
      vertex -2.33165 -2.84112 22.04
      vertex -7.48347 -11.19981 22.04
      vertex -2.04194 -3.05598 22.04
    endloop
  endfacet
  facet normal 0 0 0
    outer loop
      vertex -2.5344 -3.08818 14.82
      vertex -7.79528 -11.66647 14.82
      vertex -8.90501 -10.85079 14.82
    endloop
  endfacet
  facet normal 0 0 0
    outer loop
      vertex -2.5344 -3.08818 14.82
      vertex -2.2195 -3.32172 14.82
      vertex -7.79528 -11.66647 14.82
    endloop
  endfacet
  facet normal 0 0 0
    outer loop
      vertex -7.79528 -11.66647 14.82
      vertex -7.48347 -11.19981 22.04
      vertex -6.37703 -11.93058 22.04
    endloop
  endfacet
  facet normal 0 0 0
    outer loop
      vertex -7.79528 -11.66647 14.82
      vertex -6.37703 -11.93058 22.04
      vertex -6.64274 -12.42769 14.82
    endloop
  endfacet
  facet normal 0 0 0
    outer loop
      vertex -2.2195 -3.32172 14.82
      vertex -1.73257 -3.24141 22.04
      vertex -2.04194 -3.05598 22.04
    endloop
  endfacet
  facet normal 0 0 0
    outer loop
      vertex -2.2195 -3.32172 14.82
      vertex -1.88323 -3.52328 14.82
      vertex -1.73257 -3.24141 22.04
    endloop
  endfacet
  facet normal 0 0 0
    outer loop
      vertex -2.04194 -3.05598 22.04
      vertex -7.48347 -11.19981 22.04
      vertex -6.37703 -11.93058 22.04
    endloop
  endfacet
  facet normal 0 0 0
    outer loop
      vertex -2.04194 -3.05598 22.04
      vertex -6.37703 -11.93058 22.04
      vertex -1.73257 -3.24141 22.04
    endloop
  endfacet
  facet normal 0 0 0
    outer loop
      vertex -2.2195 -3.32172 14.82
      vertex -6.64274 -12.42769 14.82
      vertex -7.79528 -11.66647 14.82
    endloop
  endfacet
  facet normal 0 0 0
    outer loop
      vertex -2.2195 -3.32172 14.82
      vertex -1.88323 -3.52328 14.82
      vertex -6.64274 -12.42769 14.82
    endloop
  endfacet
  facet normal 0 0 0
    outer loop
      vertex -6.64274 -12.42769 14.82
      vertex -6.37703 -11.93058 22.04
      vertex -5.19609 -12.54447 22.04
    endloop
  endfacet
  facet normal 0 0 0
    outer loop
      vertex -6.64274 -12.42769 14.82
      vertex -5.19609 -12.54447 22.04
      vertex -5.4126 -13.06716 14.82
    endloop
  endfacet
  facet normal 0 0 0
    outer loop
      vertex -1.88323 -3.52328 14.82
      vertex -1.40651 -3.39563 22.04
      vertex -1.73257 -3.24141 22.04
    endloop
  endfacet
  facet normal 0 0 0
    outer loop
      vertex -1.88323 -3.52328 14.82
      vertex -1.52882 -3.6909 14.82
      vertex -1.40651 -3.39563 22.04
    endloop
  endfacet
  facet normal 0 0 0
    outer loop
      vertex -1.73257 -3.24141 22.04
      vertex -6.37703 -11.93058 22.04
      vertex -5.19609 -12.54447 22.04
    endloop
  endfacet
  facet normal 0 0 0
    outer loop
      vertex -1.73257 -3.24141 22.04
      vertex -5.19609 -12.54447 22.04
      vertex -1.40651 -3.39563 22.04
    endloop
  endfacet
  facet normal 0 0 0
    outer loop
      vertex -1.88323 -3.52328 14.82
      vertex -5.4126 -13.06716 14.82
      vertex -6.64274 -12.42769 14.82
    endloop
  endfacet
  facet normal 0 0 0
    outer loop
      vertex -1.88323 -3.52328 14.82
      vertex -1.52882 -3.6909 14.82
      vertex -5.4126 -13.06716 14.82
    endloop
  endfacet
  facet normal 0 0 0
    outer loop
      vertex -5.4126 -13.06716 14.82
      vertex -5.19609 -12.54447 22.04
      vertex -3.8261 -12.61297 22.04
    endloop
  endfacet
  facet normal 0 0 0
    outer loop
      vertex -5.4126 -13.06716 14.82
      vertex -3.8261 -12.61297 22.04
      vertex -3.98552 -13.13851 14.82
    endloop
  endfacet
  facet normal 0 0 0
    outer loop
      vertex -1.52882 -3.6909 14.82
      vertex -1.06691 -3.51714 22.04
      vertex -1.40651 -3.39563 22.04
    endloop
  endfacet
  facet normal 0 0 0
    outer loop
      vertex -1.52882 -3.6909 14.82
      vertex -1.15969 -3.82298 14.82
      vertex -1.06691 -3.51714 22.04
    endloop
  endfacet
  facet normal 0 0 0
    outer loop
      vertex -1.40651 -3.39563 22.04
      vertex -5.19609 -12.54447 22.04
      vertex -3.8261 -12.61297 22.04
    endloop
  endfacet
  facet normal 0 0 0
    outer loop
      vertex -1.40651 -3.39563 22.04
      vertex -3.8261 -12.61297 22.04
      vertex -1.06691 -3.51714 22.04
    endloop
  endfacet
  facet normal 0 0 0
    outer loop
      vertex -1.52882 -3.6909 14.82
      vertex -3.98552 -13.13851 14.82
      vertex -5.4126 -13.06716 14.82
    endloop
  endfacet
  facet normal 0 0 0
    outer loop
      vertex -1.52882 -3.6909 14.82
      vertex -1.15969 -3.82298 14.82
      vertex -3.98552 -13.13851 14.82
    endloop
  endfacet
  facet normal 0 0 0
    outer loop
      vertex -3.98552 -13.13851 14.82
      vertex -3.8261 -12.61297 22.04
      vertex -2.55868 -12.86333 22.04
    endloop
  endfacet
  facet normal 0 0 0
    outer loop
      vertex -3.98552 -13.13851 14.82
      vertex -2.55868 -12.86333 22.04
      vertex -2.66529 -13.3993 14.82
    endloop
  endfacet
  facet normal 0 0 0
    outer loop
      vertex -1.15969 -3.82298 14.82
      vertex -0.71703 -3.60478 22.04
      vertex -1.06691 -3.51714 22.04
    endloop
  endfacet
  facet normal 0 0 0
    outer loop
      vertex -1.15969 -3.82298 14.82
      vertex -0.77939 -3.91824 14.82
      vertex -0.71703 -3.60478 22.04
    endloop
  endfacet
  facet normal 0 0 0
    outer loop
      vertex -1.06691 -3.51714 22.04
      vertex -3.8261 -12.61297 22.04
      vertex -2.55868 -12.86333 22.04
    endloop
  endfacet
  facet normal 0 0 0
    outer loop
      vertex -1.06691 -3.51714 22.04
      vertex -2.55868 -12.86333 22.04
      vertex -0.71703 -3.60478 22.04
    endloop
  endfacet
  facet normal 0 0 0
    outer loop
      vertex -1.15969 -3.82298 14.82
      vertex -2.66529 -13.3993 14.82
      vertex -3.98552 -13.13851 14.82
    endloop
  endfacet
  facet normal 0 0 0
    outer loop
      vertex -1.15969 -3.82298 14.82
      vertex -0.77939 -3.91824 14.82
      vertex -2.66529 -13.3993 14.82
    endloop
  endfacet
  facet normal 0 0 0
    outer loop
      vertex -2.66529 -13.3993 14.82
      vertex -2.55868 -12.86333 22.04
      vertex -1.28257 -13.02214 22.04
    endloop
  endfacet
  facet normal 0 0 0
    outer loop
      vertex -2.66529 -13.3993 14.82
      vertex -1.28257 -13.02214 22.04
      vertex -1.33601 -13.56473 14.82
    endloop
  endfacet
  facet normal 0 0 0
    outer loop
      vertex -0.77939 -3.91824 14.82
      vertex -0.36025 -3.6577 22.04
      vertex -0.71703 -3.60478 22.04
    endloop
  endfacet
  facet normal 0 0 0
    outer loop
      vertex -0.77939 -3.91824 14.82
      vertex -0.39158 -3.97576 14.82
      vertex -0.36025 -3.6577 22.04
    endloop
  endfacet
  facet normal 0 0 0
    outer loop
      vertex -0.71703 -3.60478 22.04
      vertex -2.55868 -12.86333 22.04
      vertex -1.28257 -13.02214 22.04
    endloop
  endfacet
  facet normal 0 0 0
    outer loop
      vertex -0.71703 -3.60478 22.04
      vertex -1.28257 -13.02214 22.04
      vertex -0.36025 -3.6577 22.04
    endloop
  endfacet
  facet normal 0 0 0
    outer loop
      vertex -0.77939 -3.91824 14.82
      vertex -1.33601 -13.56473 14.82
      vertex -2.66529 -13.3993 14.82
    endloop
  endfacet
  facet normal 0 0 0
    outer loop
      vertex -0.77939 -3.91824 14.82
      vertex -0.39158 -3.97576 14.82
      vertex -1.33601 -13.56473 14.82
    endloop
  endfacet
  facet normal 0 0 0
    outer loop
      vertex -1.33601 -13.56473 14.82
      vertex -1.28257 -13.02214 22.04
      vertex 0 -13.12723 22.04
    endloop
  endfacet
  facet normal 0 0 0
    outer loop
      vertex -1.33601 -13.56473 14.82
      vertex 0 -13.12723 22.04
      vertex 0 -13.6742 14.82
    endloop
  endfacet
  facet normal 0 0 0
    outer loop
      vertex -0.39158 -3.97576 14.82
      vertex 0 -3.6754 22.04
      vertex -0.36025 -3.6577 22.04
    endloop
  endfacet
  facet normal 0 0 0
    outer loop
      vertex -0.39158 -3.97576 14.82
      vertex 0 -3.995 14.82
      vertex 0 -3.6754 22.04
    endloop
  endfacet
  facet normal 0 0 0
    outer loop
      vertex -0.36025 -3.6577 22.04
      vertex -1.28257 -13.02214 22.04
      vertex 0 -13.12723 22.04
    endloop
  endfacet
  facet normal 0 0 0
    outer loop
      vertex -0.36025 -3.6577 22.04
      vertex 0 -13.12723 22.04
      vertex 0 -3.6754 22.04
    endloop
  endfacet
  facet normal 0 0 0
    outer loop
      vertex -0.39158 -3.97576 14.82
      vertex 0 -13.6742 14.82
      vertex -1.33601 -13.56473 14.82
    endloop
  endfacet
  facet normal 0 0 0
    outer loop
      vertex -0.39158 -3.97576 14.82
      vertex 0 -3.995 14.82
      vertex 0 -13.6742 14.82
    endloop
  endfacet
  facet normal 0 0 0
    outer loop
      vertex 0 -13.6742 14.82
      vertex 0 -13.12723 22.04
      vertex 1.29281 -13.12611 22.04
    endloop
  endfacet
  facet normal 0 0 0
    outer loop
      vertex 0 -13.6742 14.82
      vertex 1.29281 -13.12611 22.04
      vertex 1.34668 -13.67303 14.82
    endloop
  endfacet
  facet normal 0 0 0
    outer loop
      vertex 0 -3.995 14.82
      vertex 0.36025 -3.6577 22.04
      vertex 0 -3.6754 22.04
    endloop
  endfacet
  facet normal 0 0 0
    outer loop
      vertex 0 -3.995 14.82
      vertex 0.39158 -3.97576 14.82
      vertex 0.36025 -3.6577 22.04
    endloop
  endfacet
  facet normal 0 0 0
    outer loop
      vertex 0 -3.6754 22.04
      vertex 0 -13.12723 22.04
      vertex 1.29281 -13.12611 22.04
    endloop
  endfacet
  facet normal 0 0 0
    outer loop
      vertex 0 -3.6754 22.04
      vertex 1.29281 -13.12611 22.04
      vertex 0.36025 -3.6577 22.04
    endloop
  endfacet
  facet normal 0 0 0
    outer loop
      vertex 0 -3.995 14.82
      vertex 1.34668 -13.67303 14.82
      vertex 0 -13.6742 14.82
    endloop
  endfacet
  facet normal 0 0 0
    outer loop
      vertex 0 -3.995 14.82
      vertex 0.39158 -3.97576 14.82
      vertex 1.34668 -13.67303 14.82
    endloop
  endfacet
  facet normal 0 0 0
    outer loop
      vertex 1.34668 -13.67303 14.82
      vertex 1.29281 -13.12611 22.04
      vertex 2.57427 -12.94175 22.04
    endloop
  endfacet
  facet normal 0 0 0
    outer loop
      vertex 1.34668 -13.67303 14.82
      vertex 2.57427 -12.94175 22.04
      vertex 2.68154 -13.48099 14.82
    endloop
  endfacet
  facet normal 0 0 0
    outer loop
      vertex 0.39158 -3.97576 14.82
      vertex 0.71703 -3.60478 22.04
      vertex 0.36025 -3.6577 22.04
    endloop
  endfacet
  facet normal 0 0 0
    outer loop
      vertex 0.39158 -3.97576 14.82
      vertex 0.77939 -3.91824 14.82
      vertex 0.71703 -3.60478 22.04
    endloop
  endfacet
  facet normal 0 0 0
    outer loop
      vertex 0.36025 -3.6577 22.04
      vertex 1.29281 -13.12611 22.04
      vertex 2.57427 -12.94175 22.04
    endloop
  endfacet
  facet normal 0 0 0
    outer loop
      vertex 0.36025 -3.6577 22.04
      vertex 2.57427 -12.94175 22.04
      vertex 0.71703 -3.60478 22.04
    endloop
  endfacet
  facet normal 0 0 0
    outer loop
      vertex 0.39158 -3.97576 14.82
      vertex 2.68154 -13.48099 14.82
      vertex 1.34668 -13.67303 14.82
    endloop
  endfacet
  facet normal 0 0 0
    outer loop
      vertex 0.39158 -3.97576 14.82
      vertex 0.77939 -3.91824 14.82
      vertex 2.68154 -13.48099 14.82
    endloop
  endfacet
  facet normal 0 0 0
    outer loop
      vertex 2.68154 -13.48099 14.82
      vertex 2.57427 -12.94175 22.04
      vertex 3.81354 -12.57156 22.04
    endloop
  endfacet
  facet normal 0 0 0
    outer loop
      vertex 2.68154 -13.48099 14.82
      vertex 3.81354 -12.57156 22.04
      vertex 3.97244 -13.09538 14.82
    endloop
  endfacet
  facet normal 0 0 0
    outer loop
      vertex 0.77939 -3.91824 14.82
      vertex 1.06691 -3.51714 22.04
      vertex 0.71703 -3.60478 22.04
    endloop
  endfacet
  facet normal 0 0 0
    outer loop
      vertex 0.77939 -3.91824 14.82
      vertex 1.15969 -3.82298 14.82
      vertex 1.06691 -3.51714 22.04
    endloop
  endfacet
  facet normal 0 0 0
    outer loop
      vertex 0.71703 -3.60478 22.04
      vertex 2.57427 -12.94175 22.04
      vertex 3.81354 -12.57156 22.04
    endloop
  endfacet
  facet normal 0 0 0
    outer loop
      vertex 0.71703 -3.60478 22.04
      vertex 3.81354 -12.57156 22.04
      vertex 1.06691 -3.51714 22.04
    endloop
  endfacet
  facet normal 0 0 0
    outer loop
      vertex 0.77939 -3.91824 14.82
      vertex 3.97244 -13.09538 14.82
      vertex 2.68154 -13.48099 14.82
    endloop
  endfacet
  facet normal 0 0 0
    outer loop
      vertex 0.77939 -3.91824 14.82
      vertex 1.15969 -3.82298 14.82
      vertex 3.97244 -13.09538 14.82
    endloop
  endfacet
  facet normal 0 0 0
    outer loop
      vertex 3.97244 -13.09538 14.82
      vertex 3.81354 -12.57156 22.04
      vertex 5.15282 -12.44001 22.04
    endloop
  endfacet
  facet normal 0 0 0
    outer loop
      vertex 3.97244 -13.09538 14.82
      vertex 5.15282 -12.44001 22.04
      vertex 5.36752 -12.95834 14.82
    endloop
  endfacet
  facet normal 0 0 0
    outer loop
      vertex 1.15969 -3.82298 14.82
      vertex 1.40651 -3.39563 22.04
      vertex 1.06691 -3.51714 22.04
    endloop
  endfacet
  facet normal 0 0 0
    outer loop
      vertex 1.15969 -3.82298 14.82
      vertex 1.52882 -3.6909 14.82
      vertex 1.40651 -3.39563 22.04
    endloop
  endfacet
  facet normal 0 0 0
    outer loop
      vertex 1.06691 -3.51714 22.04
      vertex 3.81354 -12.57156 22.04
      vertex 5.15282 -12.44001 22.04
    endloop
  endfacet
  facet normal 0 0 0
    outer loop
      vertex 1.06691 -3.51714 22.04
      vertex 5.15282 -12.44001 22.04
      vertex 1.40651 -3.39563 22.04
    endloop
  endfacet
  facet normal 0 0 0
    outer loop
      vertex 1.15969 -3.82298 14.82
      vertex 5.36752 -12.95834 14.82
      vertex 3.97244 -13.09538 14.82
    endloop
  endfacet
  facet normal 0 0 0
    outer loop
      vertex 1.15969 -3.82298 14.82
      vertex 1.52882 -3.6909 14.82
      vertex 5.36752 -12.95834 14.82
    endloop
  endfacet
  facet normal 0 0 0
    outer loop
      vertex 5.36752 -12.95834 14.82
      vertex 5.15282 -12.44001 22.04
      vertex 6.35663 -11.89242 22.04
    endloop
  endfacet
  facet normal 0 0 0
    outer loop
      vertex 5.36752 -12.95834 14.82
      vertex 6.35663 -11.89242 22.04
      vertex 6.62149 -12.38793 14.82
    endloop
  endfacet
  facet normal 0 0 0
    outer loop
      vertex 1.52882 -3.6909 14.82
      vertex 1.73257 -3.24141 22.04
      vertex 1.40651 -3.39563 22.04
    endloop
  endfacet
  facet normal 0 0 0
    outer loop
      vertex 1.52882 -3.6909 14.82
      vertex 1.88323 -3.52328 14.82
      vertex 1.73257 -3.24141 22.04
    endloop
  endfacet
  facet normal 0 0 0
    outer loop
      vertex 1.40651 -3.39563 22.04
      vertex 5.15282 -12.44001 22.04
      vertex 6.35663 -11.89242 22.04
    endloop
  endfacet
  facet normal 0 0 0
    outer loop
      vertex 1.40651 -3.39563 22.04
      vertex 6.35663 -11.89242 22.04
      vertex 1.73257 -3.24141 22.04
    endloop
  endfacet
  facet normal 0 0 0
    outer loop
      vertex 1.52882 -3.6909 14.82
      vertex 6.62149 -12.38793 14.82
      vertex 5.36752 -12.95834 14.82
    endloop
  endfacet
  facet normal 0 0 0
    outer loop
      vertex 1.52882 -3.6909 14.82
      vertex 1.88323 -3.52328 14.82
      vertex 6.62149 -12.38793 14.82
    endloop
  endfacet
  facet normal 0 0 0
    outer loop
      vertex 6.62149 -12.38793 14.82
      vertex 6.35663 -11.89242 22.04
      vertex 7.52789 -11.26629 22.04
    endloop
  endfacet
  facet normal 0 0 0
    outer loop
      vertex 6.62149 -12.38793 14.82
      vertex 7.52789 -11.26629 22.04
      vertex 7.84155 -11.73572 14.82
    endloop
  endfacet
  facet normal 0 0 0
    outer loop
      vertex 1.88323 -3.52328 14.82
      vertex 2.04194 -3.05598 22.04
      vertex 1.73257 -3.24141 22.04
    endloop
  endfacet
  facet normal 0 0 0
    outer loop
      vertex 1.88323 -3.52328 14.82
      vertex 2.2195 -3.32172 14.82
      vertex 2.04194 -3.05598 22.04
    endloop
  endfacet
  facet normal 0 0 0
    outer loop
      vertex 1.73257 -3.24141 22.04
      vertex 6.35663 -11.89242 22.04
      vertex 7.52789 -11.26629 22.04
    endloop
  endfacet
  facet normal 0 0 0
    outer loop
      vertex 1.73257 -3.24141 22.04
      vertex 7.52789 -11.26629 22.04
      vertex 2.04194 -3.05598 22.04
    endloop
  endfacet
  facet normal 0 0 0
    outer loop
      vertex 1.88323 -3.52328 14.82
      vertex 7.84155 -11.73572 14.82
      vertex 6.62149 -12.38793 14.82
    endloop
  endfacet
  facet normal 0 0 0
    outer loop
      vertex 1.88323 -3.52328 14.82
      vertex 2.2195 -3.32172 14.82
      vertex 7.84155 -11.73572 14.82
    endloop
  endfacet
  facet normal 0 0 0
    outer loop
      vertex 7.84155 -11.73572 14.82
      vertex 7.52789 -11.26629 22.04
      vertex 8.61508 -10.49751 22.04
    endloop
  endfacet
  facet normal 0 0 0
    outer loop
      vertex 7.84155 -11.73572 14.82
      vertex 8.61508 -10.49751 22.04
      vertex 8.97404 -10.9349 14.82
    endloop
  endfacet
  facet normal 0 0 0
    outer loop
      vertex 2.2195 -3.32172 14.82
      vertex 2.33165 -2.84112 22.04
      vertex 2.04194 -3.05598 22.04
    endloop
  endfacet
  facet normal 0 0 0
    outer loop
      vertex 2.2195 -3.32172 14.82
      vertex 2.5344 -3.08818 14.82
      vertex 2.33165 -2.84112 22.04
    endloop
  endfacet
  facet normal 0 0 0
    outer loop
      vertex 2.04194 -3.05598 22.04
      vertex 7.52789 -11.26629 22.04
      vertex 8.61508 -10.49751 22.04
    endloop
  endfacet
  facet normal 0 0 0
    outer loop
      vertex 2.04194 -3.05598 22.04
      vertex 8.61508 -10.49751 22.04
      vertex 2.33165 -2.84112 22.04
    endloop
  endfacet
  facet normal 0 0 0
    outer loop
      vertex 2.2195 -3.32172 14.82
      vertex 8.97404 -10.9349 14.82
      vertex 7.84155 -11.73572 14.82
    endloop
  endfacet
  facet normal 0 0 0
    outer loop
      vertex 2.2195 -3.32172 14.82
      vertex 2.5344 -3.08818 14.82
      vertex 8.97404 -10.9349 14.82
    endloop
  endfacet
  facet normal 0 0 0
    outer loop
      vertex 8.97404 -10.9349 14.82
      vertex 8.61508 -10.49751 22.04
      vertex 9.30562 -9.30562 22.04
    endloop
  endfacet
  facet normal 0 0 0
    outer loop
      vertex 8.97404 -10.9349 14.82
      vertex 9.30562 -9.30562 22.04
      vertex 9.69335 -9.69335 14.82
    endloop
  endfacet
  facet normal 0 0 0
    outer loop
      vertex 2.5344 -3.08818 14.82
      vertex 2.5989 -2.5989 22.04
      vertex 2.33165 -2.84112 22.04
    endloop
  endfacet
  facet normal 0 0 0
    outer loop
      vertex 2.5344 -3.08818 14.82
      vertex 2.82489 -2.82489 14.82
      vertex 2.5989 -2.5989 22.04
    endloop
  endfacet
  facet normal 0 0 0
    outer loop
      vertex 2.33165 -2.84112 22.04
      vertex 8.61508 -10.49751 22.04
      vertex 9.30562 -9.30562 22.04
    endloop
  endfacet
  facet normal 0 0 0
    outer loop
      vertex 2.33165 -2.84112 22.04
      vertex 9.30562 -9.30562 22.04
      vertex 2.5989 -2.5989 22.04
    endloop
  endfacet
  facet normal 0 0 0
    outer loop
      vertex 2.5344 -3.08818 14.82
      vertex 9.69335 -9.69335 14.82
      vertex 8.97404 -10.9349 14.82
    endloop
  endfacet
  facet normal 0 0 0
    outer loop
      vertex 2.5344 -3.08818 14.82
      vertex 2.82489 -2.82489 14.82
      vertex 9.69335 -9.69335 14.82
    endloop
  endfacet
  facet normal 0 0 0
    outer loop
      vertex 9.69335 -9.69335 14.82
      vertex 9.30562 -9.30562 22.04
      vertex 10.12469 -8.30912 22.04
    endloop
  endfacet
  facet normal 0 0 0
    outer loop
      vertex 9.69335 -9.69335 14.82
      vertex 10.12469 -8.30912 22.04
      vertex 10.54656 -8.65533 14.82
    endloop
  endfacet
  facet normal 0 0 0
    outer loop
      vertex 2.82489 -2.82489 14.82
      vertex 2.84112 -2.33165 22.04
      vertex 2.5989 -2.5989 22.04
    endloop
  endfacet
  facet normal 0 0 0
    outer loop
      vertex 2.82489 -2.82489 14.82
      vertex 3.08818 -2.5344 14.82
      vertex 2.84112 -2.33165 22.04
    endloop
  endfacet
  facet normal 0 0 0
    outer loop
      vertex 2.5989 -2.5989 22.04
      vertex 9.30562 -9.30562 22.04
      vertex 10.12469 -8.30912 22.04
    endloop
  endfacet
  facet normal 0 0 0
    outer loop
      vertex 2.5989 -2.5989 22.04
      vertex 10.12469 -8.30912 22.04
      vertex 2.84112 -2.33165 22.04
    endloop
  endfacet
  facet normal 0 0 0
    outer loop
      vertex 2.82489 -2.82489 14.82
      vertex 10.54656 -8.65533 14.82
      vertex 9.69335 -9.69335 14.82
    endloop
  endfacet
  facet normal 0 0 0
    outer loop
      vertex 2.82489 -2.82489 14.82
      vertex 3.08818 -2.5344 14.82
      vertex 10.54656 -8.65533 14.82
    endloop
  endfacet
  facet normal 0 0 0
    outer loop
      vertex 10.54656 -8.65533 14.82
      vertex 10.12469 -8.30912 22.04
      vertex 10.88566 -7.27356 22.04
    endloop
  endfacet
  facet normal 0 0 0
    outer loop
      vertex 10.54656 -8.65533 14.82
      vertex 10.88566 -7.27356 22.04
      vertex 11.33923 -7.57663 14.82
    endloop
  endfacet
  facet normal 0 0 0
    outer loop
      vertex 3.08818 -2.5344 14.82
      vertex 3.05598 -2.04194 22.04
      vertex 2.84112 -2.33165 22.04
    endloop
  endfacet
  facet normal 0 0 0
    outer loop
      vertex 3.08818 -2.5344 14.82
      vertex 3.32172 -2.2195 14.82
      vertex 3.05598 -2.04194 22.04
    endloop
  endfacet
  facet normal 0 0 0
    outer loop
      vertex 2.84112 -2.33165 22.04
      vertex 10.12469 -8.30912 22.04
      vertex 10.88566 -7.27356 22.04
    endloop
  endfacet
  facet normal 0 0 0
    outer loop
      vertex 2.84112 -2.33165 22.04
      vertex 10.88566 -7.27356 22.04
      vertex 3.05598 -2.04194 22.04
    endloop
  endfacet
  facet normal 0 0 0
    outer loop
      vertex 3.08818 -2.5344 14.82
      vertex 11.33923 -7.57663 14.82
      vertex 10.54656 -8.65533 14.82
    endloop
  endfacet
  facet normal 0 0 0
    outer loop
      vertex 3.08818 -2.5344 14.82
      vertex 3.32172 -2.2195 14.82
      vertex 11.33923 -7.57663 14.82
    endloop
  endfacet
  facet normal 0 0 0
    outer loop
      vertex 11.33923 -7.57663 14.82
      vertex 10.88566 -7.27356 22.04
      vertex 11.59737 -6.19892 22.04
    endloop
  endfacet
  facet normal 0 0 0
    outer loop
      vertex 11.33923 -7.57663 14.82
      vertex 11.59737 -6.19892 22.04
      vertex 12.08059 -6.45721 14.82
    endloop
  endfacet
  facet normal 0 0 0
    outer loop
      vertex 3.32172 -2.2195 14.82
      vertex 3.24141 -1.73257 22.04
      vertex 3.05598 -2.04194 22.04
    endloop
  endfacet
  facet normal 0 0 0
    outer loop
      vertex 3.32172 -2.2195 14.82
      vertex 3.52328 -1.88323 14.82
      vertex 3.24141 -1.73257 22.04
    endloop
  endfacet
  facet normal 0 0 0
    outer loop
      vertex 3.05598 -2.04194 22.04
      vertex 10.88566 -7.27356 22.04
      vertex 11.59737 -6.19892 22.04
    endloop
  endfacet
  facet normal 0 0 0
    outer loop
      vertex 3.05598 -2.04194 22.04
      vertex 11.59737 -6.19892 22.04
      vertex 3.24141 -1.73257 22.04
    endloop
  endfacet
  facet normal 0 0 0
    outer loop
      vertex 3.32172 -2.2195 14.82
      vertex 12.08059 -6.45721 14.82
      vertex 11.33923 -7.57663 14.82
    endloop
  endfacet
  facet normal 0 0 0
    outer loop
      vertex 3.32172 -2.2195 14.82
      vertex 3.52328 -1.88323 14.82
      vertex 12.08059 -6.45721 14.82
    endloop
  endfacet
  facet normal 0 0 0
    outer loop
      vertex 12.08059 -6.45721 14.82
      vertex 11.59737 -6.19892 22.04
      vertex 12.19541 -5.0515 22.04
    endloop
  endfacet
  facet normal 0 0 0
    outer loop
      vertex 12.08059 -6.45721 14.82
      vertex 12.19541 -5.0515 22.04
      vertex 12.70355 -5.26198 14.82
    endloop
  endfacet
  facet normal 0 0 0
    outer loop
      vertex 3.52328 -1.88323 14.82
      vertex 3.39563 -1.40651 22.04
      vertex 3.24141 -1.73257 22.04
    endloop
  endfacet
  facet normal 0 0 0
    outer loop
      vertex 3.52328 -1.88323 14.82
      vertex 3.6909 -1.52882 14.82
      vertex 3.39563 -1.40651 22.04
    endloop
  endfacet
  facet normal 0 0 0
    outer loop
      vertex 3.24141 -1.73257 22.04
      vertex 11.59737 -6.19892 22.04
      vertex 12.19541 -5.0515 22.04
    endloop
  endfacet
  facet normal 0 0 0
    outer loop
      vertex 3.24141 -1.73257 22.04
      vertex 12.19541 -5.0515 22.04
      vertex 3.39563 -1.40651 22.04
    endloop
  endfacet
  facet normal 0 0 0
    outer loop
      vertex 3.52328 -1.88323 14.82
      vertex 12.70355 -5.26198 14.82
      vertex 12.08059 -6.45721 14.82
    endloop
  endfacet
  facet normal 0 0 0
    outer loop
      vertex 3.52328 -1.88323 14.82
      vertex 3.6909 -1.52882 14.82
      vertex 12.70355 -5.26198 14.82
    endloop
  endfacet
  facet normal 0 0 0
    outer loop
      vertex 12.70355 -5.26198 14.82
      vertex 12.19541 -5.0515 22.04
      vertex 12.61297 -3.8261 22.04
    endloop
  endfacet
  facet normal 0 0 0
    outer loop
      vertex 12.70355 -5.26198 14.82
      vertex 12.61297 -3.8261 22.04
      vertex 13.13851 -3.98552 14.82
    endloop
  endfacet
  facet normal 0 0 0
    outer loop
      vertex 3.6909 -1.52882 14.82
      vertex 3.51714 -1.06691 22.04
      vertex 3.39563 -1.40651 22.04
    endloop
  endfacet
  facet normal 0 0 0
    outer loop
      vertex 3.6909 -1.52882 14.82
      vertex 3.82298 -1.15969 14.82
      vertex 3.51714 -1.06691 22.04
    endloop
  endfacet
  facet normal 0 0 0
    outer loop
      vertex 3.39563 -1.40651 22.04
      vertex 12.19541 -5.0515 22.04
      vertex 12.61297 -3.8261 22.04
    endloop
  endfacet
  facet normal 0 0 0
    outer loop
      vertex 3.39563 -1.40651 22.04
      vertex 12.61297 -3.8261 22.04
      vertex 3.51714 -1.06691 22.04
    endloop
  endfacet
  facet normal 0 0 0
    outer loop
      vertex 3.6909 -1.52882 14.82
      vertex 13.13851 -3.98552 14.82
      vertex 12.70355 -5.26198 14.82
    endloop
  endfacet
  facet normal 0 0 0
    outer loop
      vertex 3.6909 -1.52882 14.82
      vertex 3.82298 -1.15969 14.82
      vertex 13.13851 -3.98552 14.82
    endloop
  endfacet
  facet normal 0 0 0
    outer loop
      vertex 13.13851 -3.98552 14.82
      vertex 12.61297 -3.8261 22.04
      vertex 12.86333 -2.55868 22.04
    endloop
  endfacet
  facet normal 0 0 0
    outer loop
      vertex 13.13851 -3.98552 14.82
      vertex 12.86333 -2.55868 22.04
      vertex 13.3993 -2.66529 14.82
    endloop
  endfacet
  facet normal 0 0 0
    outer loop
      vertex 3.82298 -1.15969 14.82
      vertex 3.60478 -0.71703 22.04
      vertex 3.51714 -1.06691 22.04
    endloop
  endfacet
  facet normal 0 0 0
    outer loop
      vertex 3.82298 -1.15969 14.82
      vertex 3.91824 -0.77939 14.82
      vertex 3.60478 -0.71703 22.04
    endloop
  endfacet
  facet normal 0 0 0
    outer loop
      vertex 3.51714 -1.06691 22.04
      vertex 12.61297 -3.8261 22.04
      vertex 12.86333 -2.55868 22.04
    endloop
  endfacet
  facet normal 0 0 0
    outer loop
      vertex 3.51714 -1.06691 22.04
      vertex 12.86333 -2.55868 22.04
      vertex 3.60478 -0.71703 22.04
    endloop
  endfacet
  facet normal 0 0 0
    outer loop
      vertex 3.82298 -1.15969 14.82
      vertex 13.3993 -2.66529 14.82
      vertex 13.13851 -3.98552 14.82
    endloop
  endfacet
  facet normal 0 0 0
    outer loop
      vertex 3.82298 -1.15969 14.82
      vertex 3.91824 -0.77939 14.82
      vertex 13.3993 -2.66529 14.82
    endloop
  endfacet
  facet normal 0 0 0
    outer loop
      vertex 13.3993 -2.66529 14.82
      vertex 12.86333 -2.55868 22.04
      vertex 13.39815 -1.3196 22.04
    endloop
  endfacet
  facet normal 0 0 0
    outer loop
      vertex 13.3993 -2.66529 14.82
      vertex 13.39815 -1.3196 22.04
      vertex 13.9564 -1.37459 14.82
    endloop
  endfacet
  facet normal 0 0 0
    outer loop
      vertex 3.91824 -0.77939 14.82
      vertex 3.6577 -0.36025 22.04
      vertex 3.60478 -0.71703 22.04
    endloop
  endfacet
  facet normal 0 0 0
    outer loop
      vertex 3.91824 -0.77939 14.82
      vertex 3.97576 -0.39158 14.82
      vertex 3.6577 -0.36025 22.04
    endloop
  endfacet
  facet normal 0 0 0
    outer loop
      vertex 3.60478 -0.71703 22.04
      vertex 12.86333 -2.55868 22.04
      vertex 13.39815 -1.3196 22.04
    endloop
  endfacet
  facet normal 0 0 0
    outer loop
      vertex 3.60478 -0.71703 22.04
      vertex 13.39815 -1.3196 22.04
      vertex 3.6577 -0.36025 22.04
    endloop
  endfacet
  facet normal 0 0 0
    outer loop
      vertex 3.91824 -0.77939 14.82
      vertex 13.9564 -1.37459 14.82
      vertex 13.3993 -2.66529 14.82
    endloop
  endfacet
  facet normal 0 0 0
    outer loop
      vertex 3.91824 -0.77939 14.82
      vertex 3.97576 -0.39158 14.82
      vertex 13.9564 -1.37459 14.82
    endloop
  endfacet
  facet normal 0 0 0
    outer loop
      vertex 13.9564 -1.37459 14.82
      vertex 13.39815 -1.3196 22.04
      vertex 13.50505 0 22.04
    endloop
  endfacet
  facet normal 0 0 0
    outer loop
      vertex 13.9564 -1.37459 14.82
      vertex 13.50505 0 22.04
      vertex 14.06776 0 14.82
    endloop
  endfacet
  facet normal 0 0 0
    outer loop
      vertex 3.97576 -0.39158 14.82
      vertex 3.6754 0 22.04
      vertex 3.6577 -0.36025 22.04
    endloop
  endfacet
  facet normal 0 0 0
    outer loop
      vertex 3.97576 -0.39158 14.82
      vertex 3.995 0 14.82
      vertex 3.6754 0 22.04
    endloop
  endfacet
  facet normal 0 0 0
    outer loop
      vertex 3.6577 -0.36025 22.04
      vertex 13.39815 -1.3196 22.04
      vertex 13.50505 0 22.04
    endloop
  endfacet
  facet normal 0 0 0
    outer loop
      vertex 3.6577 -0.36025 22.04
      vertex 13.50505 0 22.04
      vertex 3.6754 0 22.04
    endloop
  endfacet
  facet normal 0 0 0
    outer loop
      vertex 3.97576 -0.39158 14.82
      vertex 14.06776 0 14.82
      vertex 13.9564 -1.37459 14.82
    endloop
  endfacet
  facet normal 0 0 0
    outer loop
      vertex 3.97576 -0.39158 14.82
      vertex 3.995 0 14.82
      vertex 14.06776 0 14.82
    endloop
  endfacet
  facet normal 0 0 0
    outer loop
      vertex 23.53234 0 20.52
      vertex 22.59105 0 31.54
      vertex 22.83296 2.24885 31.54
    endloop
  endfacet
  facet normal 0 0 0
    outer loop
      vertex 23.53234 0 20.52
      vertex 22.83296 2.24885 31.54
      vertex 23.78433 2.34255 20.52
    endloop
  endfacet
  facet normal 0 0 0
    outer loop
      vertex 7.99 0 20.52
      vertex 7.3154 0.7205 31.54
      vertex 7.3508 0 31.54
    endloop
  endfacet
  facet normal 0 0 0
    outer loop
      vertex 7.99 0 20.52
      vertex 7.95153 0.78316 20.52
      vertex 7.3154 0.7205 31.54
    endloop
  endfacet
  facet normal 0 0 0
    outer loop
      vertex 7.3508 0 31.54
      vertex 22.59105 0 31.54
      vertex 22.83296 2.24885 31.54
    endloop
  endfacet
  facet normal 0 0 0
    outer loop
      vertex 7.3508 0 31.54
      vertex 22.83296 2.24885 31.54
      vertex 7.3154 0.7205 31.54
    endloop
  endfacet
  facet normal 0 0 0
    outer loop
      vertex 7.99 0 20.52
      vertex 23.78433 2.34255 20.52
      vertex 23.53234 0 20.52
    endloop
  endfacet
  facet normal 0 0 0
    outer loop
      vertex 7.99 0 20.52
      vertex 7.95153 0.78316 20.52
      vertex 23.78433 2.34255 20.52
    endloop
  endfacet
  facet normal 0 0 0
    outer loop
      vertex 23.78433 2.34255 20.52
      vertex 22.83296 2.24885 31.54
      vertex 20.74723 4.12688 31.54
    endloop
  endfacet
  facet normal 0 0 0
    outer loop
      vertex 23.78433 2.34255 20.52
      vertex 20.74723 4.12688 31.54
      vertex 21.6117 4.29883 20.52
    endloop
  endfacet
  facet normal 0 0 0
    outer loop
      vertex 7.95153 0.78316 20.52
      vertex 7.20956 1.43407 31.54
      vertex 7.3154 0.7205 31.54
    endloop
  endfacet
  facet normal 0 0 0
    outer loop
      vertex 7.95153 0.78316 20.52
      vertex 7.83647 1.55877 20.52
      vertex 7.20956 1.43407 31.54
    endloop
  endfacet
  facet normal 0 0 0
    outer loop
      vertex 7.3154 0.7205 31.54
      vertex 22.83296 2.24885 31.54
      vertex 20.74723 4.12688 31.54
    endloop
  endfacet
  facet normal 0 0 0
    outer loop
      vertex 7.3154 0.7205 31.54
      vertex 20.74723 4.12688 31.54
      vertex 7.20956 1.43407 31.54
    endloop
  endfacet
  facet normal 0 0 0
    outer loop
      vertex 7.95153 0.78316 20.52
      vertex 21.6117 4.29883 20.52
      vertex 23.78433 2.34255 20.52
    endloop
  endfacet
  facet normal 0 0 0
    outer loop
      vertex 7.95153 0.78316 20.52
      vertex 7.83647 1.55877 20.52
      vertex 21.6117 4.29883 20.52
    endloop
  endfacet
  facet normal 0 0 0
    outer loop
      vertex 21.6117 4.29883 20.52
      vertex 20.74723 4.12688 31.54
      vertex 19.92908 6.04542 31.54
    endloop
  endfacet
  facet normal 0 0 0
    outer loop
      vertex 21.6117 4.29883 20.52
      vertex 19.92908 6.04542 31.54
      vertex 20.75946 6.29731 20.52
    endloop
  endfacet
  facet normal 0 0 0
    outer loop
      vertex 7.83647 1.55877 20.52
      vertex 7.03428 2.13382 31.54
      vertex 7.20956 1.43407 31.54
    endloop
  endfacet
  facet normal 0 0 0
    outer loop
      vertex 7.83647 1.55877 20.52
      vertex 7.64595 2.31937 20.52
      vertex 7.03428 2.13382 31.54
    endloop
  endfacet
  facet normal 0 0 0
    outer loop
      vertex 7.20956 1.43407 31.54
      vertex 20.74723 4.12688 31.54
      vertex 19.92908 6.04542 31.54
    endloop
  endfacet
  facet normal 0 0 0
    outer loop
      vertex 7.20956 1.43407 31.54
      vertex 19.92908 6.04542 31.54
      vertex 7.03428 2.13382 31.54
    endloop
  endfacet
  facet normal 0 0 0
    outer loop
      vertex 7.83647 1.55877 20.52
      vertex 20.75946 6.29731 20.52
      vertex 21.6117 4.29883 20.52
    endloop
  endfacet
  facet normal 0 0 0
    outer loop
      vertex 7.83647 1.55877 20.52
      vertex 7.64595 2.31937 20.52
      vertex 20.75946 6.29731 20.52
    endloop
  endfacet
  facet normal 0 0 0
    outer loop
      vertex 20.75946 6.29731 20.52
      vertex 19.92908 6.04542 31.54
      vertex 18.97912 7.86141 31.54
    endloop
  endfacet
  facet normal 0 0 0
    outer loop
      vertex 20.75946 6.29731 20.52
      vertex 18.97912 7.86141 31.54
      vertex 19.76991 8.18897 20.52
    endloop
  endfacet
  facet normal 0 0 0
    outer loop
      vertex 7.64595 2.31937 20.52
      vertex 6.79125 2.81303 31.54
      vertex 7.03428 2.13382 31.54
    endloop
  endfacet
  facet normal 0 0 0
    outer loop
      vertex 7.64595 2.31937 20.52
      vertex 7.3818 3.05764 20.52
      vertex 6.79125 2.81303 31.54
    endloop
  endfacet
  facet normal 0 0 0
    outer loop
      vertex 7.03428 2.13382 31.54
      vertex 19.92908 6.04542 31.54
      vertex 18.97912 7.86141 31.54
    endloop
  endfacet
  facet normal 0 0 0
    outer loop
      vertex 7.03428 2.13382 31.54
      vertex 18.97912 7.86141 31.54
      vertex 6.79125 2.81303 31.54
    endloop
  endfacet
  facet normal 0 0 0
    outer loop
      vertex 7.64595 2.31937 20.52
      vertex 19.76991 8.18897 20.52
      vertex 20.75946 6.29731 20.52
    endloop
  endfacet
  facet normal 0 0 0
    outer loop
      vertex 7.64595 2.31937 20.52
      vertex 7.3818 3.05764 20.52
      vertex 19.76991 8.18897 20.52
    endloop
  endfacet
  facet normal 0 0 0
    outer loop
      vertex 19.76991 8.18897 20.52
      vertex 18.97912 7.86141 31.54
      vertex 18.21531 9.73629 31.54
    endloop
  endfacet
  facet normal 0 0 0
    outer loop
      vertex 19.76991 8.18897 20.52
      vertex 18.21531 9.73629 31.54
      vertex 18.97428 10.14196 20.52
    endloop
  endfacet
  facet normal 0 0 0
    outer loop
      vertex 7.3818 3.05764 20.52
      vertex 6.48283 3.46514 31.54
      vertex 6.79125 2.81303 31.54
    endloop
  endfacet
  facet normal 0 0 0
    outer loop
      vertex 7.3818 3.05764 20.52
      vertex 7.04655 3.76646 20.52
      vertex 6.48283 3.46514 31.54
    endloop
  endfacet
  facet normal 0 0 0
    outer loop
      vertex 6.79125 2.81303 31.54
      vertex 18.97912 7.86141 31.54
      vertex 18.21531 9.73629 31.54
    endloop
  endfacet
  facet normal 0 0 0
    outer loop
      vertex 6.79125 2.81303 31.54
      vertex 18.21531 9.73629 31.54
      vertex 6.48283 3.46514 31.54
    endloop
  endfacet
  facet normal 0 0 0
    outer loop
      vertex 7.3818 3.05764 20.52
      vertex 18.97428 10.14196 20.52
      vertex 19.76991 8.18897 20.52
    endloop
  endfacet
  facet normal 0 0 0
    outer loop
      vertex 7.3818 3.05764 20.52
      vertex 7.04655 3.76646 20.52
      vertex 18.97428 10.14196 20.52
    endloop
  endfacet
  facet normal 0 0 0
    outer loop
      vertex 18.97428 10.14196 20.52
      vertex 18.21531 9.73629 31.54
      vertex 17.47938 11.67935 31.54
    endloop
  endfacet
  facet normal 0 0 0
    outer loop
      vertex 18.97428 10.14196 20.52
      vertex 17.47938 11.67935 31.54
      vertex 18.20769 12.16599 20.52
    endloop
  endfacet
  facet normal 0 0 0
    outer loop
      vertex 7.04655 3.76646 20.52
      vertex 6.11197 4.08389 31.54
      vertex 6.48283 3.46514 31.54
    endloop
  endfacet
  facet normal 0 0 0
    outer loop
      vertex 7.04655 3.76646 20.52
      vertex 6.64344 4.43901 20.52
      vertex 6.11197 4.08389 31.54
    endloop
  endfacet
  facet normal 0 0 0
    outer loop
      vertex 6.48283 3.46514 31.54
      vertex 18.21531 9.73629 31.54
      vertex 17.47938 11.67935 31.54
    endloop
  endfacet
  facet normal 0 0 0
    outer loop
      vertex 6.48283 3.46514 31.54
      vertex 17.47938 11.67935 31.54
      vertex 6.11197 4.08389 31.54
    endloop
  endfacet
  facet normal 0 0 0
    outer loop
      vertex 7.04655 3.76646 20.52
      vertex 18.20769 12.16599 20.52
      vertex 18.97428 10.14196 20.52
    endloop
  endfacet
  facet normal 0 0 0
    outer loop
      vertex 7.04655 3.76646 20.52
      vertex 6.64344 4.43901 20.52
      vertex 18.20769 12.16599 20.52
    endloop
  endfacet
  facet normal 0 0 0
    outer loop
      vertex 18.20769 12.16599 20.52
      vertex 17.47938 11.67935 31.54
      vertex 16.38223 13.44455 31.54
    endloop
  endfacet
  facet normal 0 0 0
    outer loop
      vertex 18.20769 12.16599 20.52
      vertex 16.38223 13.44455 31.54
      vertex 17.06482 14.00474 20.52
    endloop
  endfacet
  facet normal 0 0 0
    outer loop
      vertex 6.64344 4.43901 20.52
      vertex 5.68225 4.6633 31.54
      vertex 6.11197 4.08389 31.54
    endloop
  endfacet
  facet normal 0 0 0
    outer loop
      vertex 6.64344 4.43901 20.52
      vertex 6.17635 5.0688 20.52
      vertex 5.68225 4.6633 31.54
    endloop
  endfacet
  facet normal 0 0 0
    outer loop
      vertex 6.11197 4.08389 31.54
      vertex 17.47938 11.67935 31.54
      vertex 16.38223 13.44455 31.54
    endloop
  endfacet
  facet normal 0 0 0
    outer loop
      vertex 6.11197 4.08389 31.54
      vertex 16.38223 13.44455 31.54
      vertex 5.68225 4.6633 31.54
    endloop
  endfacet
  facet normal 0 0 0
    outer loop
      vertex 6.64344 4.43901 20.52
      vertex 17.06482 14.00474 20.52
      vertex 18.20769 12.16599 20.52
    endloop
  endfacet
  facet normal 0 0 0
    outer loop
      vertex 6.64344 4.43901 20.52
      vertex 6.17635 5.0688 20.52
      vertex 17.06482 14.00474 20.52
    endloop
  endfacet
  facet normal 0 0 0
    outer loop
      vertex 17.06482 14.00474 20.52
      vertex 16.38223 13.44455 31.54
      vertex 14.8175 14.8175 31.54
    endloop
  endfacet
  facet normal 0 0 0
    outer loop
      vertex 17.06482 14.00474 20.52
      vertex 14.8175 14.8175 31.54
      vertex 15.43489 15.43489 20.52
    endloop
  endfacet
  facet normal 0 0 0
    outer loop
      vertex 6.17635 5.0688 20.52
      vertex 5.1978 5.1978 31.54
      vertex 5.68225 4.6633 31.54
    endloop
  endfacet
  facet normal 0 0 0
    outer loop
      vertex 6.17635 5.0688 20.52
      vertex 5.64978 5.64978 20.52
      vertex 5.1978 5.1978 31.54
    endloop
  endfacet
  facet normal 0 0 0
    outer loop
      vertex 5.68225 4.6633 31.54
      vertex 16.38223 13.44455 31.54
      vertex 14.8175 14.8175 31.54
    endloop
  endfacet
  facet normal 0 0 0
    outer loop
      vertex 5.68225 4.6633 31.54
      vertex 14.8175 14.8175 31.54
      vertex 5.1978 5.1978 31.54
    endloop
  endfacet
  facet normal 0 0 0
    outer loop
      vertex 6.17635 5.0688 20.52
      vertex 15.43489 15.43489 20.52
      vertex 17.06482 14.00474 20.52
    endloop
  endfacet
  facet normal 0 0 0
    outer loop
      vertex 6.17635 5.0688 20.52
      vertex 5.64978 5.64978 20.52
      vertex 15.43489 15.43489 20.52
    endloop
  endfacet
  facet normal 0 0 0
    outer loop
      vertex 15.43489 15.43489 20.52
      vertex 14.8175 14.8175 31.54
      vertex 14.22596 17.33438 31.54
    endloop
  endfacet
  facet normal 0 0 0
    outer loop
      vertex 15.43489 15.43489 20.52
      vertex 14.22596 17.33438 31.54
      vertex 14.81871 18.05665 20.52
    endloop
  endfacet
  facet normal 0 0 0
    outer loop
      vertex 5.64978 5.64978 20.52
      vertex 4.6633 5.68225 31.54
      vertex 5.1978 5.1978 31.54
    endloop
  endfacet
  facet normal 0 0 0
    outer loop
      vertex 5.64978 5.64978 20.52
      vertex 5.0688 6.17635 20.52
      vertex 4.6633 5.68225 31.54
    endloop
  endfacet
  facet normal 0 0 0
    outer loop
      vertex 5.1978 5.1978 31.54
      vertex 14.8175 14.8175 31.54
      vertex 14.22596 17.33438 31.54
    endloop
  endfacet
  facet normal 0 0 0
    outer loop
      vertex 5.1978 5.1978 31.54
      vertex 14.22596 17.33438 31.54
      vertex 4.6633 5.68225 31.54
    endloop
  endfacet
  facet normal 0 0 0
    outer loop
      vertex 5.64978 5.64978 20.52
      vertex 14.81871 18.05665 20.52
      vertex 15.43489 15.43489 20.52
    endloop
  endfacet
  facet normal 0 0 0
    outer loop
      vertex 5.64978 5.64978 20.52
      vertex 5.0688 6.17635 20.52
      vertex 14.81871 18.05665 20.52
    endloop
  endfacet
  facet normal 0 0 0
    outer loop
      vertex 14.81871 18.05665 20.52
      vertex 14.22596 17.33438 31.54
      vertex 12.44059 18.61865 31.54
    endloop
  endfacet
  facet normal 0 0 0
    outer loop
      vertex 14.81871 18.05665 20.52
      vertex 12.44059 18.61865 31.54
      vertex 12.95894 19.39443 20.52
    endloop
  endfacet
  facet normal 0 0 0
    outer loop
      vertex 5.0688 6.17635 20.52
      vertex 4.08389 6.11197 31.54
      vertex 4.6633 5.68225 31.54
    endloop
  endfacet
  facet normal 0 0 0
    outer loop
      vertex 5.0688 6.17635 20.52
      vertex 4.43901 6.64344 20.52
      vertex 4.08389 6.11197 31.54
    endloop
  endfacet
  facet normal 0 0 0
    outer loop
      vertex 4.6633 5.68225 31.54
      vertex 14.22596 17.33438 31.54
      vertex 12.44059 18.61865 31.54
    endloop
  endfacet
  facet normal 0 0 0
    outer loop
      vertex 4.6633 5.68225 31.54
      vertex 12.44059 18.61865 31.54
      vertex 4.08389 6.11197 31.54
    endloop
  endfacet
  facet normal 0 0 0
    outer loop
      vertex 5.0688 6.17635 20.52
      vertex 12.95894 19.39443 20.52
      vertex 14.81871 18.05665 20.52
    endloop
  endfacet
  facet normal 0 0 0
    outer loop
      vertex 5.0688 6.17635 20.52
      vertex 4.43901 6.64344 20.52
      vertex 12.95894 19.39443 20.52
    endloop
  endfacet
  facet normal 0 0 0
    outer loop
      vertex 12.95894 19.39443 20.52
      vertex 12.44059 18.61865 31.54
      vertex 10.71029 20.03754 31.54
    endloop
  endfacet
  facet normal 0 0 0
    outer loop
      vertex 12.95894 19.39443 20.52
      vertex 10.71029 20.03754 31.54
      vertex 11.15655 20.87244 20.52
    endloop
  endfacet
  facet normal 0 0 0
    outer loop
      vertex 4.43901 6.64344 20.52
      vertex 3.46514 6.48283 31.54
      vertex 4.08389 6.11197 31.54
    endloop
  endfacet
  facet normal 0 0 0
    outer loop
      vertex 4.43901 6.64344 20.52
      vertex 3.76646 7.04655 20.52
      vertex 3.46514 6.48283 31.54
    endloop
  endfacet
  facet normal 0 0 0
    outer loop
      vertex 4.08389 6.11197 31.54
      vertex 12.44059 18.61865 31.54
      vertex 10.71029 20.03754 31.54
    endloop
  endfacet
  facet normal 0 0 0
    outer loop
      vertex 4.08389 6.11197 31.54
      vertex 10.71029 20.03754 31.54
      vertex 3.46514 6.48283 31.54
    endloop
  endfacet
  facet normal 0 0 0
    outer loop
      vertex 4.43901 6.64344 20.52
      vertex 11.15655 20.87244 20.52
      vertex 12.95894 19.39443 20.52
    endloop
  endfacet
  facet normal 0 0 0
    outer loop
      vertex 4.43901 6.64344 20.52
      vertex 3.76646 7.04655 20.52
      vertex 11.15655 20.87244 20.52
    endloop
  endfacet
  facet normal 0 0 0
    outer loop
      vertex 11.15655 20.87244 20.52
      vertex 10.71029 20.03754 31.54
      vertex 8.80299 21.25229 31.54
    endloop
  endfacet
  facet normal 0 0 0
    outer loop
      vertex 11.15655 20.87244 20.52
      vertex 8.80299 21.25229 31.54
      vertex 9.16978 22.1378 20.52
    endloop
  endfacet
  facet normal 0 0 0
    outer loop
      vertex 3.76646 7.04655 20.52
      vertex 2.81303 6.79125 31.54
      vertex 3.46514 6.48283 31.54
    endloop
  endfacet
  facet normal 0 0 0
    outer loop
      vertex 3.76646 7.04655 20.52
      vertex 3.05764 7.3818 20.52
      vertex 2.81303 6.79125 31.54
    endloop
  endfacet
  facet normal 0 0 0
    outer loop
      vertex 3.46514 6.48283 31.54
      vertex 10.71029 20.03754 31.54
      vertex 8.80299 21.25229 31.54
    endloop
  endfacet
  facet normal 0 0 0
    outer loop
      vertex 3.46514 6.48283 31.54
      vertex 8.80299 21.25229 31.54
      vertex 2.81303 6.79125 31.54
    endloop
  endfacet
  facet normal 0 0 0
    outer loop
      vertex 3.76646 7.04655 20.52
      vertex 9.16978 22.1378 20.52
      vertex 11.15655 20.87244 20.52
    endloop
  endfacet
  facet normal 0 0 0
    outer loop
      vertex 3.76646 7.04655 20.52
      vertex 3.05764 7.3818 20.52
      vertex 9.16978 22.1378 20.52
    endloop
  endfacet
  facet normal 0 0 0
    outer loop
      vertex 9.16978 22.1378 20.52
      vertex 8.80299 21.25229 31.54
      vertex 6.11637 20.16296 31.54
    endloop
  endfacet
  facet normal 0 0 0
    outer loop
      vertex 9.16978 22.1378 20.52
      vertex 6.11637 20.16296 31.54
      vertex 6.37122 21.00308 20.52
    endloop
  endfacet
  facet normal 0 0 0
    outer loop
      vertex 3.05764 7.3818 20.52
      vertex 2.13382 7.03428 31.54
      vertex 2.81303 6.79125 31.54
    endloop
  endfacet
  facet normal 0 0 0
    outer loop
      vertex 3.05764 7.3818 20.52
      vertex 2.31937 7.64595 20.52
      vertex 2.13382 7.03428 31.54
    endloop
  endfacet
  facet normal 0 0 0
    outer loop
      vertex 2.81303 6.79125 31.54
      vertex 8.80299 21.25229 31.54
      vertex 6.11637 20.16296 31.54
    endloop
  endfacet
  facet normal 0 0 0
    outer loop
      vertex 2.81303 6.79125 31.54
      vertex 6.11637 20.16296 31.54
      vertex 2.13382 7.03428 31.54
    endloop
  endfacet
  facet normal 0 0 0
    outer loop
      vertex 3.05764 7.3818 20.52
      vertex 6.37122 21.00308 20.52
      vertex 9.16978 22.1378 20.52
    endloop
  endfacet
  facet normal 0 0 0
    outer loop
      vertex 3.05764 7.3818 20.52
      vertex 2.31937 7.64595 20.52
      vertex 6.37122 21.00308 20.52
    endloop
  endfacet
  facet normal 0 0 0
    outer loop
      vertex 6.37122 21.00308 20.52
      vertex 6.11637 20.16296 31.54
      vertex 4.03878 20.3043 31.54
    endloop
  endfacet
  facet normal 0 0 0
    outer loop
      vertex 6.37122 21.00308 20.52
      vertex 4.03878 20.3043 31.54
      vertex 4.20706 21.15031 20.52
    endloop
  endfacet
  facet normal 0 0 0
    outer loop
      vertex 2.31937 7.64595 20.52
      vertex 1.43407 7.20956 31.54
      vertex 2.13382 7.03428 31.54
    endloop
  endfacet
  facet normal 0 0 0
    outer loop
      vertex 2.31937 7.64595 20.52
      vertex 1.55877 7.83647 20.52
      vertex 1.43407 7.20956 31.54
    endloop
  endfacet
  facet normal 0 0 0
    outer loop
      vertex 2.13382 7.03428 31.54
      vertex 6.11637 20.16296 31.54
      vertex 4.03878 20.3043 31.54
    endloop
  endfacet
  facet normal 0 0 0
    outer loop
      vertex 2.13382 7.03428 31.54
      vertex 4.03878 20.3043 31.54
      vertex 1.43407 7.20956 31.54
    endloop
  endfacet
  facet normal 0 0 0
    outer loop
      vertex 2.31937 7.64595 20.52
      vertex 4.20706 21.15031 20.52
      vertex 6.37122 21.00308 20.52
    endloop
  endfacet
  facet normal 0 0 0
    outer loop
      vertex 2.31937 7.64595 20.52
      vertex 1.55877 7.83647 20.52
      vertex 4.20706 21.15031 20.52
    endloop
  endfacet
  facet normal 0 0 0
    outer loop
      vertex 4.20706 21.15031 20.52
      vertex 4.03878 20.3043 31.54
      vertex 2.01245 20.43273 31.54
    endloop
  endfacet
  facet normal 0 0 0
    outer loop
      vertex 4.20706 21.15031 20.52
      vertex 2.01245 20.43273 31.54
      vertex 2.0963 21.28409 20.52
    endloop
  endfacet
  facet normal 0 0 0
    outer loop
      vertex 1.55877 7.83647 20.52
      vertex 0.7205 7.3154 31.54
      vertex 1.43407 7.20956 31.54
    endloop
  endfacet
  facet normal 0 0 0
    outer loop
      vertex 1.55877 7.83647 20.52
      vertex 0.78316 7.95153 20.52
      vertex 0.7205 7.3154 31.54
    endloop
  endfacet
  facet normal 0 0 0
    outer loop
      vertex 1.43407 7.20956 31.54
      vertex 4.03878 20.3043 31.54
      vertex 2.01245 20.43273 31.54
    endloop
  endfacet
  facet normal 0 0 0
    outer loop
      vertex 1.43407 7.20956 31.54
      vertex 2.01245 20.43273 31.54
      vertex 0.7205 7.3154 31.54
    endloop
  endfacet
  facet normal 0 0 0
    outer loop
      vertex 1.55877 7.83647 20.52
      vertex 2.0963 21.28409 20.52
      vertex 4.20706 21.15031 20.52
    endloop
  endfacet
  facet normal 0 0 0
    outer loop
      vertex 1.55877 7.83647 20.52
      vertex 0.78316 7.95153 20.52
      vertex 2.0963 21.28409 20.52
    endloop
  endfacet
  facet normal 0 0 0
    outer loop
      vertex 2.0963 21.28409 20.52
      vertex 2.01245 20.43273 31.54
      vertex 0 20.76925 31.54
    endloop
  endfacet
  facet normal 0 0 0
    outer loop
      vertex 2.0963 21.28409 20.52
      vertex 0 20.76925 31.54
      vertex 0 21.63464 20.52
    endloop
  endfacet
  facet normal 0 0 0
    outer loop
      vertex 0.78316 7.95153 20.52
      vertex 0 7.3508 31.54
      vertex 0.7205 7.3154 31.54
    endloop
  endfacet
  facet normal 0 0 0
    outer loop
      vertex 0.78316 7.95153 20.52
      vertex 0 7.99 20.52
      vertex 0 7.3508 31.54
    endloop
  endfacet
  facet normal 0 0 0
    outer loop
      vertex 0.7205 7.3154 31.54
      vertex 2.01245 20.43273 31.54
      vertex 0 20.76925 31.54
    endloop
  endfacet
  facet normal 0 0 0
    outer loop
      vertex 0.7205 7.3154 31.54
      vertex 0 20.76925 31.54
      vertex 0 7.3508 31.54
    endloop
  endfacet
  facet normal 0 0 0
    outer loop
      vertex 0.78316 7.95153 20.52
      vertex 0 21.63464 20.52
      vertex 2.0963 21.28409 20.52
    endloop
  endfacet
  facet normal 0 0 0
    outer loop
      vertex 0.78316 7.95153 20.52
      vertex 0 7.99 20.52
      vertex 0 21.63464 20.52
    endloop
  endfacet
  facet normal 0 0 0
    outer loop
      vertex 0 21.63464 20.52
      vertex 0 20.76925 31.54
      vertex -2.07028 21.01994 31.54
    endloop
  endfacet
  facet normal 0 0 0
    outer loop
      vertex 0 21.63464 20.52
      vertex -2.07028 21.01994 31.54
      vertex -2.15654 21.89577 20.52
    endloop
  endfacet
  facet normal 0 0 0
    outer loop
      vertex 0 7.99 20.52
      vertex -0.7205 7.3154 31.54
      vertex 0 7.3508 31.54
    endloop
  endfacet
  facet normal 0 0 0
    outer loop
      vertex 0 7.99 20.52
      vertex -0.78316 7.95153 20.52
      vertex -0.7205 7.3154 31.54
    endloop
  endfacet
  facet normal 0 0 0
    outer loop
      vertex 0 7.3508 31.54
      vertex 0 20.76925 31.54
      vertex -2.07028 21.01994 31.54
    endloop
  endfacet
  facet normal 0 0 0
    outer loop
      vertex 0 7.3508 31.54
      vertex -2.07028 21.01994 31.54
      vertex -0.7205 7.3154 31.54
    endloop
  endfacet
  facet normal 0 0 0
    outer loop
      vertex 0 7.99 20.52
      vertex -2.15654 21.89577 20.52
      vertex 0 21.63464 20.52
    endloop
  endfacet
  facet normal 0 0 0
    outer loop
      vertex 0 7.99 20.52
      vertex -0.78316 7.95153 20.52
      vertex -2.15654 21.89577 20.52
    endloop
  endfacet
  facet normal 0 0 0
    outer loop
      vertex -2.15654 21.89577 20.52
      vertex -2.07028 21.01994 31.54
      vertex -4.12688 20.74723 31.54
    endloop
  endfacet
  facet normal 0 0 0
    outer loop
      vertex -2.15654 21.89577 20.52
      vertex -4.12688 20.74723 31.54
      vertex -4.29883 21.6117 20.52
    endloop
  endfacet
  facet normal 0 0 0
    outer loop
      vertex -0.78316 7.95153 20.52
      vertex -1.43407 7.20956 31.54
      vertex -0.7205 7.3154 31.54
    endloop
  endfacet
  facet normal 0 0 0
    outer loop
      vertex -0.78316 7.95153 20.52
      vertex -1.55877 7.83647 20.52
      vertex -1.43407 7.20956 31.54
    endloop
  endfacet
  facet normal 0 0 0
    outer loop
      vertex -0.7205 7.3154 31.54
      vertex -2.07028 21.01994 31.54
      vertex -4.12688 20.74723 31.54
    endloop
  endfacet
  facet normal 0 0 0
    outer loop
      vertex -0.7205 7.3154 31.54
      vertex -4.12688 20.74723 31.54
      vertex -1.43407 7.20956 31.54
    endloop
  endfacet
  facet normal 0 0 0
    outer loop
      vertex -0.78316 7.95153 20.52
      vertex -4.29883 21.6117 20.52
      vertex -2.15654 21.89577 20.52
    endloop
  endfacet
  facet normal 0 0 0
    outer loop
      vertex -0.78316 7.95153 20.52
      vertex -1.55877 7.83647 20.52
      vertex -4.29883 21.6117 20.52
    endloop
  endfacet
  facet normal 0 0 0
    outer loop
      vertex -4.29883 21.6117 20.52
      vertex -4.12688 20.74723 31.54
      vertex -6.04542 19.92908 31.54
    endloop
  endfacet
  facet normal 0 0 0
    outer loop
      vertex -4.29883 21.6117 20.52
      vertex -6.04542 19.92908 31.54
      vertex -6.29731 20.75946 20.52
    endloop
  endfacet
  facet normal 0 0 0
    outer loop
      vertex -1.55877 7.83647 20.52
      vertex -2.13382 7.03428 31.54
      vertex -1.43407 7.20956 31.54
    endloop
  endfacet
  facet normal 0 0 0
    outer loop
      vertex -1.55877 7.83647 20.52
      vertex -2.31937 7.64595 20.52
      vertex -2.13382 7.03428 31.54
    endloop
  endfacet
  facet normal 0 0 0
    outer loop
      vertex -1.43407 7.20956 31.54
      vertex -4.12688 20.74723 31.54
      vertex -6.04542 19.92908 31.54
    endloop
  endfacet
  facet normal 0 0 0
    outer loop
      vertex -1.43407 7.20956 31.54
      vertex -6.04542 19.92908 31.54
      vertex -2.13382 7.03428 31.54
    endloop
  endfacet
  facet normal 0 0 0
    outer loop
      vertex -1.55877 7.83647 20.52
      vertex -6.29731 20.75946 20.52
      vertex -4.29883 21.6117 20.52
    endloop
  endfacet
  facet normal 0 0 0
    outer loop
      vertex -1.55877 7.83647 20.52
      vertex -2.31937 7.64595 20.52
      vertex -6.29731 20.75946 20.52
    endloop
  endfacet
  facet normal 0 0 0
    outer loop
      vertex -6.29731 20.75946 20.52
      vertex -6.04542 19.92908 31.54
      vertex -8.55858 20.66224 31.54
    endloop
  endfacet
  facet normal 0 0 0
    outer loop
      vertex -6.29731 20.75946 20.52
      vertex -8.55858 20.66224 31.54
      vertex -8.91519 21.52316 20.52
    endloop
  endfacet
  facet normal 0 0 0
    outer loop
      vertex -2.31937 7.64595 20.52
      vertex -2.81303 6.79125 31.54
      vertex -2.13382 7.03428 31.54
    endloop
  endfacet
  facet normal 0 0 0
    outer loop
      vertex -2.31937 7.64595 20.52
      vertex -3.05764 7.3818 20.52
      vertex -2.81303 6.79125 31.54
    endloop
  endfacet
  facet normal 0 0 0
    outer loop
      vertex -2.13382 7.03428 31.54
      vertex -6.04542 19.92908 31.54
      vertex -8.55858 20.66224 31.54
    endloop
  endfacet
  facet normal 0 0 0
    outer loop
      vertex -2.13382 7.03428 31.54
      vertex -8.55858 20.66224 31.54
      vertex -2.81303 6.79125 31.54
    endloop
  endfacet
  facet normal 0 0 0
    outer loop
      vertex -2.31937 7.64595 20.52
      vertex -8.91519 21.52316 20.52
      vertex -6.29731 20.75946 20.52
    endloop
  endfacet
  facet normal 0 0 0
    outer loop
      vertex -2.31937 7.64595 20.52
      vertex -3.05764 7.3818 20.52
      vertex -8.91519 21.52316 20.52
    endloop
  endfacet
  facet normal 0 0 0
    outer loop
      vertex -8.91519 21.52316 20.52
      vertex -8.55858 20.66224 31.54
      vertex -10.59507 19.82199 31.54
    endloop
  endfacet
  facet normal 0 0 0
    outer loop
      vertex -8.91519 21.52316 20.52
      vertex -10.59507 19.82199 31.54
      vertex -11.03654 20.64791 20.52
    endloop
  endfacet
  facet normal 0 0 0
    outer loop
      vertex -3.05764 7.3818 20.52
      vertex -3.46514 6.48283 31.54
      vertex -2.81303 6.79125 31.54
    endloop
  endfacet
  facet normal 0 0 0
    outer loop
      vertex -3.05764 7.3818 20.52
      vertex -3.76646 7.04655 20.52
      vertex -3.46514 6.48283 31.54
    endloop
  endfacet
  facet normal 0 0 0
    outer loop
      vertex -2.81303 6.79125 31.54
      vertex -8.55858 20.66224 31.54
      vertex -10.59507 19.82199 31.54
    endloop
  endfacet
  facet normal 0 0 0
    outer loop
      vertex -2.81303 6.79125 31.54
      vertex -10.59507 19.82199 31.54
      vertex -3.46514 6.48283 31.54
    endloop
  endfacet
  facet normal 0 0 0
    outer loop
      vertex -3.05764 7.3818 20.52
      vertex -11.03654 20.64791 20.52
      vertex -8.91519 21.52316 20.52
    endloop
  endfacet
  facet normal 0 0 0
    outer loop
      vertex -3.05764 7.3818 20.52
      vertex -3.76646 7.04655 20.52
      vertex -11.03654 20.64791 20.52
    endloop
  endfacet
  facet normal 0 0 0
    outer loop
      vertex -11.03654 20.64791 20.52
      vertex -10.59507 19.82199 31.54
      vertex -12.69148 18.99415 31.54
    endloop
  endfacet
  facet normal 0 0 0
    outer loop
      vertex -11.03654 20.64791 20.52
      vertex -12.69148 18.99415 31.54
      vertex -13.2203 19.78557 20.52
    endloop
  endfacet
  facet normal 0 0 0
    outer loop
      vertex -3.76646 7.04655 20.52
      vertex -4.08389 6.11197 31.54
      vertex -3.46514 6.48283 31.54
    endloop
  endfacet
  facet normal 0 0 0
    outer loop
      vertex -3.76646 7.04655 20.52
      vertex -4.43901 6.64344 20.52
      vertex -4.08389 6.11197 31.54
    endloop
  endfacet
  facet normal 0 0 0
    outer loop
      vertex -3.46514 6.48283 31.54
      vertex -10.59507 19.82199 31.54
      vertex -12.69148 18.99415 31.54
    endloop
  endfacet
  facet normal 0 0 0
    outer loop
      vertex -3.46514 6.48283 31.54
      vertex -12.69148 18.99415 31.54
      vertex -4.08389 6.11197 31.54
    endloop
  endfacet
  facet normal 0 0 0
    outer loop
      vertex -3.76646 7.04655 20.52
      vertex -13.2203 19.78557 20.52
      vertex -11.03654 20.64791 20.52
    endloop
  endfacet
  facet normal 0 0 0
    outer loop
      vertex -3.76646 7.04655 20.52
      vertex -4.43901 6.64344 20.52
      vertex -13.2203 19.78557 20.52
    endloop
  endfacet
  facet normal 0 0 0
    outer loop
      vertex -13.2203 19.78557 20.52
      vertex -12.69148 18.99415 31.54
      vertex -14.60028 17.7905 31.54
    endloop
  endfacet
  facet normal 0 0 0
    outer loop
      vertex -13.2203 19.78557 20.52
      vertex -14.60028 17.7905 31.54
      vertex -15.20863 18.53177 20.52
    endloop
  endfacet
  facet normal 0 0 0
    outer loop
      vertex -4.43901 6.64344 20.52
      vertex -4.6633 5.68225 31.54
      vertex -4.08389 6.11197 31.54
    endloop
  endfacet
  facet normal 0 0 0
    outer loop
      vertex -4.43901 6.64344 20.52
      vertex -5.0688 6.17635 20.52
      vertex -4.6633 5.68225 31.54
    endloop
  endfacet
  facet normal 0 0 0
    outer loop
      vertex -4.08389 6.11197 31.54
      vertex -12.69148 18.99415 31.54
      vertex -14.60028 17.7905 31.54
    endloop
  endfacet
  facet normal 0 0 0
    outer loop
      vertex -4.08389 6.11197 31.54
      vertex -14.60028 17.7905 31.54
      vertex -4.6633 5.68225 31.54
    endloop
  endfacet
  facet normal 0 0 0
    outer loop
      vertex -4.43901 6.64344 20.52
      vertex -15.20863 18.53177 20.52
      vertex -13.2203 19.78557 20.52
    endloop
  endfacet
  facet normal 0 0 0
    outer loop
      vertex -4.43901 6.64344 20.52
      vertex -5.0688 6.17635 20.52
      vertex -15.20863 18.53177 20.52
    endloop
  endfacet
  facet normal 0 0 0
    outer loop
      vertex -15.20863 18.53177 20.52
      vertex -14.60028 17.7905 31.54
      vertex -14.8175 14.8175 31.54
    endloop
  endfacet
  facet normal 0 0 0
    outer loop
      vertex -15.20863 18.53177 20.52
      vertex -14.8175 14.8175 31.54
      vertex -15.43489 15.43489 20.52
    endloop
  endfacet
  facet normal 0 0 0
    outer loop
      vertex -5.0688 6.17635 20.52
      vertex -5.1978 5.1978 31.54
      vertex -4.6633 5.68225 31.54
    endloop
  endfacet
  facet normal 0 0 0
    outer loop
      vertex -5.0688 6.17635 20.52
      vertex -5.64978 5.64978 20.52
      vertex -5.1978 5.1978 31.54
    endloop
  endfacet
  facet normal 0 0 0
    outer loop
      vertex -4.6633 5.68225 31.54
      vertex -14.60028 17.7905 31.54
      vertex -14.8175 14.8175 31.54
    endloop
  endfacet
  facet normal 0 0 0
    outer loop
      vertex -4.6633 5.68225 31.54
      vertex -14.8175 14.8175 31.54
      vertex -5.1978 5.1978 31.54
    endloop
  endfacet
  facet normal 0 0 0
    outer loop
      vertex -5.0688 6.17635 20.52
      vertex -15.43489 15.43489 20.52
      vertex -15.20863 18.53177 20.52
    endloop
  endfacet
  facet normal 0 0 0
    outer loop
      vertex -5.0688 6.17635 20.52
      vertex -5.64978 5.64978 20.52
      vertex -15.43489 15.43489 20.52
    endloop
  endfacet
  facet normal 0 0 0
    outer loop
      vertex -15.43489 15.43489 20.52
      vertex -14.8175 14.8175 31.54
      vertex -15.92612 13.07022 31.54
    endloop
  endfacet
  facet normal 0 0 0
    outer loop
      vertex -15.43489 15.43489 20.52
      vertex -15.92612 13.07022 31.54
      vertex -16.5897 13.61482 20.52
    endloop
  endfacet
  facet normal 0 0 0
    outer loop
      vertex -5.64978 5.64978 20.52
      vertex -5.68225 4.6633 31.54
      vertex -5.1978 5.1978 31.54
    endloop
  endfacet
  facet normal 0 0 0
    outer loop
      vertex -5.64978 5.64978 20.52
      vertex -6.17635 5.0688 20.52
      vertex -5.68225 4.6633 31.54
    endloop
  endfacet
  facet normal 0 0 0
    outer loop
      vertex -5.1978 5.1978 31.54
      vertex -14.8175 14.8175 31.54
      vertex -15.92612 13.07022 31.54
    endloop
  endfacet
  facet normal 0 0 0
    outer loop
      vertex -5.1978 5.1978 31.54
      vertex -15.92612 13.07022 31.54
      vertex -5.68225 4.6633 31.54
    endloop
  endfacet
  facet normal 0 0 0
    outer loop
      vertex -5.64978 5.64978 20.52
      vertex -16.5897 13.61482 20.52
      vertex -15.43489 15.43489 20.52
    endloop
  endfacet
  facet normal 0 0 0
    outer loop
      vertex -5.64978 5.64978 20.52
      vertex -6.17635 5.0688 20.52
      vertex -16.5897 13.61482 20.52
    endloop
  endfacet
  facet normal 0 0 0
    outer loop
      vertex -16.5897 13.61482 20.52
      vertex -15.92612 13.07022 31.54
      vertex -17.10388 11.42845 31.54
    endloop
  endfacet
  facet normal 0 0 0
    outer loop
      vertex -16.5897 13.61482 20.52
      vertex -17.10388 11.42845 31.54
      vertex -17.81655 11.90464 20.52
    endloop
  endfacet
  facet normal 0 0 0
    outer loop
      vertex -6.17635 5.0688 20.52
      vertex -6.11197 4.08389 31.54
      vertex -5.68225 4.6633 31.54
    endloop
  endfacet
  facet normal 0 0 0
    outer loop
      vertex -6.17635 5.0688 20.52
      vertex -6.64344 4.43901 20.52
      vertex -6.11197 4.08389 31.54
    endloop
  endfacet
  facet normal 0 0 0
    outer loop
      vertex -5.68225 4.6633 31.54
      vertex -15.92612 13.07022 31.54
      vertex -17.10388 11.42845 31.54
    endloop
  endfacet
  facet normal 0 0 0
    outer loop
      vertex -5.68225 4.6633 31.54
      vertex -17.10388 11.42845 31.54
      vertex -6.11197 4.08389 31.54
    endloop
  endfacet
  facet normal 0 0 0
    outer loop
      vertex -6.17635 5.0688 20.52
      vertex -17.81655 11.90464 20.52
      vertex -16.5897 13.61482 20.52
    endloop
  endfacet
  facet normal 0 0 0
    outer loop
      vertex -6.17635 5.0688 20.52
      vertex -6.64344 4.43901 20.52
      vertex -17.81655 11.90464 20.52
    endloop
  endfacet
  facet normal 0 0 0
    outer loop
      vertex -17.81655 11.90464 20.52
      vertex -17.10388 11.42845 31.54
      vertex -18.43086 9.8515 31.54
    endloop
  endfacet
  facet normal 0 0 0
    outer loop
      vertex -17.81655 11.90464 20.52
      vertex -18.43086 9.8515 31.54
      vertex -19.19881 10.26198 20.52
    endloop
  endfacet
  facet normal 0 0 0
    outer loop
      vertex -6.64344 4.43901 20.52
      vertex -6.48283 3.46514 31.54
      vertex -6.11197 4.08389 31.54
    endloop
  endfacet
  facet normal 0 0 0
    outer loop
      vertex -6.64344 4.43901 20.52
      vertex -7.04655 3.76646 20.52
      vertex -6.48283 3.46514 31.54
    endloop
  endfacet
  facet normal 0 0 0
    outer loop
      vertex -6.11197 4.08389 31.54
      vertex -17.10388 11.42845 31.54
      vertex -18.43086 9.8515 31.54
    endloop
  endfacet
  facet normal 0 0 0
    outer loop
      vertex -6.11197 4.08389 31.54
      vertex -18.43086 9.8515 31.54
      vertex -6.48283 3.46514 31.54
    endloop
  endfacet
  facet normal 0 0 0
    outer loop
      vertex -6.64344 4.43901 20.52
      vertex -19.19881 10.26198 20.52
      vertex -17.81655 11.90464 20.52
    endloop
  endfacet
  facet normal 0 0 0
    outer loop
      vertex -6.64344 4.43901 20.52
      vertex -7.04655 3.76646 20.52
      vertex -19.19881 10.26198 20.52
    endloop
  endfacet
  facet normal 0 0 0
    outer loop
      vertex -19.19881 10.26198 20.52
      vertex -18.43086 9.8515 31.54
      vertex -19.56917 8.10581 31.54
    endloop
  endfacet
  facet normal 0 0 0
    outer loop
      vertex -19.19881 10.26198 20.52
      vertex -19.56917 8.10581 31.54
      vertex -20.38455 8.44356 20.52
    endloop
  endfacet
  facet normal 0 0 0
    outer loop
      vertex -7.04655 3.76646 20.52
      vertex -6.79125 2.81303 31.54
      vertex -6.48283 3.46514 31.54
    endloop
  endfacet
  facet normal 0 0 0
    outer loop
      vertex -7.04655 3.76646 20.52
      vertex -7.3818 3.05764 20.52
      vertex -6.79125 2.81303 31.54
    endloop
  endfacet
  facet normal 0 0 0
    outer loop
      vertex -6.48283 3.46514 31.54
      vertex -18.43086 9.8515 31.54
      vertex -19.56917 8.10581 31.54
    endloop
  endfacet
  facet normal 0 0 0
    outer loop
      vertex -6.48283 3.46514 31.54
      vertex -19.56917 8.10581 31.54
      vertex -6.79125 2.81303 31.54
    endloop
  endfacet
  facet normal 0 0 0
    outer loop
      vertex -7.04655 3.76646 20.52
      vertex -20.38455 8.44356 20.52
      vertex -19.19881 10.26198 20.52
    endloop
  endfacet
  facet normal 0 0 0
    outer loop
      vertex -7.04655 3.76646 20.52
      vertex -7.3818 3.05764 20.52
      vertex -20.38455 8.44356 20.52
    endloop
  endfacet
  facet normal 0 0 0
    outer loop
      vertex -20.38455 8.44356 20.52
      vertex -19.56917 8.10581 31.54
      vertex -20.16296 6.11637 31.54
    endloop
  endfacet
  facet normal 0 0 0
    outer loop
      vertex -20.38455 8.44356 20.52
      vertex -20.16296 6.11637 31.54
      vertex -21.00308 6.37122 20.52
    endloop
  endfacet
  facet normal 0 0 0
    outer loop
      vertex -7.3818 3.05764 20.52
      vertex -7.03428 2.13382 31.54
      vertex -6.79125 2.81303 31.54
    endloop
  endfacet
  facet normal 0 0 0
    outer loop
      vertex -7.3818 3.05764 20.52
      vertex -7.64595 2.31937 20.52
      vertex -7.03428 2.13382 31.54
    endloop
  endfacet
  facet normal 0 0 0
    outer loop
      vertex -6.79125 2.81303 31.54
      vertex -19.56917 8.10581 31.54
      vertex -20.16296 6.11637 31.54
    endloop
  endfacet
  facet normal 0 0 0
    outer loop
      vertex -6.79125 2.81303 31.54
      vertex -20.16296 6.11637 31.54
      vertex -7.03428 2.13382 31.54
    endloop
  endfacet
  facet normal 0 0 0
    outer loop
      vertex -7.3818 3.05764 20.52
      vertex -21.00308 6.37122 20.52
      vertex -20.38455 8.44356 20.52
    endloop
  endfacet
  facet normal 0 0 0
    outer loop
      vertex -7.3818 3.05764 20.52
      vertex -7.64595 2.31937 20.52
      vertex -21.00308 6.37122 20.52
    endloop
  endfacet
  facet normal 0 0 0
    outer loop
      vertex -21.00308 6.37122 20.52
      vertex -20.16296 6.11637 31.54
      vertex -20.3043 4.03878 31.54
    endloop
  endfacet
  facet normal 0 0 0
    outer loop
      vertex -21.00308 6.37122 20.52
      vertex -20.3043 4.03878 31.54
      vertex -21.15031 4.20706 20.52
    endloop
  endfacet
  facet normal 0 0 0
    outer loop
      vertex -7.64595 2.31937 20.52
      vertex -7.20956 1.43407 31.54
      vertex -7.03428 2.13382 31.54
    endloop
  endfacet
  facet normal 0 0 0
    outer loop
      vertex -7.64595 2.31937 20.52
      vertex -7.83647 1.55877 20.52
      vertex -7.20956 1.43407 31.54
    endloop
  endfacet
  facet normal 0 0 0
    outer loop
      vertex -7.03428 2.13382 31.54
      vertex -20.16296 6.11637 31.54
      vertex -20.3043 4.03878 31.54
    endloop
  endfacet
  facet normal 0 0 0
    outer loop
      vertex -7.03428 2.13382 31.54
      vertex -20.3043 4.03878 31.54
      vertex -7.20956 1.43407 31.54
    endloop
  endfacet
  facet normal 0 0 0
    outer loop
      vertex -7.64595 2.31937 20.52
      vertex -21.15031 4.20706 20.52
      vertex -21.00308 6.37122 20.52
    endloop
  endfacet
  facet normal 0 0 0
    outer loop
      vertex -7.64595 2.31937 20.52
      vertex -7.83647 1.55877 20.52
      vertex -21.15031 4.20706 20.52
    endloop
  endfacet
  facet normal 0 0 0
    outer loop
      vertex -21.15031 4.20706 20.52
      vertex -20.3043 4.03878 31.54
      vertex -22.24575 2.19102 31.54
    endloop
  endfacet
  facet normal 0 0 0
    outer loop
      vertex -21.15031 4.20706 20.52
      vertex -22.24575 2.19102 31.54
      vertex -23.17266 2.28231 20.52
    endloop
  endfacet
  facet normal 0 0 0
    outer loop
      vertex -7.83647 1.55877 20.52
      vertex -7.3154 0.7205 31.54
      vertex -7.20956 1.43407 31.54
    endloop
  endfacet
  facet normal 0 0 0
    outer loop
      vertex -7.83647 1.55877 20.52
      vertex -7.95153 0.78316 20.52
      vertex -7.3154 0.7205 31.54
    endloop
  endfacet
  facet normal 0 0 0
    outer loop
      vertex -7.20956 1.43407 31.54
      vertex -20.3043 4.03878 31.54
      vertex -22.24575 2.19102 31.54
    endloop
  endfacet
  facet normal 0 0 0
    outer loop
      vertex -7.20956 1.43407 31.54
      vertex -22.24575 2.19102 31.54
      vertex -7.3154 0.7205 31.54
    endloop
  endfacet
  facet normal 0 0 0
    outer loop
      vertex -7.83647 1.55877 20.52
      vertex -23.17266 2.28231 20.52
      vertex -21.15031 4.20706 20.52
    endloop
  endfacet
  facet normal 0 0 0
    outer loop
      vertex -7.83647 1.55877 20.52
      vertex -7.95153 0.78316 20.52
      vertex -23.17266 2.28231 20.52
    endloop
  endfacet
  facet normal 0 0 0
    outer loop
      vertex -23.17266 2.28231 20.52
      vertex -22.24575 2.19102 31.54
      vertex -22.59105 0 31.54
    endloop
  endfacet
  facet normal 0 0 0
    outer loop
      vertex -23.17266 2.28231 20.52
      vertex -22.59105 0 31.54
      vertex -23.53234 0 20.52
    endloop
  endfacet
  facet normal 0 0 0
    outer loop
      vertex -7.95153 0.78316 20.52
      vertex -7.3508 0 31.54
      vertex -7.3154 0.7205 31.54
    endloop
  endfacet
  facet normal 0 0 0
    outer loop
      vertex -7.95153 0.78316 20.52
      vertex -7.99 0 20.52
      vertex -7.3508 0 31.54
    endloop
  endfacet
  facet normal 0 0 0
    outer loop
      vertex -7.3154 0.7205 31.54
      vertex -22.24575 2.19102 31.54
      vertex -22.59105 0 31.54
    endloop
  endfacet
  facet normal 0 0 0
    outer loop
      vertex -7.3154 0.7205 31.54
      vertex -22.59105 0 31.54
      vertex -7.3508 0 31.54
    endloop
  endfacet
  facet normal 0 0 0
    outer loop
      vertex -7.95153 0.78316 20.52
      vertex -23.53234 0 20.52
      vertex -23.17266 2.28231 20.52
    endloop
  endfacet
  facet normal 0 0 0
    outer loop
      vertex -7.95153 0.78316 20.52
      vertex -7.99 0 20.52
      vertex -23.53234 0 20.52
    endloop
  endfacet
  facet normal 0 0 0
    outer loop
      vertex -23.53234 0 20.52
      vertex -22.59105 0 31.54
      vertex -22.83296 -2.24885 31.54
    endloop
  endfacet
  facet normal 0 0 0
    outer loop
      vertex -23.53234 0 20.52
      vertex -22.83296 -2.24885 31.54
      vertex -23.78433 -2.34255 20.52
    endloop
  endfacet
  facet normal 0 0 0
    outer loop
      vertex -7.99 0 20.52
      vertex -7.3154 -0.7205 31.54
      vertex -7.3508 0 31.54
    endloop
  endfacet
  facet normal 0 0 0
    outer loop
      vertex -7.99 0 20.52
      vertex -7.95153 -0.78316 20.52
      vertex -7.3154 -0.7205 31.54
    endloop
  endfacet
  facet normal 0 0 0
    outer loop
      vertex -7.3508 0 31.54
      vertex -22.59105 0 31.54
      vertex -22.83296 -2.24885 31.54
    endloop
  endfacet
  facet normal 0 0 0
    outer loop
      vertex -7.3508 0 31.54
      vertex -22.83296 -2.24885 31.54
      vertex -7.3154 -0.7205 31.54
    endloop
  endfacet
  facet normal 0 0 0
    outer loop
      vertex -7.99 0 20.52
      vertex -23.78433 -2.34255 20.52
      vertex -23.53234 0 20.52
    endloop
  endfacet
  facet normal 0 0 0
    outer loop
      vertex -7.99 0 20.52
      vertex -7.95153 -0.78316 20.52
      vertex -23.78433 -2.34255 20.52
    endloop
  endfacet
  facet normal 0 0 0
    outer loop
      vertex -23.78433 -2.34255 20.52
      vertex -22.83296 -2.24885 31.54
      vertex -20.74723 -4.12688 31.54
    endloop
  endfacet
  facet normal 0 0 0
    outer loop
      vertex -23.78433 -2.34255 20.52
      vertex -20.74723 -4.12688 31.54
      vertex -21.6117 -4.29883 20.52
    endloop
  endfacet
  facet normal 0 0 0
    outer loop
      vertex -7.95153 -0.78316 20.52
      vertex -7.20956 -1.43407 31.54
      vertex -7.3154 -0.7205 31.54
    endloop
  endfacet
  facet normal 0 0 0
    outer loop
      vertex -7.95153 -0.78316 20.52
      vertex -7.83647 -1.55877 20.52
      vertex -7.20956 -1.43407 31.54
    endloop
  endfacet
  facet normal 0 0 0
    outer loop
      vertex -7.3154 -0.7205 31.54
      vertex -22.83296 -2.24885 31.54
      vertex -20.74723 -4.12688 31.54
    endloop
  endfacet
  facet normal 0 0 0
    outer loop
      vertex -7.3154 -0.7205 31.54
      vertex -20.74723 -4.12688 31.54
      vertex -7.20956 -1.43407 31.54
    endloop
  endfacet
  facet normal 0 0 0
    outer loop
      vertex -7.95153 -0.78316 20.52
      vertex -21.6117 -4.29883 20.52
      vertex -23.78433 -2.34255 20.52
    endloop
  endfacet
  facet normal 0 0 0
    outer loop
      vertex -7.95153 -0.78316 20.52
      vertex -7.83647 -1.55877 20.52
      vertex -21.6117 -4.29883 20.52
    endloop
  endfacet
  facet normal 0 0 0
    outer loop
      vertex -21.6117 -4.29883 20.52
      vertex -20.74723 -4.12688 31.54
      vertex -19.92908 -6.04542 31.54
    endloop
  endfacet
  facet normal 0 0 0
    outer loop
      vertex -21.6117 -4.29883 20.52
      vertex -19.92908 -6.04542 31.54
      vertex -20.75946 -6.29731 20.52
    endloop
  endfacet
  facet normal 0 0 0
    outer loop
      vertex -7.83647 -1.55877 20.52
      vertex -7.03428 -2.13382 31.54
      vertex -7.20956 -1.43407 31.54
    endloop
  endfacet
  facet normal 0 0 0
    outer loop
      vertex -7.83647 -1.55877 20.52
      vertex -7.64595 -2.31937 20.52
      vertex -7.03428 -2.13382 31.54
    endloop
  endfacet
  facet normal 0 0 0
    outer loop
      vertex -7.20956 -1.43407 31.54
      vertex -20.74723 -4.12688 31.54
      vertex -19.92908 -6.04542 31.54
    endloop
  endfacet
  facet normal 0 0 0
    outer loop
      vertex -7.20956 -1.43407 31.54
      vertex -19.92908 -6.04542 31.54
      vertex -7.03428 -2.13382 31.54
    endloop
  endfacet
  facet normal 0 0 0
    outer loop
      vertex -7.83647 -1.55877 20.52
      vertex -20.75946 -6.29731 20.52
      vertex -21.6117 -4.29883 20.52
    endloop
  endfacet
  facet normal 0 0 0
    outer loop
      vertex -7.83647 -1.55877 20.52
      vertex -7.64595 -2.31937 20.52
      vertex -20.75946 -6.29731 20.52
    endloop
  endfacet
  facet normal 0 0 0
    outer loop
      vertex -20.75946 -6.29731 20.52
      vertex -19.92908 -6.04542 31.54
      vertex -18.97912 -7.86141 31.54
    endloop
  endfacet
  facet normal 0 0 0
    outer loop
      vertex -20.75946 -6.29731 20.52
      vertex -18.97912 -7.86141 31.54
      vertex -19.76991 -8.18897 20.52
    endloop
  endfacet
  facet normal 0 0 0
    outer loop
      vertex -7.64595 -2.31937 20.52
      vertex -6.79125 -2.81303 31.54
      vertex -7.03428 -2.13382 31.54
    endloop
  endfacet
  facet normal 0 0 0
    outer loop
      vertex -7.64595 -2.31937 20.52
      vertex -7.3818 -3.05764 20.52
      vertex -6.79125 -2.81303 31.54
    endloop
  endfacet
  facet normal 0 0 0
    outer loop
      vertex -7.03428 -2.13382 31.54
      vertex -19.92908 -6.04542 31.54
      vertex -18.97912 -7.86141 31.54
    endloop
  endfacet
  facet normal 0 0 0
    outer loop
      vertex -7.03428 -2.13382 31.54
      vertex -18.97912 -7.86141 31.54
      vertex -6.79125 -2.81303 31.54
    endloop
  endfacet
  facet normal 0 0 0
    outer loop
      vertex -7.64595 -2.31937 20.52
      vertex -19.76991 -8.18897 20.52
      vertex -20.75946 -6.29731 20.52
    endloop
  endfacet
  facet normal 0 0 0
    outer loop
      vertex -7.64595 -2.31937 20.52
      vertex -7.3818 -3.05764 20.52
      vertex -19.76991 -8.18897 20.52
    endloop
  endfacet
  facet normal 0 0 0
    outer loop
      vertex -19.76991 -8.18897 20.52
      vertex -18.97912 -7.86141 31.54
      vertex -18.21531 -9.73629 31.54
    endloop
  endfacet
  facet normal 0 0 0
    outer loop
      vertex -19.76991 -8.18897 20.52
      vertex -18.21531 -9.73629 31.54
      vertex -18.97428 -10.14196 20.52
    endloop
  endfacet
  facet normal 0 0 0
    outer loop
      vertex -7.3818 -3.05764 20.52
      vertex -6.48283 -3.46514 31.54
      vertex -6.79125 -2.81303 31.54
    endloop
  endfacet
  facet normal 0 0 0
    outer loop
      vertex -7.3818 -3.05764 20.52
      vertex -7.04655 -3.76646 20.52
      vertex -6.48283 -3.46514 31.54
    endloop
  endfacet
  facet normal 0 0 0
    outer loop
      vertex -6.79125 -2.81303 31.54
      vertex -18.97912 -7.86141 31.54
      vertex -18.21531 -9.73629 31.54
    endloop
  endfacet
  facet normal 0 0 0
    outer loop
      vertex -6.79125 -2.81303 31.54
      vertex -18.21531 -9.73629 31.54
      vertex -6.48283 -3.46514 31.54
    endloop
  endfacet
  facet normal 0 0 0
    outer loop
      vertex -7.3818 -3.05764 20.52
      vertex -18.97428 -10.14196 20.52
      vertex -19.76991 -8.18897 20.52
    endloop
  endfacet
  facet normal 0 0 0
    outer loop
      vertex -7.3818 -3.05764 20.52
      vertex -7.04655 -3.76646 20.52
      vertex -18.97428 -10.14196 20.52
    endloop
  endfacet
  facet normal 0 0 0
    outer loop
      vertex -18.97428 -10.14196 20.52
      vertex -18.21531 -9.73629 31.54
      vertex -17.47938 -11.67935 31.54
    endloop
  endfacet
  facet normal 0 0 0
    outer loop
      vertex -18.97428 -10.14196 20.52
      vertex -17.47938 -11.67935 31.54
      vertex -18.20769 -12.16599 20.52
    endloop
  endfacet
  facet normal 0 0 0
    outer loop
      vertex -7.04655 -3.76646 20.52
      vertex -6.11197 -4.08389 31.54
      vertex -6.48283 -3.46514 31.54
    endloop
  endfacet
  facet normal 0 0 0
    outer loop
      vertex -7.04655 -3.76646 20.52
      vertex -6.64344 -4.43901 20.52
      vertex -6.11197 -4.08389 31.54
    endloop
  endfacet
  facet normal 0 0 0
    outer loop
      vertex -6.48283 -3.46514 31.54
      vertex -18.21531 -9.73629 31.54
      vertex -17.47938 -11.67935 31.54
    endloop
  endfacet
  facet normal 0 0 0
    outer loop
      vertex -6.48283 -3.46514 31.54
      vertex -17.47938 -11.67935 31.54
      vertex -6.11197 -4.08389 31.54
    endloop
  endfacet
  facet normal 0 0 0
    outer loop
      vertex -7.04655 -3.76646 20.52
      vertex -18.20769 -12.16599 20.52
      vertex -18.97428 -10.14196 20.52
    endloop
  endfacet
  facet normal 0 0 0
    outer loop
      vertex -7.04655 -3.76646 20.52
      vertex -6.64344 -4.43901 20.52
      vertex -18.20769 -12.16599 20.52
    endloop
  endfacet
  facet normal 0 0 0
    outer loop
      vertex -18.20769 -12.16599 20.52
      vertex -17.47938 -11.67935 31.54
      vertex -16.38223 -13.44455 31.54
    endloop
  endfacet
  facet normal 0 0 0
    outer loop
      vertex -18.20769 -12.16599 20.52
      vertex -16.38223 -13.44455 31.54
      vertex -17.06482 -14.00474 20.52
    endloop
  endfacet
  facet normal 0 0 0
    outer loop
      vertex -6.64344 -4.43901 20.52
      vertex -5.68225 -4.6633 31.54
      vertex -6.11197 -4.08389 31.54
    endloop
  endfacet
  facet normal 0 0 0
    outer loop
      vertex -6.64344 -4.43901 20.52
      vertex -6.17635 -5.0688 20.52
      vertex -5.68225 -4.6633 31.54
    endloop
  endfacet
  facet normal 0 0 0
    outer loop
      vertex -6.11197 -4.08389 31.54
      vertex -17.47938 -11.67935 31.54
      vertex -16.38223 -13.44455 31.54
    endloop
  endfacet
  facet normal 0 0 0
    outer loop
      vertex -6.11197 -4.08389 31.54
      vertex -16.38223 -13.44455 31.54
      vertex -5.68225 -4.6633 31.54
    endloop
  endfacet
  facet normal 0 0 0
    outer loop
      vertex -6.64344 -4.43901 20.52
      vertex -17.06482 -14.00474 20.52
      vertex -18.20769 -12.16599 20.52
    endloop
  endfacet
  facet normal 0 0 0
    outer loop
      vertex -6.64344 -4.43901 20.52
      vertex -6.17635 -5.0688 20.52
      vertex -17.06482 -14.00474 20.52
    endloop
  endfacet
  facet normal 0 0 0
    outer loop
      vertex -17.06482 -14.00474 20.52
      vertex -16.38223 -13.44455 31.54
      vertex -14.8175 -14.8175 31.54
    endloop
  endfacet
  facet normal 0 0 0
    outer loop
      vertex -17.06482 -14.00474 20.52
      vertex -14.8175 -14.8175 31.54
      vertex -15.43489 -15.43489 20.52
    endloop
  endfacet
  facet normal 0 0 0
    outer loop
      vertex -6.17635 -5.0688 20.52
      vertex -5.1978 -5.1978 31.54
      vertex -5.68225 -4.6633 31.54
    endloop
  endfacet
  facet normal 0 0 0
    outer loop
      vertex -6.17635 -5.0688 20.52
      vertex -5.64978 -5.64978 20.52
      vertex -5.1978 -5.1978 31.54
    endloop
  endfacet
  facet normal 0 0 0
    outer loop
      vertex -5.68225 -4.6633 31.54
      vertex -16.38223 -13.44455 31.54
      vertex -14.8175 -14.8175 31.54
    endloop
  endfacet
  facet normal 0 0 0
    outer loop
      vertex -5.68225 -4.6633 31.54
      vertex -14.8175 -14.8175 31.54
      vertex -5.1978 -5.1978 31.54
    endloop
  endfacet
  facet normal 0 0 0
    outer loop
      vertex -6.17635 -5.0688 20.52
      vertex -15.43489 -15.43489 20.52
      vertex -17.06482 -14.00474 20.52
    endloop
  endfacet
  facet normal 0 0 0
    outer loop
      vertex -6.17635 -5.0688 20.52
      vertex -5.64978 -5.64978 20.52
      vertex -15.43489 -15.43489 20.52
    endloop
  endfacet
  facet normal 0 0 0
    outer loop
      vertex -15.43489 -15.43489 20.52
      vertex -14.8175 -14.8175 31.54
      vertex -14.22596 -17.33438 31.54
    endloop
  endfacet
  facet normal 0 0 0
    outer loop
      vertex -15.43489 -15.43489 20.52
      vertex -14.22596 -17.33438 31.54
      vertex -14.81871 -18.05665 20.52
    endloop
  endfacet
  facet normal 0 0 0
    outer loop
      vertex -5.64978 -5.64978 20.52
      vertex -4.6633 -5.68225 31.54
      vertex -5.1978 -5.1978 31.54
    endloop
  endfacet
  facet normal 0 0 0
    outer loop
      vertex -5.64978 -5.64978 20.52
      vertex -5.0688 -6.17635 20.52
      vertex -4.6633 -5.68225 31.54
    endloop
  endfacet
  facet normal 0 0 0
    outer loop
      vertex -5.1978 -5.1978 31.54
      vertex -14.8175 -14.8175 31.54
      vertex -14.22596 -17.33438 31.54
    endloop
  endfacet
  facet normal 0 0 0
    outer loop
      vertex -5.1978 -5.1978 31.54
      vertex -14.22596 -17.33438 31.54
      vertex -4.6633 -5.68225 31.54
    endloop
  endfacet
  facet normal 0 0 0
    outer loop
      vertex -5.64978 -5.64978 20.52
      vertex -14.81871 -18.05665 20.52
      vertex -15.43489 -15.43489 20.52
    endloop
  endfacet
  facet normal 0 0 0
    outer loop
      vertex -5.64978 -5.64978 20.52
      vertex -5.0688 -6.17635 20.52
      vertex -14.81871 -18.05665 20.52
    endloop
  endfacet
  facet normal 0 0 0
    outer loop
      vertex -14.81871 -18.05665 20.52
      vertex -14.22596 -17.33438 31.54
      vertex -12.44059 -18.61865 31.54
    endloop
  endfacet
  facet normal 0 0 0
    outer loop
      vertex -14.81871 -18.05665 20.52
      vertex -12.44059 -18.61865 31.54
      vertex -12.95894 -19.39443 20.52
    endloop
  endfacet
  facet normal 0 0 0
    outer loop
      vertex -5.0688 -6.17635 20.52
      vertex -4.08389 -6.11197 31.54
      vertex -4.6633 -5.68225 31.54
    endloop
  endfacet
  facet normal 0 0 0
    outer loop
      vertex -5.0688 -6.17635 20.52
      vertex -4.43901 -6.64344 20.52
      vertex -4.08389 -6.11197 31.54
    endloop
  endfacet
  facet normal 0 0 0
    outer loop
      vertex -4.6633 -5.68225 31.54
      vertex -14.22596 -17.33438 31.54
      vertex -12.44059 -18.61865 31.54
    endloop
  endfacet
  facet normal 0 0 0
    outer loop
      vertex -4.6633 -5.68225 31.54
      vertex -12.44059 -18.61865 31.54
      vertex -4.08389 -6.11197 31.54
    endloop
  endfacet
  facet normal 0 0 0
    outer loop
      vertex -5.0688 -6.17635 20.52
      vertex -12.95894 -19.39443 20.52
      vertex -14.81871 -18.05665 20.52
    endloop
  endfacet
  facet normal 0 0 0
    outer loop
      vertex -5.0688 -6.17635 20.52
      vertex -4.43901 -6.64344 20.52
      vertex -12.95894 -19.39443 20.52
    endloop
  endfacet
  facet normal 0 0 0
    outer loop
      vertex -12.95894 -19.39443 20.52
      vertex -12.44059 -18.61865 31.54
      vertex -10.71029 -20.03754 31.54
    endloop
  endfacet
  facet normal 0 0 0
    outer loop
      vertex -12.95894 -19.39443 20.52
      vertex -10.71029 -20.03754 31.54
      vertex -11.15655 -20.87244 20.52
    endloop
  endfacet
  facet normal 0 0 0
    outer loop
      vertex -4.43901 -6.64344 20.52
      vertex -3.46514 -6.48283 31.54
      vertex -4.08389 -6.11197 31.54
    endloop
  endfacet
  facet normal 0 0 0
    outer loop
      vertex -4.43901 -6.64344 20.52
      vertex -3.76646 -7.04655 20.52
      vertex -3.46514 -6.48283 31.54
    endloop
  endfacet
  facet normal 0 0 0
    outer loop
      vertex -4.08389 -6.11197 31.54
      vertex -12.44059 -18.61865 31.54
      vertex -10.71029 -20.03754 31.54
    endloop
  endfacet
  facet normal 0 0 0
    outer loop
      vertex -4.08389 -6.11197 31.54
      vertex -10.71029 -20.03754 31.54
      vertex -3.46514 -6.48283 31.54
    endloop
  endfacet
  facet normal 0 0 0
    outer loop
      vertex -4.43901 -6.64344 20.52
      vertex -11.15655 -20.87244 20.52
      vertex -12.95894 -19.39443 20.52
    endloop
  endfacet
  facet normal 0 0 0
    outer loop
      vertex -4.43901 -6.64344 20.52
      vertex -3.76646 -7.04655 20.52
      vertex -11.15655 -20.87244 20.52
    endloop
  endfacet
  facet normal 0 0 0
    outer loop
      vertex -11.15655 -20.87244 20.52
      vertex -10.71029 -20.03754 31.54
      vertex -8.80299 -21.25229 31.54
    endloop
  endfacet
  facet normal 0 0 0
    outer loop
      vertex -11.15655 -20.87244 20.52
      vertex -8.80299 -21.25229 31.54
      vertex -9.16978 -22.1378 20.52
    endloop
  endfacet
  facet normal 0 0 0
    outer loop
      vertex -3.76646 -7.04655 20.52
      vertex -2.81303 -6.79125 31.54
      vertex -3.46514 -6.48283 31.54
    endloop
  endfacet
  facet normal 0 0 0
    outer loop
      vertex -3.76646 -7.04655 20.52
      vertex -3.05764 -7.3818 20.52
      vertex -2.81303 -6.79125 31.54
    endloop
  endfacet
  facet normal 0 0 0
    outer loop
      vertex -3.46514 -6.48283 31.54
      vertex -10.71029 -20.03754 31.54
      vertex -8.80299 -21.25229 31.54
    endloop
  endfacet
  facet normal 0 0 0
    outer loop
      vertex -3.46514 -6.48283 31.54
      vertex -8.80299 -21.25229 31.54
      vertex -2.81303 -6.79125 31.54
    endloop
  endfacet
  facet normal 0 0 0
    outer loop
      vertex -3.76646 -7.04655 20.52
      vertex -9.16978 -22.1378 20.52
      vertex -11.15655 -20.87244 20.52
    endloop
  endfacet
  facet normal 0 0 0
    outer loop
      vertex -3.76646 -7.04655 20.52
      vertex -3.05764 -7.3818 20.52
      vertex -9.16978 -22.1378 20.52
    endloop
  endfacet
  facet normal 0 0 0
    outer loop
      vertex -9.16978 -22.1378 20.52
      vertex -8.80299 -21.25229 31.54
      vertex -6.11637 -20.16296 31.54
    endloop
  endfacet
  facet normal 0 0 0
    outer loop
      vertex -9.16978 -22.1378 20.52
      vertex -6.11637 -20.16296 31.54
      vertex -6.37122 -21.00308 20.52
    endloop
  endfacet
  facet normal 0 0 0
    outer loop
      vertex -3.05764 -7.3818 20.52
      vertex -2.13382 -7.03428 31.54
      vertex -2.81303 -6.79125 31.54
    endloop
  endfacet
  facet normal 0 0 0
    outer loop
      vertex -3.05764 -7.3818 20.52
      vertex -2.31937 -7.64595 20.52
      vertex -2.13382 -7.03428 31.54
    endloop
  endfacet
  facet normal 0 0 0
    outer loop
      vertex -2.81303 -6.79125 31.54
      vertex -8.80299 -21.25229 31.54
      vertex -6.11637 -20.16296 31.54
    endloop
  endfacet
  facet normal 0 0 0
    outer loop
      vertex -2.81303 -6.79125 31.54
      vertex -6.11637 -20.16296 31.54
      vertex -2.13382 -7.03428 31.54
    endloop
  endfacet
  facet normal 0 0 0
    outer loop
      vertex -3.05764 -7.3818 20.52
      vertex -6.37122 -21.00308 20.52
      vertex -9.16978 -22.1378 20.52
    endloop
  endfacet
  facet normal 0 0 0
    outer loop
      vertex -3.05764 -7.3818 20.52
      vertex -2.31937 -7.64595 20.52
      vertex -6.37122 -21.00308 20.52
    endloop
  endfacet
  facet normal 0 0 0
    outer loop
      vertex -6.37122 -21.00308 20.52
      vertex -6.11637 -20.16296 31.54
      vertex -4.03878 -20.3043 31.54
    endloop
  endfacet
  facet normal 0 0 0
    outer loop
      vertex -6.37122 -21.00308 20.52
      vertex -4.03878 -20.3043 31.54
      vertex -4.20706 -21.15031 20.52
    endloop
  endfacet
  facet normal 0 0 0
    outer loop
      vertex -2.31937 -7.64595 20.52
      vertex -1.43407 -7.20956 31.54
      vertex -2.13382 -7.03428 31.54
    endloop
  endfacet
  facet normal 0 0 0
    outer loop
      vertex -2.31937 -7.64595 20.52
      vertex -1.55877 -7.83647 20.52
      vertex -1.43407 -7.20956 31.54
    endloop
  endfacet
  facet normal 0 0 0
    outer loop
      vertex -2.13382 -7.03428 31.54
      vertex -6.11637 -20.16296 31.54
      vertex -4.03878 -20.3043 31.54
    endloop
  endfacet
  facet normal 0 0 0
    outer loop
      vertex -2.13382 -7.03428 31.54
      vertex -4.03878 -20.3043 31.54
      vertex -1.43407 -7.20956 31.54
    endloop
  endfacet
  facet normal 0 0 0
    outer loop
      vertex -2.31937 -7.64595 20.52
      vertex -4.20706 -21.15031 20.52
      vertex -6.37122 -21.00308 20.52
    endloop
  endfacet
  facet normal 0 0 0
    outer loop
      vertex -2.31937 -7.64595 20.52
      vertex -1.55877 -7.83647 20.52
      vertex -4.20706 -21.15031 20.52
    endloop
  endfacet
  facet normal 0 0 0
    outer loop
      vertex -4.20706 -21.15031 20.52
      vertex -4.03878 -20.3043 31.54
      vertex -2.01245 -20.43273 31.54
    endloop
  endfacet
  facet normal 0 0 0
    outer loop
      vertex -4.20706 -21.15031 20.52
      vertex -2.01245 -20.43273 31.54
      vertex -2.0963 -21.28409 20.52
    endloop
  endfacet
  facet normal 0 0 0
    outer loop
      vertex -1.55877 -7.83647 20.52
      vertex -0.7205 -7.3154 31.54
      vertex -1.43407 -7.20956 31.54
    endloop
  endfacet
  facet normal 0 0 0
    outer loop
      vertex -1.55877 -7.83647 20.52
      vertex -0.78316 -7.95153 20.52
      vertex -0.7205 -7.3154 31.54
    endloop
  endfacet
  facet normal 0 0 0
    outer loop
      vertex -1.43407 -7.20956 31.54
      vertex -4.03878 -20.3043 31.54
      vertex -2.01245 -20.43273 31.54
    endloop
  endfacet
  facet normal 0 0 0
    outer loop
      vertex -1.43407 -7.20956 31.54
      vertex -2.01245 -20.43273 31.54
      vertex -0.7205 -7.3154 31.54
    endloop
  endfacet
  facet normal 0 0 0
    outer loop
      vertex -1.55877 -7.83647 20.52
      vertex -2.0963 -21.28409 20.52
      vertex -4.20706 -21.15031 20.52
    endloop
  endfacet
  facet normal 0 0 0
    outer loop
      vertex -1.55877 -7.83647 20.52
      vertex -0.78316 -7.95153 20.52
      vertex -2.0963 -21.28409 20.52
    endloop
  endfacet
  facet normal 0 0 0
    outer loop
      vertex -2.0963 -21.28409 20.52
      vertex -2.01245 -20.43273 31.54
      vertex 0 -20.76925 31.54
    endloop
  endfacet
  facet normal 0 0 0
    outer loop
      vertex -2.0963 -21.28409 20.52
      vertex 0 -20.76925 31.54
      vertex 0 -21.63464 20.52
    endloop
  endfacet
  facet normal 0 0 0
    outer loop
      vertex -0.78316 -7.95153 20.52
      vertex 0 -7.3508 31.54
      vertex -0.7205 -7.3154 31.54
    endloop
  endfacet
  facet normal 0 0 0
    outer loop
      vertex -0.78316 -7.95153 20.52
      vertex 0 -7.99 20.52
      vertex 0 -7.3508 31.54
    endloop
  endfacet
  facet normal 0 0 0
    outer loop
      vertex -0.7205 -7.3154 31.54
      vertex -2.01245 -20.43273 31.54
      vertex 0 -20.76925 31.54
    endloop
  endfacet
  facet normal 0 0 0
    outer loop
      vertex -0.7205 -7.3154 31.54
      vertex 0 -20.76925 31.54
      vertex 0 -7.3508 31.54
    endloop
  endfacet
  facet normal 0 0 0
    outer loop
      vertex -0.78316 -7.95153 20.52
      vertex 0 -21.63464 20.52
      vertex -2.0963 -21.28409 20.52
    endloop
  endfacet
  facet normal 0 0 0
    outer loop
      vertex -0.78316 -7.95153 20.52
      vertex 0 -7.99 20.52
      vertex 0 -21.63464 20.52
    endloop
  endfacet
  facet normal 0 0 0
    outer loop
      vertex 0 -21.63464 20.52
      vertex 0 -20.76925 31.54
      vertex 2.07028 -21.01994 31.54
    endloop
  endfacet
  facet normal 0 0 0
    outer loop
      vertex 0 -21.63464 20.52
      vertex 2.07028 -21.01994 31.54
      vertex 2.15654 -21.89577 20.52
    endloop
  endfacet
  facet normal 0 0 0
    outer loop
      vertex 0 -7.99 20.52
      vertex 0.7205 -7.3154 31.54
      vertex 0 -7.3508 31.54
    endloop
  endfacet
  facet normal 0 0 0
    outer loop
      vertex 0 -7.99 20.52
      vertex 0.78316 -7.95153 20.52
      vertex 0.7205 -7.3154 31.54
    endloop
  endfacet
  facet normal 0 0 0
    outer loop
      vertex 0 -7.3508 31.54
      vertex 0 -20.76925 31.54
      vertex 2.07028 -21.01994 31.54
    endloop
  endfacet
  facet normal 0 0 0
    outer loop
      vertex 0 -7.3508 31.54
      vertex 2.07028 -21.01994 31.54
      vertex 0.7205 -7.3154 31.54
    endloop
  endfacet
  facet normal 0 0 0
    outer loop
      vertex 0 -7.99 20.52
      vertex 2.15654 -21.89577 20.52
      vertex 0 -21.63464 20.52
    endloop
  endfacet
  facet normal 0 0 0
    outer loop
      vertex 0 -7.99 20.52
      vertex 0.78316 -7.95153 20.52
      vertex 2.15654 -21.89577 20.52
    endloop
  endfacet
  facet normal 0 0 0
    outer loop
      vertex 2.15654 -21.89577 20.52
      vertex 2.07028 -21.01994 31.54
      vertex 4.12688 -20.74723 31.54
    endloop
  endfacet
  facet normal 0 0 0
    outer loop
      vertex 2.15654 -21.89577 20.52
      vertex 4.12688 -20.74723 31.54
      vertex 4.29883 -21.6117 20.52
    endloop
  endfacet
  facet normal 0 0 0
    outer loop
      vertex 0.78316 -7.95153 20.52
      vertex 1.43407 -7.20956 31.54
      vertex 0.7205 -7.3154 31.54
    endloop
  endfacet
  facet normal 0 0 0
    outer loop
      vertex 0.78316 -7.95153 20.52
      vertex 1.55877 -7.83647 20.52
      vertex 1.43407 -7.20956 31.54
    endloop
  endfacet
  facet normal 0 0 0
    outer loop
      vertex 0.7205 -7.3154 31.54
      vertex 2.07028 -21.01994 31.54
      vertex 4.12688 -20.74723 31.54
    endloop
  endfacet
  facet normal 0 0 0
    outer loop
      vertex 0.7205 -7.3154 31.54
      vertex 4.12688 -20.74723 31.54
      vertex 1.43407 -7.20956 31.54
    endloop
  endfacet
  facet normal 0 0 0
    outer loop
      vertex 0.78316 -7.95153 20.52
      vertex 4.29883 -21.6117 20.52
      vertex 2.15654 -21.89577 20.52
    endloop
  endfacet
  facet normal 0 0 0
    outer loop
      vertex 0.78316 -7.95153 20.52
      vertex 1.55877 -7.83647 20.52
      vertex 4.29883 -21.6117 20.52
    endloop
  endfacet
  facet normal 0 0 0
    outer loop
      vertex 4.29883 -21.6117 20.52
      vertex 4.12688 -20.74723 31.54
      vertex 6.04542 -19.92908 31.54
    endloop
  endfacet
  facet normal 0 0 0
    outer loop
      vertex 4.29883 -21.6117 20.52
      vertex 6.04542 -19.92908 31.54
      vertex 6.29731 -20.75946 20.52
    endloop
  endfacet
  facet normal 0 0 0
    outer loop
      vertex 1.55877 -7.83647 20.52
      vertex 2.13382 -7.03428 31.54
      vertex 1.43407 -7.20956 31.54
    endloop
  endfacet
  facet normal 0 0 0
    outer loop
      vertex 1.55877 -7.83647 20.52
      vertex 2.31937 -7.64595 20.52
      vertex 2.13382 -7.03428 31.54
    endloop
  endfacet
  facet normal 0 0 0
    outer loop
      vertex 1.43407 -7.20956 31.54
      vertex 4.12688 -20.74723 31.54
      vertex 6.04542 -19.92908 31.54
    endloop
  endfacet
  facet normal 0 0 0
    outer loop
      vertex 1.43407 -7.20956 31.54
      vertex 6.04542 -19.92908 31.54
      vertex 2.13382 -7.03428 31.54
    endloop
  endfacet
  facet normal 0 0 0
    outer loop
      vertex 1.55877 -7.83647 20.52
      vertex 6.29731 -20.75946 20.52
      vertex 4.29883 -21.6117 20.52
    endloop
  endfacet
  facet normal 0 0 0
    outer loop
      vertex 1.55877 -7.83647 20.52
      vertex 2.31937 -7.64595 20.52
      vertex 6.29731 -20.75946 20.52
    endloop
  endfacet
  facet normal 0 0 0
    outer loop
      vertex 6.29731 -20.75946 20.52
      vertex 6.04542 -19.92908 31.54
      vertex 8.55858 -20.66224 31.54
    endloop
  endfacet
  facet normal 0 0 0
    outer loop
      vertex 6.29731 -20.75946 20.52
      vertex 8.55858 -20.66224 31.54
      vertex 8.91519 -21.52316 20.52
    endloop
  endfacet
  facet normal 0 0 0
    outer loop
      vertex 2.31937 -7.64595 20.52
      vertex 2.81303 -6.79125 31.54
      vertex 2.13382 -7.03428 31.54
    endloop
  endfacet
  facet normal 0 0 0
    outer loop
      vertex 2.31937 -7.64595 20.52
      vertex 3.05764 -7.3818 20.52
      vertex 2.81303 -6.79125 31.54
    endloop
  endfacet
  facet normal 0 0 0
    outer loop
      vertex 2.13382 -7.03428 31.54
      vertex 6.04542 -19.92908 31.54
      vertex 8.55858 -20.66224 31.54
    endloop
  endfacet
  facet normal 0 0 0
    outer loop
      vertex 2.13382 -7.03428 31.54
      vertex 8.55858 -20.66224 31.54
      vertex 2.81303 -6.79125 31.54
    endloop
  endfacet
  facet normal 0 0 0
    outer loop
      vertex 2.31937 -7.64595 20.52
      vertex 8.91519 -21.52316 20.52
      vertex 6.29731 -20.75946 20.52
    endloop
  endfacet
  facet normal 0 0 0
    outer loop
      vertex 2.31937 -7.64595 20.52
      vertex 3.05764 -7.3818 20.52
      vertex 8.91519 -21.52316 20.52
    endloop
  endfacet
  facet normal 0 0 0
    outer loop
      vertex 8.91519 -21.52316 20.52
      vertex 8.55858 -20.66224 31.54
      vertex 10.59507 -19.82199 31.54
    endloop
  endfacet
  facet normal 0 0 0
    outer loop
      vertex 8.91519 -21.52316 20.52
      vertex 10.59507 -19.82199 31.54
      vertex 11.03654 -20.64791 20.52
    endloop
  endfacet
  facet normal 0 0 0
    outer loop
      vertex 3.05764 -7.3818 20.52
      vertex 3.46514 -6.48283 31.54
      vertex 2.81303 -6.79125 31.54
    endloop
  endfacet
  facet normal 0 0 0
    outer loop
      vertex 3.05764 -7.3818 20.52
      vertex 3.76646 -7.04655 20.52
      vertex 3.46514 -6.48283 31.54
    endloop
  endfacet
  facet normal 0 0 0
    outer loop
      vertex 2.81303 -6.79125 31.54
      vertex 8.55858 -20.66224 31.54
      vertex 10.59507 -19.82199 31.54
    endloop
  endfacet
  facet normal 0 0 0
    outer loop
      vertex 2.81303 -6.79125 31.54
      vertex 10.59507 -19.82199 31.54
      vertex 3.46514 -6.48283 31.54
    endloop
  endfacet
  facet normal 0 0 0
    outer loop
      vertex 3.05764 -7.3818 20.52
      vertex 11.03654 -20.64791 20.52
      vertex 8.91519 -21.52316 20.52
    endloop
  endfacet
  facet normal 0 0 0
    outer loop
      vertex 3.05764 -7.3818 20.52
      vertex 3.76646 -7.04655 20.52
      vertex 11.03654 -20.64791 20.52
    endloop
  endfacet
  facet normal 0 0 0
    outer loop
      vertex 11.03654 -20.64791 20.52
      vertex 10.59507 -19.82199 31.54
      vertex 12.69148 -18.99415 31.54
    endloop
  endfacet
  facet normal 0 0 0
    outer loop
      vertex 11.03654 -20.64791 20.52
      vertex 12.69148 -18.99415 31.54
      vertex 13.2203 -19.78557 20.52
    endloop
  endfacet
  facet normal 0 0 0
    outer loop
      vertex 3.76646 -7.04655 20.52
      vertex 4.08389 -6.11197 31.54
      vertex 3.46514 -6.48283 31.54
    endloop
  endfacet
  facet normal 0 0 0
    outer loop
      vertex 3.76646 -7.04655 20.52
      vertex 4.43901 -6.64344 20.52
      vertex 4.08389 -6.11197 31.54
    endloop
  endfacet
  facet normal 0 0 0
    outer loop
      vertex 3.46514 -6.48283 31.54
      vertex 10.59507 -19.82199 31.54
      vertex 12.69148 -18.99415 31.54
    endloop
  endfacet
  facet normal 0 0 0
    outer loop
      vertex 3.46514 -6.48283 31.54
      vertex 12.69148 -18.99415 31.54
      vertex 4.08389 -6.11197 31.54
    endloop
  endfacet
  facet normal 0 0 0
    outer loop
      vertex 3.76646 -7.04655 20.52
      vertex 13.2203 -19.78557 20.52
      vertex 11.03654 -20.64791 20.52
    endloop
  endfacet
  facet normal 0 0 0
    outer loop
      vertex 3.76646 -7.04655 20.52
      vertex 4.43901 -6.64344 20.52
      vertex 13.2203 -19.78557 20.52
    endloop
  endfacet
  facet normal 0 0 0
    outer loop
      vertex 13.2203 -19.78557 20.52
      vertex 12.69148 -18.99415 31.54
      vertex 14.60028 -17.7905 31.54
    endloop
  endfacet
  facet normal 0 0 0
    outer loop
      vertex 13.2203 -19.78557 20.52
      vertex 14.60028 -17.7905 31.54
      vertex 15.20863 -18.53177 20.52
    endloop
  endfacet
  facet normal 0 0 0
    outer loop
      vertex 4.43901 -6.64344 20.52
      vertex 4.6633 -5.68225 31.54
      vertex 4.08389 -6.11197 31.54
    endloop
  endfacet
  facet normal 0 0 0
    outer loop
      vertex 4.43901 -6.64344 20.52
      vertex 5.0688 -6.17635 20.52
      vertex 4.6633 -5.68225 31.54
    endloop
  endfacet
  facet normal 0 0 0
    outer loop
      vertex 4.08389 -6.11197 31.54
      vertex 12.69148 -18.99415 31.54
      vertex 14.60028 -17.7905 31.54
    endloop
  endfacet
  facet normal 0 0 0
    outer loop
      vertex 4.08389 -6.11197 31.54
      vertex 14.60028 -17.7905 31.54
      vertex 4.6633 -5.68225 31.54
    endloop
  endfacet
  facet normal 0 0 0
    outer loop
      vertex 4.43901 -6.64344 20.52
      vertex 15.20863 -18.53177 20.52
      vertex 13.2203 -19.78557 20.52
    endloop
  endfacet
  facet normal 0 0 0
    outer loop
      vertex 4.43901 -6.64344 20.52
      vertex 5.0688 -6.17635 20.52
      vertex 15.20863 -18.53177 20.52
    endloop
  endfacet
  facet normal 0 0 0
    outer loop
      vertex 15.20863 -18.53177 20.52
      vertex 14.60028 -17.7905 31.54
      vertex 14.8175 -14.8175 31.54
    endloop
  endfacet
  facet normal 0 0 0
    outer loop
      vertex 15.20863 -18.53177 20.52
      vertex 14.8175 -14.8175 31.54
      vertex 15.43489 -15.43489 20.52
    endloop
  endfacet
  facet normal 0 0 0
    outer loop
      vertex 5.0688 -6.17635 20.52
      vertex 5.1978 -5.1978 31.54
      vertex 4.6633 -5.68225 31.54
    endloop
  endfacet
  facet normal 0 0 0
    outer loop
      vertex 5.0688 -6.17635 20.52
      vertex 5.64978 -5.64978 20.52
      vertex 5.1978 -5.1978 31.54
    endloop
  endfacet
  facet normal 0 0 0
    outer loop
      vertex 4.6633 -5.68225 31.54
      vertex 14.60028 -17.7905 31.54
      vertex 14.8175 -14.8175 31.54
    endloop
  endfacet
  facet normal 0 0 0
    outer loop
      vertex 4.6633 -5.68225 31.54
      vertex 14.8175 -14.8175 31.54
      vertex 5.1978 -5.1978 31.54
    endloop
  endfacet
  facet normal 0 0 0
    outer loop
      vertex 5.0688 -6.17635 20.52
      vertex 15.43489 -15.43489 20.52
      vertex 15.20863 -18.53177 20.52
    endloop
  endfacet
  facet normal 0 0 0
    outer loop
      vertex 5.0688 -6.17635 20.52
      vertex 5.64978 -5.64978 20.52
      vertex 15.43489 -15.43489 20.52
    endloop
  endfacet
  facet normal 0 0 0
    outer loop
      vertex 15.43489 -15.43489 20.52
      vertex 14.8175 -14.8175 31.54
      vertex 15.92612 -13.07022 31.54
    endloop
  endfacet
  facet normal 0 0 0
    outer loop
      vertex 15.43489 -15.43489 20.52
      vertex 15.92612 -13.07022 31.54
      vertex 16.5897 -13.61482 20.52
    endloop
  endfacet
  facet normal 0 0 0
    outer loop
      vertex 5.64978 -5.64978 20.52
      vertex 5.68225 -4.6633 31.54
      vertex 5.1978 -5.1978 31.54
    endloop
  endfacet
  facet normal 0 0 0
    outer loop
      vertex 5.64978 -5.64978 20.52
      vertex 6.17635 -5.0688 20.52
      vertex 5.68225 -4.6633 31.54
    endloop
  endfacet
  facet normal 0 0 0
    outer loop
      vertex 5.1978 -5.1978 31.54
      vertex 14.8175 -14.8175 31.54
      vertex 15.92612 -13.07022 31.54
    endloop
  endfacet
  facet normal 0 0 0
    outer loop
      vertex 5.1978 -5.1978 31.54
      vertex 15.92612 -13.07022 31.54
      vertex 5.68225 -4.6633 31.54
    endloop
  endfacet
  facet normal 0 0 0
    outer loop
      vertex 5.64978 -5.64978 20.52
      vertex 16.5897 -13.61482 20.52
      vertex 15.43489 -15.43489 20.52
    endloop
  endfacet
  facet normal 0 0 0
    outer loop
      vertex 5.64978 -5.64978 20.52
      vertex 6.17635 -5.0688 20.52
      vertex 16.5897 -13.61482 20.52
    endloop
  endfacet
  facet normal 0 0 0
    outer loop
      vertex 16.5897 -13.61482 20.52
      vertex 15.92612 -13.07022 31.54
      vertex 17.10388 -11.42845 31.54
    endloop
  endfacet
  facet normal 0 0 0
    outer loop
      vertex 16.5897 -13.61482 20.52
      vertex 17.10388 -11.42845 31.54
      vertex 17.81655 -11.90464 20.52
    endloop
  endfacet
  facet normal 0 0 0
    outer loop
      vertex 6.17635 -5.0688 20.52
      vertex 6.11197 -4.08389 31.54
      vertex 5.68225 -4.6633 31.54
    endloop
  endfacet
  facet normal 0 0 0
    outer loop
      vertex 6.17635 -5.0688 20.52
      vertex 6.64344 -4.43901 20.52
      vertex 6.11197 -4.08389 31.54
    endloop
  endfacet
  facet normal 0 0 0
    outer loop
      vertex 5.68225 -4.6633 31.54
      vertex 15.92612 -13.07022 31.54
      vertex 17.10388 -11.42845 31.54
    endloop
  endfacet
  facet normal 0 0 0
    outer loop
      vertex 5.68225 -4.6633 31.54
      vertex 17.10388 -11.42845 31.54
      vertex 6.11197 -4.08389 31.54
    endloop
  endfacet
  facet normal 0 0 0
    outer loop
      vertex 6.17635 -5.0688 20.52
      vertex 17.81655 -11.90464 20.52
      vertex 16.5897 -13.61482 20.52
    endloop
  endfacet
  facet normal 0 0 0
    outer loop
      vertex 6.17635 -5.0688 20.52
      vertex 6.64344 -4.43901 20.52
      vertex 17.81655 -11.90464 20.52
    endloop
  endfacet
  facet normal 0 0 0
    outer loop
      vertex 17.81655 -11.90464 20.52
      vertex 17.10388 -11.42845 31.54
      vertex 18.43086 -9.8515 31.54
    endloop
  endfacet
  facet normal 0 0 0
    outer loop
      vertex 17.81655 -11.90464 20.52
      vertex 18.43086 -9.8515 31.54
      vertex 19.19881 -10.26198 20.52
    endloop
  endfacet
  facet normal 0 0 0
    outer loop
      vertex 6.64344 -4.43901 20.52
      vertex 6.48283 -3.46514 31.54
      vertex 6.11197 -4.08389 31.54
    endloop
  endfacet
  facet normal 0 0 0
    outer loop
      vertex 6.64344 -4.43901 20.52
      vertex 7.04655 -3.76646 20.52
      vertex 6.48283 -3.46514 31.54
    endloop
  endfacet
  facet normal 0 0 0
    outer loop
      vertex 6.11197 -4.08389 31.54
      vertex 17.10388 -11.42845 31.54
      vertex 18.43086 -9.8515 31.54
    endloop
  endfacet
  facet normal 0 0 0
    outer loop
      vertex 6.11197 -4.08389 31.54
      vertex 18.43086 -9.8515 31.54
      vertex 6.48283 -3.46514 31.54
    endloop
  endfacet
  facet normal 0 0 0
    outer loop
      vertex 6.64344 -4.43901 20.52
      vertex 19.19881 -10.26198 20.52
      vertex 17.81655 -11.90464 20.52
    endloop
  endfacet
  facet normal 0 0 0
    outer loop
      vertex 6.64344 -4.43901 20.52
      vertex 7.04655 -3.76646 20.52
      vertex 19.19881 -10.26198 20.52
    endloop
  endfacet
  facet normal 0 0 0
    outer loop
      vertex 19.19881 -10.26198 20.52
      vertex 18.43086 -9.8515 31.54
      vertex 19.56917 -8.10581 31.54
    endloop
  endfacet
  facet normal 0 0 0
    outer loop
      vertex 19.19881 -10.26198 20.52
      vertex 19.56917 -8.10581 31.54
      vertex 20.38455 -8.44356 20.52
    endloop
  endfacet
  facet normal 0 0 0
    outer loop
      vertex 7.04655 -3.76646 20.52
      vertex 6.79125 -2.81303 31.54
      vertex 6.48283 -3.46514 31.54
    endloop
  endfacet
  facet normal 0 0 0
    outer loop
      vertex 7.04655 -3.76646 20.52
      vertex 7.3818 -3.05764 20.52
      vertex 6.79125 -2.81303 31.54
    endloop
  endfacet
  facet normal 0 0 0
    outer loop
      vertex 6.48283 -3.46514 31.54
      vertex 18.43086 -9.8515 31.54
      vertex 19.56917 -8.10581 31.54
    endloop
  endfacet
  facet normal 0 0 0
    outer loop
      vertex 6.48283 -3.46514 31.54
      vertex 19.56917 -8.10581 31.54
      vertex 6.79125 -2.81303 31.54
    endloop
  endfacet
  facet normal 0 0 0
    outer loop
      vertex 7.04655 -3.76646 20.52
      vertex 20.38455 -8.44356 20.52
      vertex 19.19881 -10.26198 20.52
    endloop
  endfacet
  facet normal 0 0 0
    outer loop
      vertex 7.04655 -3.76646 20.52
      vertex 7.3818 -3.05764 20.52
      vertex 20.38455 -8.44356 20.52
    endloop
  endfacet
  facet normal 0 0 0
    outer loop
      vertex 20.38455 -8.44356 20.52
      vertex 19.56917 -8.10581 31.54
      vertex 20.16296 -6.11637 31.54
    endloop
  endfacet
  facet normal 0 0 0
    outer loop
      vertex 20.38455 -8.44356 20.52
      vertex 20.16296 -6.11637 31.54
      vertex 21.00308 -6.37122 20.52
    endloop
  endfacet
  facet normal 0 0 0
    outer loop
      vertex 7.3818 -3.05764 20.52
      vertex 7.03428 -2.13382 31.54
      vertex 6.79125 -2.81303 31.54
    endloop
  endfacet
  facet normal 0 0 0
    outer loop
      vertex 7.3818 -3.05764 20.52
      vertex 7.64595 -2.31937 20.52
      vertex 7.03428 -2.13382 31.54
    endloop
  endfacet
  facet normal 0 0 0
    outer loop
      vertex 6.79125 -2.81303 31.54
      vertex 19.56917 -8.10581 31.54
      vertex 20.16296 -6.11637 31.54
    endloop
  endfacet
  facet normal 0 0 0
    outer loop
      vertex 6.79125 -2.81303 31.54
      vertex 20.16296 -6.11637 31.54
      vertex 7.03428 -2.13382 31.54
    endloop
  endfacet
  facet normal 0 0 0
    outer loop
      vertex 7.3818 -3.05764 20.52
      vertex 21.00308 -6.37122 20.52
      vertex 20.38455 -8.44356 20.52
    endloop
  endfacet
  facet normal 0 0 0
    outer loop
      vertex 7.3818 -3.05764 20.52
      vertex 7.64595 -2.31937 20.52
      vertex 21.00308 -6.37122 20.52
    endloop
  endfacet
  facet normal 0 0 0
    outer loop
      vertex 21.00308 -6.37122 20.52
      vertex 20.16296 -6.11637 31.54
      vertex 20.3043 -4.03878 31.54
    endloop
  endfacet
  facet normal 0 0 0
    outer loop
      vertex 21.00308 -6.37122 20.52
      vertex 20.3043 -4.03878 31.54
      vertex 21.15031 -4.20706 20.52
    endloop
  endfacet
  facet normal 0 0 0
    outer loop
      vertex 7.64595 -2.31937 20.52
      vertex 7.20956 -1.43407 31.54
      vertex 7.03428 -2.13382 31.54
    endloop
  endfacet
  facet normal 0 0 0
    outer loop
      vertex 7.64595 -2.31937 20.52
      vertex 7.83647 -1.55877 20.52
      vertex 7.20956 -1.43407 31.54
    endloop
  endfacet
  facet normal 0 0 0
    outer loop
      vertex 7.03428 -2.13382 31.54
      vertex 20.16296 -6.11637 31.54
      vertex 20.3043 -4.03878 31.54
    endloop
  endfacet
  facet normal 0 0 0
    outer loop
      vertex 7.03428 -2.13382 31.54
      vertex 20.3043 -4.03878 31.54
      vertex 7.20956 -1.43407 31.54
    endloop
  endfacet
  facet normal 0 0 0
    outer loop
      vertex 7.64595 -2.31937 20.52
      vertex 21.15031 -4.20706 20.52
      vertex 21.00308 -6.37122 20.52
    endloop
  endfacet
  facet normal 0 0 0
    outer loop
      vertex 7.64595 -2.31937 20.52
      vertex 7.83647 -1.55877 20.52
      vertex 21.15031 -4.20706 20.52
    endloop
  endfacet
  facet normal 0 0 0
    outer loop
      vertex 21.15031 -4.20706 20.52
      vertex 20.3043 -4.03878 31.54
      vertex 22.24575 -2.19102 31.54
    endloop
  endfacet
  facet normal 0 0 0
    outer loop
      vertex 21.15031 -4.20706 20.52
      vertex 22.24575 -2.19102 31.54
      vertex 23.17266 -2.28231 20.52
    endloop
  endfacet
  facet normal 0 0 0
    outer loop
      vertex 7.83647 -1.55877 20.52
      vertex 7.3154 -0.7205 31.54
      vertex 7.20956 -1.43407 31.54
    endloop
  endfacet
  facet normal 0 0 0
    outer loop
      vertex 7.83647 -1.55877 20.52
      vertex 7.95153 -0.78316 20.52
      vertex 7.3154 -0.7205 31.54
    endloop
  endfacet
  facet normal 0 0 0
    outer loop
      vertex 7.20956 -1.43407 31.54
      vertex 20.3043 -4.03878 31.54
      vertex 22.24575 -2.19102 31.54
    endloop
  endfacet
  facet normal 0 0 0
    outer loop
      vertex 7.20956 -1.43407 31.54
      vertex 22.24575 -2.19102 31.54
      vertex 7.3154 -0.7205 31.54
    endloop
  endfacet
  facet normal 0 0 0
    outer loop
      vertex 7.83647 -1.55877 20.52
      vertex 23.17266 -2.28231 20.52
      vertex 21.15031 -4.20706 20.52
    endloop
  endfacet
  facet normal 0 0 0
    outer loop
      vertex 7.83647 -1.55877 20.52
      vertex 7.95153 -0.78316 20.52
      vertex 23.17266 -2.28231 20.52
    endloop
  endfacet
  facet normal 0 0 0
    outer loop
      vertex 23.17266 -2.28231 20.52
      vertex 22.24575 -2.19102 31.54
      vertex 22.59105 0 31.54
    endloop
  endfacet
  facet normal 0 0 0
    outer loop
      vertex 23.17266 -2.28231 20.52
      vertex 22.59105 0 31.54
      vertex 23.53234 0 20.52
    endloop
  endfacet
  facet normal 0 0 0
    outer loop
      vertex 7.95153 -0.78316 20.52
      vertex 7.3508 0 31.54
      vertex 7.3154 -0.7205 31.54
    endloop
  endfacet
  facet normal 0 0 0
    outer loop
      vertex 7.95153 -0.78316 20.52
      vertex 7.99 0 20.52
      vertex 7.3508 0 31.54
    endloop
  endfacet
  facet normal 0 0 0
    outer loop
      vertex 7.3154 -0.7205 31.54
      vertex 22.24575 -2.19102 31.54
      vertex 22.59105 0 31.54
    endloop
  endfacet
  facet normal 0 0 0
    outer loop
      vertex 7.3154 -0.7205 31.54
      vertex 22.59105 0 31.54
      vertex 7.3508 0 31.54
    endloop
  endfacet
  facet normal 0 0 0
    outer loop
      vertex 7.95153 -0.78316 20.52
      vertex 23.53234 0 20.52
      vertex 23.17266 -2.28231 20.52
    endloop
  endfacet
  facet normal 0 0 0
    outer loop
      vertex 7.95153 -0.78316 20.52
      vertex 7.99 0 20.52
      vertex 23.53234 0 20.52
    endloop
  endfacet
  facet normal 0 0 0
    outer loop
      vertex 26.62726 0 23.56
      vertex 25.56217 0 29.26
      vertex 26.02657 2.56339 29.26
    endloop
  endfacet
  facet normal 0 0 0
    outer loop
      vertex 26.62726 0 23.56
      vertex 26.02657 2.56339 29.26
      vertex 27.11101 2.6702 23.56
    endloop
  endfacet
  facet normal 0 0 0
    outer loop
      vertex 9.87 0 23.56
      vertex 9.03668 0.89003 29.26
      vertex 9.0804 0 29.26
    endloop
  endfacet
  facet normal 0 0 0
    outer loop
      vertex 9.87 0 23.56
      vertex 9.82247 0.96743 23.56
      vertex 9.03668 0.89003 29.26
    endloop
  endfacet
  facet normal 0 0 0
    outer loop
      vertex 9.0804 0 29.26
      vertex 25.56217 0 29.26
      vertex 26.02657 2.56339 29.26
    endloop
  endfacet
  facet normal 0 0 0
    outer loop
      vertex 9.0804 0 29.26
      vertex 26.02657 2.56339 29.26
      vertex 9.03668 0.89003 29.26
    endloop
  endfacet
  facet normal 0 0 0
    outer loop
      vertex 9.87 0 23.56
      vertex 27.11101 2.6702 23.56
      vertex 26.62726 0 23.56
    endloop
  endfacet
  facet normal 0 0 0
    outer loop
      vertex 9.87 0 23.56
      vertex 9.82247 0.96743 23.56
      vertex 27.11101 2.6702 23.56
    endloop
  endfacet
  facet normal 0 0 0
    outer loop
      vertex 27.11101 2.6702 23.56
      vertex 26.02657 2.56339 29.26
      vertex 22.70938 4.51718 29.26
    endloop
  endfacet
  facet normal 0 0 0
    outer loop
      vertex 27.11101 2.6702 23.56
      vertex 22.70938 4.51718 29.26
      vertex 23.65561 4.70539 23.56
    endloop
  endfacet
  facet normal 0 0 0
    outer loop
      vertex 9.82247 0.96743 23.56
      vertex 8.90592 1.7715 29.26
      vertex 9.03668 0.89003 29.26
    endloop
  endfacet
  facet normal 0 0 0
    outer loop
      vertex 9.82247 0.96743 23.56
      vertex 9.68035 1.92554 23.56
      vertex 8.90592 1.7715 29.26
    endloop
  endfacet
  facet normal 0 0 0
    outer loop
      vertex 9.03668 0.89003 29.26
      vertex 26.02657 2.56339 29.26
      vertex 22.70938 4.51718 29.26
    endloop
  endfacet
  facet normal 0 0 0
    outer loop
      vertex 9.03668 0.89003 29.26
      vertex 22.70938 4.51718 29.26
      vertex 8.90592 1.7715 29.26
    endloop
  endfacet
  facet normal 0 0 0
    outer loop
      vertex 9.82247 0.96743 23.56
      vertex 23.65561 4.70539 23.56
      vertex 27.11101 2.6702 23.56
    endloop
  endfacet
  facet normal 0 0 0
    outer loop
      vertex 9.82247 0.96743 23.56
      vertex 9.68035 1.92554 23.56
      vertex 23.65561 4.70539 23.56
    endloop
  endfacet
  facet normal 0 0 0
    outer loop
      vertex 23.65561 4.70539 23.56
      vertex 22.70938 4.51718 29.26
      vertex 21.63168 6.5619 29.26
    endloop
  endfacet
  facet normal 0 0 0
    outer loop
      vertex 23.65561 4.70539 23.56
      vertex 21.63168 6.5619 29.26
      vertex 22.533 6.83531 23.56
    endloop
  endfacet
  facet normal 0 0 0
    outer loop
      vertex 9.68035 1.92554 23.56
      vertex 8.6894 2.6359 29.26
      vertex 8.90592 1.7715 29.26
    endloop
  endfacet
  facet normal 0 0 0
    outer loop
      vertex 9.68035 1.92554 23.56
      vertex 9.445 2.86511 23.56
      vertex 8.6894 2.6359 29.26
    endloop
  endfacet
  facet normal 0 0 0
    outer loop
      vertex 8.90592 1.7715 29.26
      vertex 22.70938 4.51718 29.26
      vertex 21.63168 6.5619 29.26
    endloop
  endfacet
  facet normal 0 0 0
    outer loop
      vertex 8.90592 1.7715 29.26
      vertex 21.63168 6.5619 29.26
      vertex 8.6894 2.6359 29.26
    endloop
  endfacet
  facet normal 0 0 0
    outer loop
      vertex 9.68035 1.92554 23.56
      vertex 22.533 6.83531 23.56
      vertex 23.65561 4.70539 23.56
    endloop
  endfacet
  facet normal 0 0 0
    outer loop
      vertex 9.68035 1.92554 23.56
      vertex 9.445 2.86511 23.56
      vertex 22.533 6.83531 23.56
    endloop
  endfacet
  facet normal 0 0 0
    outer loop
      vertex 22.533 6.83531 23.56
      vertex 21.63168 6.5619 29.26
      vertex 20.44637 8.46916 29.26
    endloop
  endfacet
  facet normal 0 0 0
    outer loop
      vertex 22.533 6.83531 23.56
      vertex 20.44637 8.46916 29.26
      vertex 21.2983 8.82205 23.56
    endloop
  endfacet
  facet normal 0 0 0
    outer loop
      vertex 9.445 2.86511 23.56
      vertex 8.3892 3.47492 29.26
      vertex 8.6894 2.6359 29.26
    endloop
  endfacet
  facet normal 0 0 0
    outer loop
      vertex 9.445 2.86511 23.56
      vertex 9.11869 3.77709 23.56
      vertex 8.3892 3.47492 29.26
    endloop
  endfacet
  facet normal 0 0 0
    outer loop
      vertex 8.6894 2.6359 29.26
      vertex 21.63168 6.5619 29.26
      vertex 20.44637 8.46916 29.26
    endloop
  endfacet
  facet normal 0 0 0
    outer loop
      vertex 8.6894 2.6359 29.26
      vertex 20.44637 8.46916 29.26
      vertex 8.3892 3.47492 29.26
    endloop
  endfacet
  facet normal 0 0 0
    outer loop
      vertex 9.445 2.86511 23.56
      vertex 21.2983 8.82205 23.56
      vertex 22.533 6.83531 23.56
    endloop
  endfacet
  facet normal 0 0 0
    outer loop
      vertex 9.445 2.86511 23.56
      vertex 9.11869 3.77709 23.56
      vertex 21.2983 8.82205 23.56
    endloop
  endfacet
  facet normal 0 0 0
    outer loop
      vertex 21.2983 8.82205 23.56
      vertex 20.44637 8.46916 29.26
      vertex 19.68219 10.52035 29.26
    endloop
  endfacet
  facet normal 0 0 0
    outer loop
      vertex 21.2983 8.82205 23.56
      vertex 19.68219 10.52035 29.26
      vertex 20.50228 10.9587 23.56
    endloop
  endfacet
  facet normal 0 0 0
    outer loop
      vertex 9.11869 3.77709 23.56
      vertex 8.0082 4.28047 29.26
      vertex 8.3892 3.47492 29.26
    endloop
  endfacet
  facet normal 0 0 0
    outer loop
      vertex 9.11869 3.77709 23.56
      vertex 8.70456 4.65269 23.56
      vertex 8.0082 4.28047 29.26
    endloop
  endfacet
  facet normal 0 0 0
    outer loop
      vertex 8.3892 3.47492 29.26
      vertex 20.44637 8.46916 29.26
      vertex 19.68219 10.52035 29.26
    endloop
  endfacet
  facet normal 0 0 0
    outer loop
      vertex 8.3892 3.47492 29.26
      vertex 19.68219 10.52035 29.26
      vertex 8.0082 4.28047 29.26
    endloop
  endfacet
  facet normal 0 0 0
    outer loop
      vertex 9.11869 3.77709 23.56
      vertex 20.50228 10.9587 23.56
      vertex 21.2983 8.82205 23.56
    endloop
  endfacet
  facet normal 0 0 0
    outer loop
      vertex 9.11869 3.77709 23.56
      vertex 8.70456 4.65269 23.56
      vertex 20.50228 10.9587 23.56
    endloop
  endfacet
  facet normal 0 0 0
    outer loop
      vertex 20.50228 10.9587 23.56
      vertex 19.68219 10.52035 29.26
      vertex 19.06903 12.74152 29.26
    endloop
  endfacet
  facet normal 0 0 0
    outer loop
      vertex 20.50228 10.9587 23.56
      vertex 19.06903 12.74152 29.26
      vertex 19.86358 13.27242 23.56
    endloop
  endfacet
  facet normal 0 0 0
    outer loop
      vertex 8.70456 4.65269 23.56
      vertex 7.55008 5.0448 29.26
      vertex 8.0082 4.28047 29.26
    endloop
  endfacet
  facet normal 0 0 0
    outer loop
      vertex 8.70456 4.65269 23.56
      vertex 8.20661 5.48348 23.56
      vertex 7.55008 5.0448 29.26
    endloop
  endfacet
  facet normal 0 0 0
    outer loop
      vertex 8.0082 4.28047 29.26
      vertex 19.68219 10.52035 29.26
      vertex 19.06903 12.74152 29.26
    endloop
  endfacet
  facet normal 0 0 0
    outer loop
      vertex 8.0082 4.28047 29.26
      vertex 19.06903 12.74152 29.26
      vertex 7.55008 5.0448 29.26
    endloop
  endfacet
  facet normal 0 0 0
    outer loop
      vertex 8.70456 4.65269 23.56
      vertex 19.86358 13.27242 23.56
      vertex 20.50228 10.9587 23.56
    endloop
  endfacet
  facet normal 0 0 0
    outer loop
      vertex 8.70456 4.65269 23.56
      vertex 8.20661 5.48348 23.56
      vertex 19.86358 13.27242 23.56
    endloop
  endfacet
  facet normal 0 0 0
    outer loop
      vertex 19.86358 13.27242 23.56
      vertex 19.06903 12.74152 29.26
      vertex 17.94911 14.73045 29.26
    endloop
  endfacet
  facet normal 0 0 0
    outer loop
      vertex 19.86358 13.27242 23.56
      vertex 17.94911 14.73045 29.26
      vertex 18.69699 15.34422 23.56
    endloop
  endfacet
  facet normal 0 0 0
    outer loop
      vertex 8.20661 5.48348 23.56
      vertex 7.01924 5.76054 29.26
      vertex 7.55008 5.0448 29.26
    endloop
  endfacet
  facet normal 0 0 0
    outer loop
      vertex 8.20661 5.48348 23.56
      vertex 7.62961 6.26146 23.56
      vertex 7.01924 5.76054 29.26
    endloop
  endfacet
  facet normal 0 0 0
    outer loop
      vertex 7.55008 5.0448 29.26
      vertex 19.06903 12.74152 29.26
      vertex 17.94911 14.73045 29.26
    endloop
  endfacet
  facet normal 0 0 0
    outer loop
      vertex 7.55008 5.0448 29.26
      vertex 17.94911 14.73045 29.26
      vertex 7.01924 5.76054 29.26
    endloop
  endfacet
  facet normal 0 0 0
    outer loop
      vertex 8.20661 5.48348 23.56
      vertex 18.69699 15.34422 23.56
      vertex 19.86358 13.27242 23.56
    endloop
  endfacet
  facet normal 0 0 0
    outer loop
      vertex 8.20661 5.48348 23.56
      vertex 7.62961 6.26146 23.56
      vertex 18.69699 15.34422 23.56
    endloop
  endfacet
  facet normal 0 0 0
    outer loop
      vertex 18.69699 15.34422 23.56
      vertex 17.94911 14.73045 29.26
      vertex 16.13732 16.13732 29.26
    endloop
  endfacet
  facet normal 0 0 0
    outer loop
      vertex 18.69699 15.34422 23.56
      vertex 16.13732 16.13732 29.26
      vertex 16.80971 16.80971 23.56
    endloop
  endfacet
  facet normal 0 0 0
    outer loop
      vertex 7.62961 6.26146 23.56
      vertex 6.42081 6.42081 29.26
      vertex 7.01924 5.76054 29.26
    endloop
  endfacet
  facet normal 0 0 0
    outer loop
      vertex 7.62961 6.26146 23.56
      vertex 6.97914 6.97914 23.56
      vertex 6.42081 6.42081 29.26
    endloop
  endfacet
  facet normal 0 0 0
    outer loop
      vertex 7.01924 5.76054 29.26
      vertex 17.94911 14.73045 29.26
      vertex 16.13732 16.13732 29.26
    endloop
  endfacet
  facet normal 0 0 0
    outer loop
      vertex 7.01924 5.76054 29.26
      vertex 16.13732 16.13732 29.26
      vertex 6.42081 6.42081 29.26
    endloop
  endfacet
  facet normal 0 0 0
    outer loop
      vertex 7.62961 6.26146 23.56
      vertex 16.80971 16.80971 23.56
      vertex 18.69699 15.34422 23.56
    endloop
  endfacet
  facet normal 0 0 0
    outer loop
      vertex 7.62961 6.26146 23.56
      vertex 6.97914 6.97914 23.56
      vertex 16.80971 16.80971 23.56
    endloop
  endfacet
  facet normal 0 0 0
    outer loop
      vertex 16.80971 16.80971 23.56
      vertex 16.13732 16.13732 29.26
      vertex 16.03948 19.54417 29.26
    endloop
  endfacet
  facet normal 0 0 0
    outer loop
      vertex 16.80971 16.80971 23.56
      vertex 16.03948 19.54417 29.26
      vertex 16.70779 20.35851 23.56
    endloop
  endfacet
  facet normal 0 0 0
    outer loop
      vertex 6.97914 6.97914 23.56
      vertex 5.76054 7.01924 29.26
      vertex 6.42081 6.42081 29.26
    endloop
  endfacet
  facet normal 0 0 0
    outer loop
      vertex 6.97914 6.97914 23.56
      vertex 6.26146 7.62961 23.56
      vertex 5.76054 7.01924 29.26
    endloop
  endfacet
  facet normal 0 0 0
    outer loop
      vertex 6.42081 6.42081 29.26
      vertex 16.13732 16.13732 29.26
      vertex 16.03948 19.54417 29.26
    endloop
  endfacet
  facet normal 0 0 0
    outer loop
      vertex 6.42081 6.42081 29.26
      vertex 16.03948 19.54417 29.26
      vertex 5.76054 7.01924 29.26
    endloop
  endfacet
  facet normal 0 0 0
    outer loop
      vertex 6.97914 6.97914 23.56
      vertex 16.70779 20.35851 23.56
      vertex 16.80971 16.80971 23.56
    endloop
  endfacet
  facet normal 0 0 0
    outer loop
      vertex 6.97914 6.97914 23.56
      vertex 6.26146 7.62961 23.56
      vertex 16.70779 20.35851 23.56
    endloop
  endfacet
  facet normal 0 0 0
    outer loop
      vertex 16.70779 20.35851 23.56
      vertex 16.03948 19.54417 29.26
      vertex 14.01676 20.97756 29.26
    endloop
  endfacet
  facet normal 0 0 0
    outer loop
      vertex 16.70779 20.35851 23.56
      vertex 14.01676 20.97756 29.26
      vertex 14.60079 21.85162 23.56
    endloop
  endfacet
  facet normal 0 0 0
    outer loop
      vertex 6.26146 7.62961 23.56
      vertex 5.0448 7.55008 29.26
      vertex 5.76054 7.01924 29.26
    endloop
  endfacet
  facet normal 0 0 0
    outer loop
      vertex 6.26146 7.62961 23.56
      vertex 5.48348 8.20661 23.56
      vertex 5.0448 7.55008 29.26
    endloop
  endfacet
  facet normal 0 0 0
    outer loop
      vertex 5.76054 7.01924 29.26
      vertex 16.03948 19.54417 29.26
      vertex 14.01676 20.97756 29.26
    endloop
  endfacet
  facet normal 0 0 0
    outer loop
      vertex 5.76054 7.01924 29.26
      vertex 14.01676 20.97756 29.26
      vertex 5.0448 7.55008 29.26
    endloop
  endfacet
  facet normal 0 0 0
    outer loop
      vertex 6.26146 7.62961 23.56
      vertex 14.60079 21.85162 23.56
      vertex 16.70779 20.35851 23.56
    endloop
  endfacet
  facet normal 0 0 0
    outer loop
      vertex 6.26146 7.62961 23.56
      vertex 5.48348 8.20661 23.56
      vertex 14.60079 21.85162 23.56
    endloop
  endfacet
  facet normal 0 0 0
    outer loop
      vertex 14.60079 21.85162 23.56
      vertex 14.01676 20.97756 29.26
      vertex 12.15201 22.73481 29.26
    endloop
  endfacet
  facet normal 0 0 0
    outer loop
      vertex 14.60079 21.85162 23.56
      vertex 12.15201 22.73481 29.26
      vertex 12.65834 23.6821 23.56
    endloop
  endfacet
  facet normal 0 0 0
    outer loop
      vertex 5.48348 8.20661 23.56
      vertex 4.28047 8.0082 29.26
      vertex 5.0448 7.55008 29.26
    endloop
  endfacet
  facet normal 0 0 0
    outer loop
      vertex 5.48348 8.20661 23.56
      vertex 4.65269 8.70456 23.56
      vertex 4.28047 8.0082 29.26
    endloop
  endfacet
  facet normal 0 0 0
    outer loop
      vertex 5.0448 7.55008 29.26
      vertex 14.01676 20.97756 29.26
      vertex 12.15201 22.73481 29.26
    endloop
  endfacet
  facet normal 0 0 0
    outer loop
      vertex 5.0448 7.55008 29.26
      vertex 12.15201 22.73481 29.26
      vertex 4.28047 8.0082 29.26
    endloop
  endfacet
  facet normal 0 0 0
    outer loop
      vertex 5.48348 8.20661 23.56
      vertex 12.65834 23.6821 23.56
      vertex 14.60079 21.85162 23.56
    endloop
  endfacet
  facet normal 0 0 0
    outer loop
      vertex 5.48348 8.20661 23.56
      vertex 4.65269 8.70456 23.56
      vertex 12.65834 23.6821 23.56
    endloop
  endfacet
  facet normal 0 0 0
    outer loop
      vertex 12.65834 23.6821 23.56
      vertex 12.15201 22.73481 29.26
      vertex 10.04651 24.25442 29.26
    endloop
  endfacet
  facet normal 0 0 0
    outer loop
      vertex 12.65834 23.6821 23.56
      vertex 10.04651 24.25442 29.26
      vertex 10.46511 25.26502 23.56
    endloop
  endfacet
  facet normal 0 0 0
    outer loop
      vertex 4.65269 8.70456 23.56
      vertex 3.47492 8.3892 29.26
      vertex 4.28047 8.0082 29.26
    endloop
  endfacet
  facet normal 0 0 0
    outer loop
      vertex 4.65269 8.70456 23.56
      vertex 3.77709 9.11869 23.56
      vertex 3.47492 8.3892 29.26
    endloop
  endfacet
  facet normal 0 0 0
    outer loop
      vertex 4.28047 8.0082 29.26
      vertex 12.15201 22.73481 29.26
      vertex 10.04651 24.25442 29.26
    endloop
  endfacet
  facet normal 0 0 0
    outer loop
      vertex 4.28047 8.0082 29.26
      vertex 10.04651 24.25442 29.26
      vertex 3.47492 8.3892 29.26
    endloop
  endfacet
  facet normal 0 0 0
    outer loop
      vertex 4.65269 8.70456 23.56
      vertex 10.46511 25.26502 23.56
      vertex 12.65834 23.6821 23.56
    endloop
  endfacet
  facet normal 0 0 0
    outer loop
      vertex 4.65269 8.70456 23.56
      vertex 3.77709 9.11869 23.56
      vertex 10.46511 25.26502 23.56
    endloop
  endfacet
  facet normal 0 0 0
    outer loop
      vertex 10.46511 25.26502 23.56
      vertex 10.04651 24.25442 29.26
      vertex 6.68075 22.02349 29.26
    endloop
  endfacet
  facet normal 0 0 0
    outer loop
      vertex 10.46511 25.26502 23.56
      vertex 6.68075 22.02349 29.26
      vertex 6.95912 22.94113 23.56
    endloop
  endfacet
  facet normal 0 0 0
    outer loop
      vertex 3.77709 9.11869 23.56
      vertex 2.6359 8.6894 29.26
      vertex 3.47492 8.3892 29.26
    endloop
  endfacet
  facet normal 0 0 0
    outer loop
      vertex 3.77709 9.11869 23.56
      vertex 2.86511 9.445 23.56
      vertex 2.6359 8.6894 29.26
    endloop
  endfacet
  facet normal 0 0 0
    outer loop
      vertex 3.47492 8.3892 29.26
      vertex 10.04651 24.25442 29.26
      vertex 6.68075 22.02349 29.26
    endloop
  endfacet
  facet normal 0 0 0
    outer loop
      vertex 3.47492 8.3892 29.26
      vertex 6.68075 22.02349 29.26
      vertex 2.6359 8.6894 29.26
    endloop
  endfacet
  facet normal 0 0 0
    outer loop
      vertex 3.77709 9.11869 23.56
      vertex 6.95912 22.94113 23.56
      vertex 10.46511 25.26502 23.56
    endloop
  endfacet
  facet normal 0 0 0
    outer loop
      vertex 3.77709 9.11869 23.56
      vertex 2.86511 9.445 23.56
      vertex 6.95912 22.94113 23.56
    endloop
  endfacet
  facet normal 0 0 0
    outer loop
      vertex 6.95912 22.94113 23.56
      vertex 6.68075 22.02349 29.26
      vertex 4.36958 21.96739 29.26
    endloop
  endfacet
  facet normal 0 0 0
    outer loop
      vertex 6.95912 22.94113 23.56
      vertex 4.36958 21.96739 29.26
      vertex 4.55165 22.88269 23.56
    endloop
  endfacet
  facet normal 0 0 0
    outer loop
      vertex 2.86511 9.445 23.56
      vertex 1.7715 8.90592 29.26
      vertex 2.6359 8.6894 29.26
    endloop
  endfacet
  facet normal 0 0 0
    outer loop
      vertex 2.86511 9.445 23.56
      vertex 1.92554 9.68035 23.56
      vertex 1.7715 8.90592 29.26
    endloop
  endfacet
  facet normal 0 0 0
    outer loop
      vertex 2.6359 8.6894 29.26
      vertex 6.68075 22.02349 29.26
      vertex 4.36958 21.96739 29.26
    endloop
  endfacet
  facet normal 0 0 0
    outer loop
      vertex 2.6359 8.6894 29.26
      vertex 4.36958 21.96739 29.26
      vertex 1.7715 8.90592 29.26
    endloop
  endfacet
  facet normal 0 0 0
    outer loop
      vertex 2.86511 9.445 23.56
      vertex 4.55165 22.88269 23.56
      vertex 6.95912 22.94113 23.56
    endloop
  endfacet
  facet normal 0 0 0
    outer loop
      vertex 2.86511 9.445 23.56
      vertex 1.92554 9.68035 23.56
      vertex 4.55165 22.88269 23.56
    endloop
  endfacet
  facet normal 0 0 0
    outer loop
      vertex 4.55165 22.88269 23.56
      vertex 4.36958 21.96739 29.26
      vertex 2.16737 22.00566 29.26
    endloop
  endfacet
  facet normal 0 0 0
    outer loop
      vertex 4.55165 22.88269 23.56
      vertex 2.16737 22.00566 29.26
      vertex 2.25768 22.92256 23.56
    endloop
  endfacet
  facet normal 0 0 0
    outer loop
      vertex 1.92554 9.68035 23.56
      vertex 0.89003 9.03668 29.26
      vertex 1.7715 8.90592 29.26
    endloop
  endfacet
  facet normal 0 0 0
    outer loop
      vertex 1.92554 9.68035 23.56
      vertex 0.96743 9.82247 23.56
      vertex 0.89003 9.03668 29.26
    endloop
  endfacet
  facet normal 0 0 0
    outer loop
      vertex 1.7715 8.90592 29.26
      vertex 4.36958 21.96739 29.26
      vertex 2.16737 22.00566 29.26
    endloop
  endfacet
  facet normal 0 0 0
    outer loop
      vertex 1.7715 8.90592 29.26
      vertex 2.16737 22.00566 29.26
      vertex 0.89003 9.03668 29.26
    endloop
  endfacet
  facet normal 0 0 0
    outer loop
      vertex 1.92554 9.68035 23.56
      vertex 2.25768 22.92256 23.56
      vertex 4.55165 22.88269 23.56
    endloop
  endfacet
  facet normal 0 0 0
    outer loop
      vertex 1.92554 9.68035 23.56
      vertex 0.96743 9.82247 23.56
      vertex 2.25768 22.92256 23.56
    endloop
  endfacet
  facet normal 0 0 0
    outer loop
      vertex 2.25768 22.92256 23.56
      vertex 2.16737 22.00566 29.26
      vertex 0 22.51027 29.26
    endloop
  endfacet
  facet normal 0 0 0
    outer loop
      vertex 2.25768 22.92256 23.56
      vertex 0 22.51027 29.26
      vertex 0 23.4482 23.56
    endloop
  endfacet
  facet normal 0 0 0
    outer loop
      vertex 0.96743 9.82247 23.56
      vertex 0 9.0804 29.26
      vertex 0.89003 9.03668 29.26
    endloop
  endfacet
  facet normal 0 0 0
    outer loop
      vertex 0.96743 9.82247 23.56
      vertex 0 9.87 23.56
      vertex 0 9.0804 29.26
    endloop
  endfacet
  facet normal 0 0 0
    outer loop
      vertex 0.89003 9.03668 29.26
      vertex 2.16737 22.00566 29.26
      vertex 0 22.51027 29.26
    endloop
  endfacet
  facet normal 0 0 0
    outer loop
      vertex 0.89003 9.03668 29.26
      vertex 0 22.51027 29.26
      vertex 0 9.0804 29.26
    endloop
  endfacet
  facet normal 0 0 0
    outer loop
      vertex 0.96743 9.82247 23.56
      vertex 0 23.4482 23.56
      vertex 2.25768 22.92256 23.56
    endloop
  endfacet
  facet normal 0 0 0
    outer loop
      vertex 0.96743 9.82247 23.56
      vertex 0 9.87 23.56
      vertex 0 23.4482 23.56
    endloop
  endfacet
  facet normal 0 0 0
    outer loop
      vertex 0 23.4482 23.56
      vertex 0 22.51027 29.26
      vertex -2.26425 22.98936 29.26
    endloop
  endfacet
  facet normal 0 0 0
    outer loop
      vertex 0 23.4482 23.56
      vertex -2.26425 22.98936 29.26
      vertex -2.3586 23.94725 23.56
    endloop
  endfacet
  facet normal 0 0 0
    outer loop
      vertex 0 9.87 23.56
      vertex -0.89003 9.03668 29.26
      vertex 0 9.0804 29.26
    endloop
  endfacet
  facet normal 0 0 0
    outer loop
      vertex 0 9.87 23.56
      vertex -0.96743 9.82247 23.56
      vertex -0.89003 9.03668 29.26
    endloop
  endfacet
  facet normal 0 0 0
    outer loop
      vertex 0 9.0804 29.26
      vertex 0 22.51027 29.26
      vertex -2.26425 22.98936 29.26
    endloop
  endfacet
  facet normal 0 0 0
    outer loop
      vertex 0 9.0804 29.26
      vertex -2.26425 22.98936 29.26
      vertex -0.89003 9.03668 29.26
    endloop
  endfacet
  facet normal 0 0 0
    outer loop
      vertex 0 9.87 23.56
      vertex -2.3586 23.94725 23.56
      vertex 0 23.4482 23.56
    endloop
  endfacet
  facet normal 0 0 0
    outer loop
      vertex 0 9.87 23.56
      vertex -0.96743 9.82247 23.56
      vertex -2.3586 23.94725 23.56
    endloop
  endfacet
  facet normal 0 0 0
    outer loop
      vertex -2.3586 23.94725 23.56
      vertex -2.26425 22.98936 29.26
      vertex -4.51718 22.70938 29.26
    endloop
  endfacet
  facet normal 0 0 0
    outer loop
      vertex -2.3586 23.94725 23.56
      vertex -4.51718 22.70938 29.26
      vertex -4.70539 23.65561 23.56
    endloop
  endfacet
  facet normal 0 0 0
    outer loop
      vertex -0.96743 9.82247 23.56
      vertex -1.7715 8.90592 29.26
      vertex -0.89003 9.03668 29.26
    endloop
  endfacet
  facet normal 0 0 0
    outer loop
      vertex -0.96743 9.82247 23.56
      vertex -1.92554 9.68035 23.56
      vertex -1.7715 8.90592 29.26
    endloop
  endfacet
  facet normal 0 0 0
    outer loop
      vertex -0.89003 9.03668 29.26
      vertex -2.26425 22.98936 29.26
      vertex -4.51718 22.70938 29.26
    endloop
  endfacet
  facet normal 0 0 0
    outer loop
      vertex -0.89003 9.03668 29.26
      vertex -4.51718 22.70938 29.26
      vertex -1.7715 8.90592 29.26
    endloop
  endfacet
  facet normal 0 0 0
    outer loop
      vertex -0.96743 9.82247 23.56
      vertex -4.70539 23.65561 23.56
      vertex -2.3586 23.94725 23.56
    endloop
  endfacet
  facet normal 0 0 0
    outer loop
      vertex -0.96743 9.82247 23.56
      vertex -1.92554 9.68035 23.56
      vertex -4.70539 23.65561 23.56
    endloop
  endfacet
  facet normal 0 0 0
    outer loop
      vertex -4.70539 23.65561 23.56
      vertex -4.51718 22.70938 29.26
      vertex -6.5619 21.63168 29.26
    endloop
  endfacet
  facet normal 0 0 0
    outer loop
      vertex -4.70539 23.65561 23.56
      vertex -6.5619 21.63168 29.26
      vertex -6.83531 22.533 23.56
    endloop
  endfacet
  facet normal 0 0 0
    outer loop
      vertex -1.92554 9.68035 23.56
      vertex -2.6359 8.6894 29.26
      vertex -1.7715 8.90592 29.26
    endloop
  endfacet
  facet normal 0 0 0
    outer loop
      vertex -1.92554 9.68035 23.56
      vertex -2.86511 9.445 23.56
      vertex -2.6359 8.6894 29.26
    endloop
  endfacet
  facet normal 0 0 0
    outer loop
      vertex -1.7715 8.90592 29.26
      vertex -4.51718 22.70938 29.26
      vertex -6.5619 21.63168 29.26
    endloop
  endfacet
  facet normal 0 0 0
    outer loop
      vertex -1.7715 8.90592 29.26
      vertex -6.5619 21.63168 29.26
      vertex -2.6359 8.6894 29.26
    endloop
  endfacet
  facet normal 0 0 0
    outer loop
      vertex -1.92554 9.68035 23.56
      vertex -6.83531 22.533 23.56
      vertex -4.70539 23.65561 23.56
    endloop
  endfacet
  facet normal 0 0 0
    outer loop
      vertex -1.92554 9.68035 23.56
      vertex -2.86511 9.445 23.56
      vertex -6.83531 22.533 23.56
    endloop
  endfacet
  facet normal 0 0 0
    outer loop
      vertex -6.83531 22.533 23.56
      vertex -6.5619 21.63168 29.26
      vertex -9.63707 23.26596 29.26
    endloop
  endfacet
  facet normal 0 0 0
    outer loop
      vertex -6.83531 22.533 23.56
      vertex -9.63707 23.26596 29.26
      vertex -10.03862 24.23537 23.56
    endloop
  endfacet
  facet normal 0 0 0
    outer loop
      vertex -2.86511 9.445 23.56
      vertex -3.47492 8.3892 29.26
      vertex -2.6359 8.6894 29.26
    endloop
  endfacet
  facet normal 0 0 0
    outer loop
      vertex -2.86511 9.445 23.56
      vertex -3.77709 9.11869 23.56
      vertex -3.47492 8.3892 29.26
    endloop
  endfacet
  facet normal 0 0 0
    outer loop
      vertex -2.6359 8.6894 29.26
      vertex -6.5619 21.63168 29.26
      vertex -9.63707 23.26596 29.26
    endloop
  endfacet
  facet normal 0 0 0
    outer loop
      vertex -2.6359 8.6894 29.26
      vertex -9.63707 23.26596 29.26
      vertex -3.47492 8.3892 29.26
    endloop
  endfacet
  facet normal 0 0 0
    outer loop
      vertex -2.86511 9.445 23.56
      vertex -10.03862 24.23537 23.56
      vertex -6.83531 22.533 23.56
    endloop
  endfacet
  facet normal 0 0 0
    outer loop
      vertex -2.86511 9.445 23.56
      vertex -3.77709 9.11869 23.56
      vertex -10.03862 24.23537 23.56
    endloop
  endfacet
  facet normal 0 0 0
    outer loop
      vertex -10.03862 24.23537 23.56
      vertex -9.63707 23.26596 29.26
      vertex -11.95901 22.37372 29.26
    endloop
  endfacet
  facet normal 0 0 0
    outer loop
      vertex -10.03862 24.23537 23.56
      vertex -11.95901 22.37372 29.26
      vertex -12.4573 23.30596 23.56
    endloop
  endfacet
  facet normal 0 0 0
    outer loop
      vertex -3.77709 9.11869 23.56
      vertex -4.28047 8.0082 29.26
      vertex -3.47492 8.3892 29.26
    endloop
  endfacet
  facet normal 0 0 0
    outer loop
      vertex -3.77709 9.11869 23.56
      vertex -4.65269 8.70456 23.56
      vertex -4.28047 8.0082 29.26
    endloop
  endfacet
  facet normal 0 0 0
    outer loop
      vertex -3.47492 8.3892 29.26
      vertex -9.63707 23.26596 29.26
      vertex -11.95901 22.37372 29.26
    endloop
  endfacet
  facet normal 0 0 0
    outer loop
      vertex -3.47492 8.3892 29.26
      vertex -11.95901 22.37372 29.26
      vertex -4.28047 8.0082 29.26
    endloop
  endfacet
  facet normal 0 0 0
    outer loop
      vertex -3.77709 9.11869 23.56
      vertex -12.4573 23.30596 23.56
      vertex -10.03862 24.23537 23.56
    endloop
  endfacet
  facet normal 0 0 0
    outer loop
      vertex -3.77709 9.11869 23.56
      vertex -4.65269 8.70456 23.56
      vertex -12.4573 23.30596 23.56
    endloop
  endfacet
  facet normal 0 0 0
    outer loop
      vertex -12.4573 23.30596 23.56
      vertex -11.95901 22.37372 29.26
      vertex -14.43706 21.60659 29.26
    endloop
  endfacet
  facet normal 0 0 0
    outer loop
      vertex -12.4573 23.30596 23.56
      vertex -14.43706 21.60659 29.26
      vertex -15.03861 22.50687 23.56
    endloop
  endfacet
  facet normal 0 0 0
    outer loop
      vertex -4.65269 8.70456 23.56
      vertex -5.0448 7.55008 29.26
      vertex -4.28047 8.0082 29.26
    endloop
  endfacet
  facet normal 0 0 0
    outer loop
      vertex -4.65269 8.70456 23.56
      vertex -5.48348 8.20661 23.56
      vertex -5.0448 7.55008 29.26
    endloop
  endfacet
  facet normal 0 0 0
    outer loop
      vertex -4.28047 8.0082 29.26
      vertex -11.95901 22.37372 29.26
      vertex -14.43706 21.60659 29.26
    endloop
  endfacet
  facet normal 0 0 0
    outer loop
      vertex -4.28047 8.0082 29.26
      vertex -14.43706 21.60659 29.26
      vertex -5.0448 7.55008 29.26
    endloop
  endfacet
  facet normal 0 0 0
    outer loop
      vertex -4.65269 8.70456 23.56
      vertex -15.03861 22.50687 23.56
      vertex -12.4573 23.30596 23.56
    endloop
  endfacet
  facet normal 0 0 0
    outer loop
      vertex -4.65269 8.70456 23.56
      vertex -5.48348 8.20661 23.56
      vertex -15.03861 22.50687 23.56
    endloop
  endfacet
  facet normal 0 0 0
    outer loop
      vertex -15.03861 22.50687 23.56
      vertex -14.43706 21.60659 29.26
      vertex -16.66655 20.30826 29.26
    endloop
  endfacet
  facet normal 0 0 0
    outer loop
      vertex -15.03861 22.50687 23.56
      vertex -16.66655 20.30826 29.26
      vertex -17.36099 21.15443 23.56
    endloop
  endfacet
  facet normal 0 0 0
    outer loop
      vertex -5.48348 8.20661 23.56
      vertex -5.76054 7.01924 29.26
      vertex -5.0448 7.55008 29.26
    endloop
  endfacet
  facet normal 0 0 0
    outer loop
      vertex -5.48348 8.20661 23.56
      vertex -6.26146 7.62961 23.56
      vertex -5.76054 7.01924 29.26
    endloop
  endfacet
  facet normal 0 0 0
    outer loop
      vertex -5.0448 7.55008 29.26
      vertex -14.43706 21.60659 29.26
      vertex -16.66655 20.30826 29.26
    endloop
  endfacet
  facet normal 0 0 0
    outer loop
      vertex -5.0448 7.55008 29.26
      vertex -16.66655 20.30826 29.26
      vertex -5.76054 7.01924 29.26
    endloop
  endfacet
  facet normal 0 0 0
    outer loop
      vertex -5.48348 8.20661 23.56
      vertex -17.36099 21.15443 23.56
      vertex -15.03861 22.50687 23.56
    endloop
  endfacet
  facet normal 0 0 0
    outer loop
      vertex -5.48348 8.20661 23.56
      vertex -6.26146 7.62961 23.56
      vertex -17.36099 21.15443 23.56
    endloop
  endfacet
  facet normal 0 0 0
    outer loop
      vertex -17.36099 21.15443 23.56
      vertex -16.66655 20.30826 29.26
      vertex -16.13732 16.13732 29.26
    endloop
  endfacet
  facet normal 0 0 0
    outer loop
      vertex -17.36099 21.15443 23.56
      vertex -16.13732 16.13732 29.26
      vertex -16.80971 16.80971 23.56
    endloop
  endfacet
  facet normal 0 0 0
    outer loop
      vertex -6.26146 7.62961 23.56
      vertex -6.42081 6.42081 29.26
      vertex -5.76054 7.01924 29.26
    endloop
  endfacet
  facet normal 0 0 0
    outer loop
      vertex -6.26146 7.62961 23.56
      vertex -6.97914 6.97914 23.56
      vertex -6.42081 6.42081 29.26
    endloop
  endfacet
  facet normal 0 0 0
    outer loop
      vertex -5.76054 7.01924 29.26
      vertex -16.66655 20.30826 29.26
      vertex -16.13732 16.13732 29.26
    endloop
  endfacet
  facet normal 0 0 0
    outer loop
      vertex -5.76054 7.01924 29.26
      vertex -16.13732 16.13732 29.26
      vertex -6.42081 6.42081 29.26
    endloop
  endfacet
  facet normal 0 0 0
    outer loop
      vertex -6.26146 7.62961 23.56
      vertex -16.80971 16.80971 23.56
      vertex -17.36099 21.15443 23.56
    endloop
  endfacet
  facet normal 0 0 0
    outer loop
      vertex -6.26146 7.62961 23.56
      vertex -6.97914 6.97914 23.56
      vertex -16.80971 16.80971 23.56
    endloop
  endfacet
  facet normal 0 0 0
    outer loop
      vertex -16.80971 16.80971 23.56
      vertex -16.13732 16.13732 29.26
      vertex -17.18502 14.10338 29.26
    endloop
  endfacet
  facet normal 0 0 0
    outer loop
      vertex -16.80971 16.80971 23.56
      vertex -17.18502 14.10338 29.26
      vertex -17.90106 14.69102 23.56
    endloop
  endfacet
  facet normal 0 0 0
    outer loop
      vertex -6.97914 6.97914 23.56
      vertex -7.01924 5.76054 29.26
      vertex -6.42081 6.42081 29.26
    endloop
  endfacet
  facet normal 0 0 0
    outer loop
      vertex -6.97914 6.97914 23.56
      vertex -7.62961 6.26146 23.56
      vertex -7.01924 5.76054 29.26
    endloop
  endfacet
  facet normal 0 0 0
    outer loop
      vertex -6.42081 6.42081 29.26
      vertex -16.13732 16.13732 29.26
      vertex -17.18502 14.10338 29.26
    endloop
  endfacet
  facet normal 0 0 0
    outer loop
      vertex -6.42081 6.42081 29.26
      vertex -17.18502 14.10338 29.26
      vertex -7.01924 5.76054 29.26
    endloop
  endfacet
  facet normal 0 0 0
    outer loop
      vertex -6.97914 6.97914 23.56
      vertex -17.90106 14.69102 23.56
      vertex -16.80971 16.80971 23.56
    endloop
  endfacet
  facet normal 0 0 0
    outer loop
      vertex -6.97914 6.97914 23.56
      vertex -7.62961 6.26146 23.56
      vertex -17.90106 14.69102 23.56
    endloop
  endfacet
  facet normal 0 0 0
    outer loop
      vertex -17.90106 14.69102 23.56
      vertex -17.18502 14.10338 29.26
      vertex -18.44 12.32121 29.26
    endloop
  endfacet
  facet normal 0 0 0
    outer loop
      vertex -17.90106 14.69102 23.56
      vertex -18.44 12.32121 29.26
      vertex -19.20833 12.8346 23.56
    endloop
  endfacet
  facet normal 0 0 0
    outer loop
      vertex -7.62961 6.26146 23.56
      vertex -7.55008 5.0448 29.26
      vertex -7.01924 5.76054 29.26
    endloop
  endfacet
  facet normal 0 0 0
    outer loop
      vertex -7.62961 6.26146 23.56
      vertex -8.20661 5.48348 23.56
      vertex -7.55008 5.0448 29.26
    endloop
  endfacet
  facet normal 0 0 0
    outer loop
      vertex -7.01924 5.76054 29.26
      vertex -17.18502 14.10338 29.26
      vertex -18.44 12.32121 29.26
    endloop
  endfacet
  facet normal 0 0 0
    outer loop
      vertex -7.01924 5.76054 29.26
      vertex -18.44 12.32121 29.26
      vertex -7.55008 5.0448 29.26
    endloop
  endfacet
  facet normal 0 0 0
    outer loop
      vertex -7.62961 6.26146 23.56
      vertex -19.20833 12.8346 23.56
      vertex -17.90106 14.69102 23.56
    endloop
  endfacet
  facet normal 0 0 0
    outer loop
      vertex -7.62961 6.26146 23.56
      vertex -8.20661 5.48348 23.56
      vertex -19.20833 12.8346 23.56
    endloop
  endfacet
  facet normal 0 0 0
    outer loop
      vertex -19.20833 12.8346 23.56
      vertex -18.44 12.32121 29.26
      vertex -20.04328 10.71336 29.26
    endloop
  endfacet
  facet normal 0 0 0
    outer loop
      vertex -19.20833 12.8346 23.56
      vertex -20.04328 10.71336 29.26
      vertex -20.87842 11.15975 23.56
    endloop
  endfacet
  facet normal 0 0 0
    outer loop
      vertex -8.20661 5.48348 23.56
      vertex -8.0082 4.28047 29.26
      vertex -7.55008 5.0448 29.26
    endloop
  endfacet
  facet normal 0 0 0
    outer loop
      vertex -8.20661 5.48348 23.56
      vertex -8.70456 4.65269 23.56
      vertex -8.0082 4.28047 29.26
    endloop
  endfacet
  facet normal 0 0 0
    outer loop
      vertex -7.55008 5.0448 29.26
      vertex -18.44 12.32121 29.26
      vertex -20.04328 10.71336 29.26
    endloop
  endfacet
  facet normal 0 0 0
    outer loop
      vertex -7.55008 5.0448 29.26
      vertex -20.04328 10.71336 29.26
      vertex -8.0082 4.28047 29.26
    endloop
  endfacet
  facet normal 0 0 0
    outer loop
      vertex -8.20661 5.48348 23.56
      vertex -20.87842 11.15975 23.56
      vertex -19.20833 12.8346 23.56
    endloop
  endfacet
  facet normal 0 0 0
    outer loop
      vertex -8.20661 5.48348 23.56
      vertex -8.70456 4.65269 23.56
      vertex -20.87842 11.15975 23.56
    endloop
  endfacet
  facet normal 0 0 0
    outer loop
      vertex -20.87842 11.15975 23.56
      vertex -20.04328 10.71336 29.26
      vertex -21.43483 8.8786 29.26
    endloop
  endfacet
  facet normal 0 0 0
    outer loop
      vertex -20.87842 11.15975 23.56
      vertex -21.43483 8.8786 29.26
      vertex -22.32795 9.24854 23.56
    endloop
  endfacet
  facet normal 0 0 0
    outer loop
      vertex -8.70456 4.65269 23.56
      vertex -8.3892 3.47492 29.26
      vertex -8.0082 4.28047 29.26
    endloop
  endfacet
  facet normal 0 0 0
    outer loop
      vertex -8.70456 4.65269 23.56
      vertex -9.11869 3.77709 23.56
      vertex -8.3892 3.47492 29.26
    endloop
  endfacet
  facet normal 0 0 0
    outer loop
      vertex -8.0082 4.28047 29.26
      vertex -20.04328 10.71336 29.26
      vertex -21.43483 8.8786 29.26
    endloop
  endfacet
  facet normal 0 0 0
    outer loop
      vertex -8.0082 4.28047 29.26
      vertex -21.43483 8.8786 29.26
      vertex -8.3892 3.47492 29.26
    endloop
  endfacet
  facet normal 0 0 0
    outer loop
      vertex -8.70456 4.65269 23.56
      vertex -22.32795 9.24854 23.56
      vertex -20.87842 11.15975 23.56
    endloop
  endfacet
  facet normal 0 0 0
    outer loop
      vertex -8.70456 4.65269 23.56
      vertex -9.11869 3.77709 23.56
      vertex -22.32795 9.24854 23.56
    endloop
  endfacet
  facet normal 0 0 0
    outer loop
      vertex -22.32795 9.24854 23.56
      vertex -21.43483 8.8786 29.26
      vertex -22.02349 6.68075 29.26
    endloop
  endfacet
  facet normal 0 0 0
    outer loop
      vertex -22.32795 9.24854 23.56
      vertex -22.02349 6.68075 29.26
      vertex -22.94113 6.95912 23.56
    endloop
  endfacet
  facet normal 0 0 0
    outer loop
      vertex -9.11869 3.77709 23.56
      vertex -8.6894 2.6359 29.26
      vertex -8.3892 3.47492 29.26
    endloop
  endfacet
  facet normal 0 0 0
    outer loop
      vertex -9.11869 3.77709 23.56
      vertex -9.445 2.86511 23.56
      vertex -8.6894 2.6359 29.26
    endloop
  endfacet
  facet normal 0 0 0
    outer loop
      vertex -8.3892 3.47492 29.26
      vertex -21.43483 8.8786 29.26
      vertex -22.02349 6.68075 29.26
    endloop
  endfacet
  facet normal 0 0 0
    outer loop
      vertex -8.3892 3.47492 29.26
      vertex -22.02349 6.68075 29.26
      vertex -8.6894 2.6359 29.26
    endloop
  endfacet
  facet normal 0 0 0
    outer loop
      vertex -9.11869 3.77709 23.56
      vertex -22.94113 6.95912 23.56
      vertex -22.32795 9.24854 23.56
    endloop
  endfacet
  facet normal 0 0 0
    outer loop
      vertex -9.11869 3.77709 23.56
      vertex -9.445 2.86511 23.56
      vertex -22.94113 6.95912 23.56
    endloop
  endfacet
  facet normal 0 0 0
    outer loop
      vertex -22.94113 6.95912 23.56
      vertex -22.02349 6.68075 29.26
      vertex -21.96739 4.36958 29.26
    endloop
  endfacet
  facet normal 0 0 0
    outer loop
      vertex -22.94113 6.95912 23.56
      vertex -21.96739 4.36958 29.26
      vertex -22.88269 4.55165 23.56
    endloop
  endfacet
  facet normal 0 0 0
    outer loop
      vertex -9.445 2.86511 23.56
      vertex -8.90592 1.7715 29.26
      vertex -8.6894 2.6359 29.26
    endloop
  endfacet
  facet normal 0 0 0
    outer loop
      vertex -9.445 2.86511 23.56
      vertex -9.68035 1.92554 23.56
      vertex -8.90592 1.7715 29.26
    endloop
  endfacet
  facet normal 0 0 0
    outer loop
      vertex -8.6894 2.6359 29.26
      vertex -22.02349 6.68075 29.26
      vertex -21.96739 4.36958 29.26
    endloop
  endfacet
  facet normal 0 0 0
    outer loop
      vertex -8.6894 2.6359 29.26
      vertex -21.96739 4.36958 29.26
      vertex -8.90592 1.7715 29.26
    endloop
  endfacet
  facet normal 0 0 0
    outer loop
      vertex -9.445 2.86511 23.56
      vertex -22.88269 4.55165 23.56
      vertex -22.94113 6.95912 23.56
    endloop
  endfacet
  facet normal 0 0 0
    outer loop
      vertex -9.445 2.86511 23.56
      vertex -9.68035 1.92554 23.56
      vertex -22.88269 4.55165 23.56
    endloop
  endfacet
  facet normal 0 0 0
    outer loop
      vertex -22.88269 4.55165 23.56
      vertex -21.96739 4.36958 29.26
      vertex -25.04286 2.46651 29.26
    endloop
  endfacet
  facet normal 0 0 0
    outer loop
      vertex -22.88269 4.55165 23.56
      vertex -25.04286 2.46651 29.26
      vertex -26.08632 2.56928 23.56
    endloop
  endfacet
  facet normal 0 0 0
    outer loop
      vertex -9.68035 1.92554 23.56
      vertex -9.03668 0.89003 29.26
      vertex -8.90592 1.7715 29.26
    endloop
  endfacet
  facet normal 0 0 0
    outer loop
      vertex -9.68035 1.92554 23.56
      vertex -9.82247 0.96743 23.56
      vertex -9.03668 0.89003 29.26
    endloop
  endfacet
  facet normal 0 0 0
    outer loop
      vertex -8.90592 1.7715 29.26
      vertex -21.96739 4.36958 29.26
      vertex -25.04286 2.46651 29.26
    endloop
  endfacet
  facet normal 0 0 0
    outer loop
      vertex -8.90592 1.7715 29.26
      vertex -25.04286 2.46651 29.26
      vertex -9.03668 0.89003 29.26
    endloop
  endfacet
  facet normal 0 0 0
    outer loop
      vertex -9.68035 1.92554 23.56
      vertex -26.08632 2.56928 23.56
      vertex -22.88269 4.55165 23.56
    endloop
  endfacet
  facet normal 0 0 0
    outer loop
      vertex -9.68035 1.92554 23.56
      vertex -9.82247 0.96743 23.56
      vertex -26.08632 2.56928 23.56
    endloop
  endfacet
  facet normal 0 0 0
    outer loop
      vertex -26.08632 2.56928 23.56
      vertex -25.04286 2.46651 29.26
      vertex -25.56217 0 29.26
    endloop
  endfacet
  facet normal 0 0 0
    outer loop
      vertex -26.08632 2.56928 23.56
      vertex -25.56217 0 29.26
      vertex -26.62726 0 23.56
    endloop
  endfacet
  facet normal 0 0 0
    outer loop
      vertex -9.82247 0.96743 23.56
      vertex -9.0804 0 29.26
      vertex -9.03668 0.89003 29.26
    endloop
  endfacet
  facet normal 0 0 0
    outer loop
      vertex -9.82247 0.96743 23.56
      vertex -9.87 0 23.56
      vertex -9.0804 0 29.26
    endloop
  endfacet
  facet normal 0 0 0
    outer loop
      vertex -9.03668 0.89003 29.26
      vertex -25.04286 2.46651 29.26
      vertex -25.56217 0 29.26
    endloop
  endfacet
  facet normal 0 0 0
    outer loop
      vertex -9.03668 0.89003 29.26
      vertex -25.56217 0 29.26
      vertex -9.0804 0 29.26
    endloop
  endfacet
  facet normal 0 0 0
    outer loop
      vertex -9.82247 0.96743 23.56
      vertex -26.62726 0 23.56
      vertex -26.08632 2.56928 23.56
    endloop
  endfacet
  facet normal 0 0 0
    outer loop
      vertex -9.82247 0.96743 23.56
      vertex -9.87 0 23.56
      vertex -26.62726 0 23.56
    endloop
  endfacet
  facet normal 0 0 0
    outer loop
      vertex -26.62726 0 23.56
      vertex -25.56217 0 29.26
      vertex -26.02657 -2.56339 29.26
    endloop
  endfacet
  facet normal 0 0 0
    outer loop
      vertex -26.62726 0 23.56
      vertex -26.02657 -2.56339 29.26
      vertex -27.11101 -2.6702 23.56
    endloop
  endfacet
  facet normal 0 0 0
    outer loop
      vertex -9.87 0 23.56
      vertex -9.03668 -0.89003 29.26
      vertex -9.0804 0 29.26
    endloop
  endfacet
  facet normal 0 0 0
    outer loop
      vertex -9.87 0 23.56
      vertex -9.82247 -0.96743 23.56
      vertex -9.03668 -0.89003 29.26
    endloop
  endfacet
  facet normal 0 0 0
    outer loop
      vertex -9.0804 0 29.26
      vertex -25.56217 0 29.26
      vertex -26.02657 -2.56339 29.26
    endloop
  endfacet
  facet normal 0 0 0
    outer loop
      vertex -9.0804 0 29.26
      vertex -26.02657 -2.56339 29.26
      vertex -9.03668 -0.89003 29.26
    endloop
  endfacet
  facet normal 0 0 0
    outer loop
      vertex -9.87 0 23.56
      vertex -27.11101 -2.6702 23.56
      vertex -26.62726 0 23.56
    endloop
  endfacet
  facet normal 0 0 0
    outer loop
      vertex -9.87 0 23.56
      vertex -9.82247 -0.96743 23.56
      vertex -27.11101 -2.6702 23.56
    endloop
  endfacet
  facet normal 0 0 0
    outer loop
      vertex -27.11101 -2.6702 23.56
      vertex -26.02657 -2.56339 29.26
      vertex -22.70938 -4.51718 29.26
    endloop
  endfacet
  facet normal 0 0 0
    outer loop
      vertex -27.11101 -2.6702 23.56
      vertex -22.70938 -4.51718 29.26
      vertex -23.65561 -4.70539 23.56
    endloop
  endfacet
  facet normal 0 0 0
    outer loop
      vertex -9.82247 -0.96743 23.56
      vertex -8.90592 -1.7715 29.26
      vertex -9.03668 -0.89003 29.26
    endloop
  endfacet
  facet normal 0 0 0
    outer loop
      vertex -9.82247 -0.96743 23.56
      vertex -9.68035 -1.92554 23.56
      vertex -8.90592 -1.7715 29.26
    endloop
  endfacet
  facet normal 0 0 0
    outer loop
      vertex -9.03668 -0.89003 29.26
      vertex -26.02657 -2.56339 29.26
      vertex -22.70938 -4.51718 29.26
    endloop
  endfacet
  facet normal 0 0 0
    outer loop
      vertex -9.03668 -0.89003 29.26
      vertex -22.70938 -4.51718 29.26
      vertex -8.90592 -1.7715 29.26
    endloop
  endfacet
  facet normal 0 0 0
    outer loop
      vertex -9.82247 -0.96743 23.56
      vertex -23.65561 -4.70539 23.56
      vertex -27.11101 -2.6702 23.56
    endloop
  endfacet
  facet normal 0 0 0
    outer loop
      vertex -9.82247 -0.96743 23.56
      vertex -9.68035 -1.92554 23.56
      vertex -23.65561 -4.70539 23.56
    endloop
  endfacet
  facet normal 0 0 0
    outer loop
      vertex -23.65561 -4.70539 23.56
      vertex -22.70938 -4.51718 29.26
      vertex -21.63168 -6.5619 29.26
    endloop
  endfacet
  facet normal 0 0 0
    outer loop
      vertex -23.65561 -4.70539 23.56
      vertex -21.63168 -6.5619 29.26
      vertex -22.533 -6.83531 23.56
    endloop
  endfacet
  facet normal 0 0 0
    outer loop
      vertex -9.68035 -1.92554 23.56
      vertex -8.6894 -2.6359 29.26
      vertex -8.90592 -1.7715 29.26
    endloop
  endfacet
  facet normal 0 0 0
    outer loop
      vertex -9.68035 -1.92554 23.56
      vertex -9.445 -2.86511 23.56
      vertex -8.6894 -2.6359 29.26
    endloop
  endfacet
  facet normal 0 0 0
    outer loop
      vertex -8.90592 -1.7715 29.26
      vertex -22.70938 -4.51718 29.26
      vertex -21.63168 -6.5619 29.26
    endloop
  endfacet
  facet normal 0 0 0
    outer loop
      vertex -8.90592 -1.7715 29.26
      vertex -21.63168 -6.5619 29.26
      vertex -8.6894 -2.6359 29.26
    endloop
  endfacet
  facet normal 0 0 0
    outer loop
      vertex -9.68035 -1.92554 23.56
      vertex -22.533 -6.83531 23.56
      vertex -23.65561 -4.70539 23.56
    endloop
  endfacet
  facet normal 0 0 0
    outer loop
      vertex -9.68035 -1.92554 23.56
      vertex -9.445 -2.86511 23.56
      vertex -22.533 -6.83531 23.56
    endloop
  endfacet
  facet normal 0 0 0
    outer loop
      vertex -22.533 -6.83531 23.56
      vertex -21.63168 -6.5619 29.26
      vertex -20.44637 -8.46916 29.26
    endloop
  endfacet
  facet normal 0 0 0
    outer loop
      vertex -22.533 -6.83531 23.56
      vertex -20.44637 -8.46916 29.26
      vertex -21.2983 -8.82205 23.56
    endloop
  endfacet
  facet normal 0 0 0
    outer loop
      vertex -9.445 -2.86511 23.56
      vertex -8.3892 -3.47492 29.26
      vertex -8.6894 -2.6359 29.26
    endloop
  endfacet
  facet normal 0 0 0
    outer loop
      vertex -9.445 -2.86511 23.56
      vertex -9.11869 -3.77709 23.56
      vertex -8.3892 -3.47492 29.26
    endloop
  endfacet
  facet normal 0 0 0
    outer loop
      vertex -8.6894 -2.6359 29.26
      vertex -21.63168 -6.5619 29.26
      vertex -20.44637 -8.46916 29.26
    endloop
  endfacet
  facet normal 0 0 0
    outer loop
      vertex -8.6894 -2.6359 29.26
      vertex -20.44637 -8.46916 29.26
      vertex -8.3892 -3.47492 29.26
    endloop
  endfacet
  facet normal 0 0 0
    outer loop
      vertex -9.445 -2.86511 23.56
      vertex -21.2983 -8.82205 23.56
      vertex -22.533 -6.83531 23.56
    endloop
  endfacet
  facet normal 0 0 0
    outer loop
      vertex -9.445 -2.86511 23.56
      vertex -9.11869 -3.77709 23.56
      vertex -21.2983 -8.82205 23.56
    endloop
  endfacet
  facet normal 0 0 0
    outer loop
      vertex -21.2983 -8.82205 23.56
      vertex -20.44637 -8.46916 29.26
      vertex -19.68219 -10.52035 29.26
    endloop
  endfacet
  facet normal 0 0 0
    outer loop
      vertex -21.2983 -8.82205 23.56
      vertex -19.68219 -10.52035 29.26
      vertex -20.50228 -10.9587 23.56
    endloop
  endfacet
  facet normal 0 0 0
    outer loop
      vertex -9.11869 -3.77709 23.56
      vertex -8.0082 -4.28047 29.26
      vertex -8.3892 -3.47492 29.26
    endloop
  endfacet
  facet normal 0 0 0
    outer loop
      vertex -9.11869 -3.77709 23.56
      vertex -8.70456 -4.65269 23.56
      vertex -8.0082 -4.28047 29.26
    endloop
  endfacet
  facet normal 0 0 0
    outer loop
      vertex -8.3892 -3.47492 29.26
      vertex -20.44637 -8.46916 29.26
      vertex -19.68219 -10.52035 29.26
    endloop
  endfacet
  facet normal 0 0 0
    outer loop
      vertex -8.3892 -3.47492 29.26
      vertex -19.68219 -10.52035 29.26
      vertex -8.0082 -4.28047 29.26
    endloop
  endfacet
  facet normal 0 0 0
    outer loop
      vertex -9.11869 -3.77709 23.56
      vertex -20.50228 -10.9587 23.56
      vertex -21.2983 -8.82205 23.56
    endloop
  endfacet
  facet normal 0 0 0
    outer loop
      vertex -9.11869 -3.77709 23.56
      vertex -8.70456 -4.65269 23.56
      vertex -20.50228 -10.9587 23.56
    endloop
  endfacet
  facet normal 0 0 0
    outer loop
      vertex -20.50228 -10.9587 23.56
      vertex -19.68219 -10.52035 29.26
      vertex -19.06903 -12.74152 29.26
    endloop
  endfacet
  facet normal 0 0 0
    outer loop
      vertex -20.50228 -10.9587 23.56
      vertex -19.06903 -12.74152 29.26
      vertex -19.86358 -13.27242 23.56
    endloop
  endfacet
  facet normal 0 0 0
    outer loop
      vertex -8.70456 -4.65269 23.56
      vertex -7.55008 -5.0448 29.26
      vertex -8.0082 -4.28047 29.26
    endloop
  endfacet
  facet normal 0 0 0
    outer loop
      vertex -8.70456 -4.65269 23.56
      vertex -8.20661 -5.48348 23.56
      vertex -7.55008 -5.0448 29.26
    endloop
  endfacet
  facet normal 0 0 0
    outer loop
      vertex -8.0082 -4.28047 29.26
      vertex -19.68219 -10.52035 29.26
      vertex -19.06903 -12.74152 29.26
    endloop
  endfacet
  facet normal 0 0 0
    outer loop
      vertex -8.0082 -4.28047 29.26
      vertex -19.06903 -12.74152 29.26
      vertex -7.55008 -5.0448 29.26
    endloop
  endfacet
  facet normal 0 0 0
    outer loop
      vertex -8.70456 -4.65269 23.56
      vertex -19.86358 -13.27242 23.56
      vertex -20.50228 -10.9587 23.56
    endloop
  endfacet
  facet normal 0 0 0
    outer loop
      vertex -8.70456 -4.65269 23.56
      vertex -8.20661 -5.48348 23.56
      vertex -19.86358 -13.27242 23.56
    endloop
  endfacet
  facet normal 0 0 0
    outer loop
      vertex -19.86358 -13.27242 23.56
      vertex -19.06903 -12.74152 29.26
      vertex -17.94911 -14.73045 29.26
    endloop
  endfacet
  facet normal 0 0 0
    outer loop
      vertex -19.86358 -13.27242 23.56
      vertex -17.94911 -14.73045 29.26
      vertex -18.69699 -15.34422 23.56
    endloop
  endfacet
  facet normal 0 0 0
    outer loop
      vertex -8.20661 -5.48348 23.56
      vertex -7.01924 -5.76054 29.26
      vertex -7.55008 -5.0448 29.26
    endloop
  endfacet
  facet normal 0 0 0
    outer loop
      vertex -8.20661 -5.48348 23.56
      vertex -7.62961 -6.26146 23.56
      vertex -7.01924 -5.76054 29.26
    endloop
  endfacet
  facet normal 0 0 0
    outer loop
      vertex -7.55008 -5.0448 29.26
      vertex -19.06903 -12.74152 29.26
      vertex -17.94911 -14.73045 29.26
    endloop
  endfacet
  facet normal 0 0 0
    outer loop
      vertex -7.55008 -5.0448 29.26
      vertex -17.94911 -14.73045 29.26
      vertex -7.01924 -5.76054 29.26
    endloop
  endfacet
  facet normal 0 0 0
    outer loop
      vertex -8.20661 -5.48348 23.56
      vertex -18.69699 -15.34422 23.56
      vertex -19.86358 -13.27242 23.56
    endloop
  endfacet
  facet normal 0 0 0
    outer loop
      vertex -8.20661 -5.48348 23.56
      vertex -7.62961 -6.26146 23.56
      vertex -18.69699 -15.34422 23.56
    endloop
  endfacet
  facet normal 0 0 0
    outer loop
      vertex -18.69699 -15.34422 23.56
      vertex -17.94911 -14.73045 29.26
      vertex -16.13732 -16.13732 29.26
    endloop
  endfacet
  facet normal 0 0 0
    outer loop
      vertex -18.69699 -15.34422 23.56
      vertex -16.13732 -16.13732 29.26
      vertex -16.80971 -16.80971 23.56
    endloop
  endfacet
  facet normal 0 0 0
    outer loop
      vertex -7.62961 -6.26146 23.56
      vertex -6.42081 -6.42081 29.26
      vertex -7.01924 -5.76054 29.26
    endloop
  endfacet
  facet normal 0 0 0
    outer loop
      vertex -7.62961 -6.26146 23.56
      vertex -6.97914 -6.97914 23.56
      vertex -6.42081 -6.42081 29.26
    endloop
  endfacet
  facet normal 0 0 0
    outer loop
      vertex -7.01924 -5.76054 29.26
      vertex -17.94911 -14.73045 29.26
      vertex -16.13732 -16.13732 29.26
    endloop
  endfacet
  facet normal 0 0 0
    outer loop
      vertex -7.01924 -5.76054 29.26
      vertex -16.13732 -16.13732 29.26
      vertex -6.42081 -6.42081 29.26
    endloop
  endfacet
  facet normal 0 0 0
    outer loop
      vertex -7.62961 -6.26146 23.56
      vertex -16.80971 -16.80971 23.56
      vertex -18.69699 -15.34422 23.56
    endloop
  endfacet
  facet normal 0 0 0
    outer loop
      vertex -7.62961 -6.26146 23.56
      vertex -6.97914 -6.97914 23.56
      vertex -16.80971 -16.80971 23.56
    endloop
  endfacet
  facet normal 0 0 0
    outer loop
      vertex -16.80971 -16.80971 23.56
      vertex -16.13732 -16.13732 29.26
      vertex -16.03948 -19.54417 29.26
    endloop
  endfacet
  facet normal 0 0 0
    outer loop
      vertex -16.80971 -16.80971 23.56
      vertex -16.03948 -19.54417 29.26
      vertex -16.70779 -20.35851 23.56
    endloop
  endfacet
  facet normal 0 0 0
    outer loop
      vertex -6.97914 -6.97914 23.56
      vertex -5.76054 -7.01924 29.26
      vertex -6.42081 -6.42081 29.26
    endloop
  endfacet
  facet normal 0 0 0
    outer loop
      vertex -6.97914 -6.97914 23.56
      vertex -6.26146 -7.62961 23.56
      vertex -5.76054 -7.01924 29.26
    endloop
  endfacet
  facet normal 0 0 0
    outer loop
      vertex -6.42081 -6.42081 29.26
      vertex -16.13732 -16.13732 29.26
      vertex -16.03948 -19.54417 29.26
    endloop
  endfacet
  facet normal 0 0 0
    outer loop
      vertex -6.42081 -6.42081 29.26
      vertex -16.03948 -19.54417 29.26
      vertex -5.76054 -7.01924 29.26
    endloop
  endfacet
  facet normal 0 0 0
    outer loop
      vertex -6.97914 -6.97914 23.56
      vertex -16.70779 -20.35851 23.56
      vertex -16.80971 -16.80971 23.56
    endloop
  endfacet
  facet normal 0 0 0
    outer loop
      vertex -6.97914 -6.97914 23.56
      vertex -6.26146 -7.62961 23.56
      vertex -16.70779 -20.35851 23.56
    endloop
  endfacet
  facet normal 0 0 0
    outer loop
      vertex -16.70779 -20.35851 23.56
      vertex -16.03948 -19.54417 29.26
      vertex -14.01676 -20.97756 29.26
    endloop
  endfacet
  facet normal 0 0 0
    outer loop
      vertex -16.70779 -20.35851 23.56
      vertex -14.01676 -20.97756 29.26
      vertex -14.60079 -21.85162 23.56
    endloop
  endfacet
  facet normal 0 0 0
    outer loop
      vertex -6.26146 -7.62961 23.56
      vertex -5.0448 -7.55008 29.26
      vertex -5.76054 -7.01924 29.26
    endloop
  endfacet
  facet normal 0 0 0
    outer loop
      vertex -6.26146 -7.62961 23.56
      vertex -5.48348 -8.20661 23.56
      vertex -5.0448 -7.55008 29.26
    endloop
  endfacet
  facet normal 0 0 0
    outer loop
      vertex -5.76054 -7.01924 29.26
      vertex -16.03948 -19.54417 29.26
      vertex -14.01676 -20.97756 29.26
    endloop
  endfacet
  facet normal 0 0 0
    outer loop
      vertex -5.76054 -7.01924 29.26
      vertex -14.01676 -20.97756 29.26
      vertex -5.0448 -7.55008 29.26
    endloop
  endfacet
  facet normal 0 0 0
    outer loop
      vertex -6.26146 -7.62961 23.56
      vertex -14.60079 -21.85162 23.56
      vertex -16.70779 -20.35851 23.56
    endloop
  endfacet
  facet normal 0 0 0
    outer loop
      vertex -6.26146 -7.62961 23.56
      vertex -5.48348 -8.20661 23.56
      vertex -14.60079 -21.85162 23.56
    endloop
  endfacet
  facet normal 0 0 0
    outer loop
      vertex -14.60079 -21.85162 23.56
      vertex -14.01676 -20.97756 29.26
      vertex -12.15201 -22.73481 29.26
    endloop
  endfacet
  facet normal 0 0 0
    outer loop
      vertex -14.60079 -21.85162 23.56
      vertex -12.15201 -22.73481 29.26
      vertex -12.65834 -23.6821 23.56
    endloop
  endfacet
  facet normal 0 0 0
    outer loop
      vertex -5.48348 -8.20661 23.56
      vertex -4.28047 -8.0082 29.26
      vertex -5.0448 -7.55008 29.26
    endloop
  endfacet
  facet normal 0 0 0
    outer loop
      vertex -5.48348 -8.20661 23.56
      vertex -4.65269 -8.70456 23.56
      vertex -4.28047 -8.0082 29.26
    endloop
  endfacet
  facet normal 0 0 0
    outer loop
      vertex -5.0448 -7.55008 29.26
      vertex -14.01676 -20.97756 29.26
      vertex -12.15201 -22.73481 29.26
    endloop
  endfacet
  facet normal 0 0 0
    outer loop
      vertex -5.0448 -7.55008 29.26
      vertex -12.15201 -22.73481 29.26
      vertex -4.28047 -8.0082 29.26
    endloop
  endfacet
  facet normal 0 0 0
    outer loop
      vertex -5.48348 -8.20661 23.56
      vertex -12.65834 -23.6821 23.56
      vertex -14.60079 -21.85162 23.56
    endloop
  endfacet
  facet normal 0 0 0
    outer loop
      vertex -5.48348 -8.20661 23.56
      vertex -4.65269 -8.70456 23.56
      vertex -12.65834 -23.6821 23.56
    endloop
  endfacet
  facet normal 0 0 0
    outer loop
      vertex -12.65834 -23.6821 23.56
      vertex -12.15201 -22.73481 29.26
      vertex -10.04651 -24.25442 29.26
    endloop
  endfacet
  facet normal 0 0 0
    outer loop
      vertex -12.65834 -23.6821 23.56
      vertex -10.04651 -24.25442 29.26
      vertex -10.46511 -25.26502 23.56
    endloop
  endfacet
  facet normal 0 0 0
    outer loop
      vertex -4.65269 -8.70456 23.56
      vertex -3.47492 -8.3892 29.26
      vertex -4.28047 -8.0082 29.26
    endloop
  endfacet
  facet normal 0 0 0
    outer loop
      vertex -4.65269 -8.70456 23.56
      vertex -3.77709 -9.11869 23.56
      vertex -3.47492 -8.3892 29.26
    endloop
  endfacet
  facet normal 0 0 0
    outer loop
      vertex -4.28047 -8.0082 29.26
      vertex -12.15201 -22.73481 29.26
      vertex -10.04651 -24.25442 29.26
    endloop
  endfacet
  facet normal 0 0 0
    outer loop
      vertex -4.28047 -8.0082 29.26
      vertex -10.04651 -24.25442 29.26
      vertex -3.47492 -8.3892 29.26
    endloop
  endfacet
  facet normal 0 0 0
    outer loop
      vertex -4.65269 -8.70456 23.56
      vertex -10.46511 -25.26502 23.56
      vertex -12.65834 -23.6821 23.56
    endloop
  endfacet
  facet normal 0 0 0
    outer loop
      vertex -4.65269 -8.70456 23.56
      vertex -3.77709 -9.11869 23.56
      vertex -10.46511 -25.26502 23.56
    endloop
  endfacet
  facet normal 0 0 0
    outer loop
      vertex -10.46511 -25.26502 23.56
      vertex -10.04651 -24.25442 29.26
      vertex -6.68075 -22.02349 29.26
    endloop
  endfacet
  facet normal 0 0 0
    outer loop
      vertex -10.46511 -25.26502 23.56
      vertex -6.68075 -22.02349 29.26
      vertex -6.95912 -22.94113 23.56
    endloop
  endfacet
  facet normal 0 0 0
    outer loop
      vertex -3.77709 -9.11869 23.56
      vertex -2.6359 -8.6894 29.26
      vertex -3.47492 -8.3892 29.26
    endloop
  endfacet
  facet normal 0 0 0
    outer loop
      vertex -3.77709 -9.11869 23.56
      vertex -2.86511 -9.445 23.56
      vertex -2.6359 -8.6894 29.26
    endloop
  endfacet
  facet normal 0 0 0
    outer loop
      vertex -3.47492 -8.3892 29.26
      vertex -10.04651 -24.25442 29.26
      vertex -6.68075 -22.02349 29.26
    endloop
  endfacet
  facet normal 0 0 0
    outer loop
      vertex -3.47492 -8.3892 29.26
      vertex -6.68075 -22.02349 29.26
      vertex -2.6359 -8.6894 29.26
    endloop
  endfacet
  facet normal 0 0 0
    outer loop
      vertex -3.77709 -9.11869 23.56
      vertex -6.95912 -22.94113 23.56
      vertex -10.46511 -25.26502 23.56
    endloop
  endfacet
  facet normal 0 0 0
    outer loop
      vertex -3.77709 -9.11869 23.56
      vertex -2.86511 -9.445 23.56
      vertex -6.95912 -22.94113 23.56
    endloop
  endfacet
  facet normal 0 0 0
    outer loop
      vertex -6.95912 -22.94113 23.56
      vertex -6.68075 -22.02349 29.26
      vertex -4.36958 -21.96739 29.26
    endloop
  endfacet
  facet normal 0 0 0
    outer loop
      vertex -6.95912 -22.94113 23.56
      vertex -4.36958 -21.96739 29.26
      vertex -4.55165 -22.88269 23.56
    endloop
  endfacet
  facet normal 0 0 0
    outer loop
      vertex -2.86511 -9.445 23.56
      vertex -1.7715 -8.90592 29.26
      vertex -2.6359 -8.6894 29.26
    endloop
  endfacet
  facet normal 0 0 0
    outer loop
      vertex -2.86511 -9.445 23.56
      vertex -1.92554 -9.68035 23.56
      vertex -1.7715 -8.90592 29.26
    endloop
  endfacet
  facet normal 0 0 0
    outer loop
      vertex -2.6359 -8.6894 29.26
      vertex -6.68075 -22.02349 29.26
      vertex -4.36958 -21.96739 29.26
    endloop
  endfacet
  facet normal 0 0 0
    outer loop
      vertex -2.6359 -8.6894 29.26
      vertex -4.36958 -21.96739 29.26
      vertex -1.7715 -8.90592 29.26
    endloop
  endfacet
  facet normal 0 0 0
    outer loop
      vertex -2.86511 -9.445 23.56
      vertex -4.55165 -22.88269 23.56
      vertex -6.95912 -22.94113 23.56
    endloop
  endfacet
  facet normal 0 0 0
    outer loop
      vertex -2.86511 -9.445 23.56
      vertex -1.92554 -9.68035 23.56
      vertex -4.55165 -22.88269 23.56
    endloop
  endfacet
  facet normal 0 0 0
    outer loop
      vertex -4.55165 -22.88269 23.56
      vertex -4.36958 -21.96739 29.26
      vertex -2.16737 -22.00566 29.26
    endloop
  endfacet
  facet normal 0 0 0
    outer loop
      vertex -4.55165 -22.88269 23.56
      vertex -2.16737 -22.00566 29.26
      vertex -2.25768 -22.92256 23.56
    endloop
  endfacet
  facet normal 0 0 0
    outer loop
      vertex -1.92554 -9.68035 23.56
      vertex -0.89003 -9.03668 29.26
      vertex -1.7715 -8.90592 29.26
    endloop
  endfacet
  facet normal 0 0 0
    outer loop
      vertex -1.92554 -9.68035 23.56
      vertex -0.96743 -9.82247 23.56
      vertex -0.89003 -9.03668 29.26
    endloop
  endfacet
  facet normal 0 0 0
    outer loop
      vertex -1.7715 -8.90592 29.26
      vertex -4.36958 -21.96739 29.26
      vertex -2.16737 -22.00566 29.26
    endloop
  endfacet
  facet normal 0 0 0
    outer loop
      vertex -1.7715 -8.90592 29.26
      vertex -2.16737 -22.00566 29.26
      vertex -0.89003 -9.03668 29.26
    endloop
  endfacet
  facet normal 0 0 0
    outer loop
      vertex -1.92554 -9.68035 23.56
      vertex -2.25768 -22.92256 23.56
      vertex -4.55165 -22.88269 23.56
    endloop
  endfacet
  facet normal 0 0 0
    outer loop
      vertex -1.92554 -9.68035 23.56
      vertex -0.96743 -9.82247 23.56
      vertex -2.25768 -22.92256 23.56
    endloop
  endfacet
  facet normal 0 0 0
    outer loop
      vertex -2.25768 -22.92256 23.56
      vertex -2.16737 -22.00566 29.26
      vertex 0 -22.51027 29.26
    endloop
  endfacet
  facet normal 0 0 0
    outer loop
      vertex -2.25768 -22.92256 23.56
      vertex 0 -22.51027 29.26
      vertex 0 -23.4482 23.56
    endloop
  endfacet
  facet normal 0 0 0
    outer loop
      vertex -0.96743 -9.82247 23.56
      vertex 0 -9.0804 29.26
      vertex -0.89003 -9.03668 29.26
    endloop
  endfacet
  facet normal 0 0 0
    outer loop
      vertex -0.96743 -9.82247 23.56
      vertex 0 -9.87 23.56
      vertex 0 -9.0804 29.26
    endloop
  endfacet
  facet normal 0 0 0
    outer loop
      vertex -0.89003 -9.03668 29.26
      vertex -2.16737 -22.00566 29.26
      vertex 0 -22.51027 29.26
    endloop
  endfacet
  facet normal 0 0 0
    outer loop
      vertex -0.89003 -9.03668 29.26
      vertex 0 -22.51027 29.26
      vertex 0 -9.0804 29.26
    endloop
  endfacet
  facet normal 0 0 0
    outer loop
      vertex -0.96743 -9.82247 23.56
      vertex 0 -23.4482 23.56
      vertex -2.25768 -22.92256 23.56
    endloop
  endfacet
  facet normal 0 0 0
    outer loop
      vertex -0.96743 -9.82247 23.56
      vertex 0 -9.87 23.56
      vertex 0 -23.4482 23.56
    endloop
  endfacet
  facet normal 0 0 0
    outer loop
      vertex 0 -23.4482 23.56
      vertex 0 -22.51027 29.26
      vertex 2.26425 -22.98936 29.26
    endloop
  endfacet
  facet normal 0 0 0
    outer loop
      vertex 0 -23.4482 23.56
      vertex 2.26425 -22.98936 29.26
      vertex 2.3586 -23.94725 23.56
    endloop
  endfacet
  facet normal 0 0 0
    outer loop
      vertex 0 -9.87 23.56
      vertex 0.89003 -9.03668 29.26
      vertex 0 -9.0804 29.26
    endloop
  endfacet
  facet normal 0 0 0
    outer loop
      vertex 0 -9.87 23.56
      vertex 0.96743 -9.82247 23.56
      vertex 0.89003 -9.03668 29.26
    endloop
  endfacet
  facet normal 0 0 0
    outer loop
      vertex 0 -9.0804 29.26
      vertex 0 -22.51027 29.26
      vertex 2.26425 -22.98936 29.26
    endloop
  endfacet
  facet normal 0 0 0
    outer loop
      vertex 0 -9.0804 29.26
      vertex 2.26425 -22.98936 29.26
      vertex 0.89003 -9.03668 29.26
    endloop
  endfacet
  facet normal 0 0 0
    outer loop
      vertex 0 -9.87 23.56
      vertex 2.3586 -23.94725 23.56
      vertex 0 -23.4482 23.56
    endloop
  endfacet
  facet normal 0 0 0
    outer loop
      vertex 0 -9.87 23.56
      vertex 0.96743 -9.82247 23.56
      vertex 2.3586 -23.94725 23.56
    endloop
  endfacet
  facet normal 0 0 0
    outer loop
      vertex 2.3586 -23.94725 23.56
      vertex 2.26425 -22.98936 29.26
      vertex 4.51718 -22.70938 29.26
    endloop
  endfacet
  facet normal 0 0 0
    outer loop
      vertex 2.3586 -23.94725 23.56
      vertex 4.51718 -22.70938 29.26
      vertex 4.70539 -23.65561 23.56
    endloop
  endfacet
  facet normal 0 0 0
    outer loop
      vertex 0.96743 -9.82247 23.56
      vertex 1.7715 -8.90592 29.26
      vertex 0.89003 -9.03668 29.26
    endloop
  endfacet
  facet normal 0 0 0
    outer loop
      vertex 0.96743 -9.82247 23.56
      vertex 1.92554 -9.68035 23.56
      vertex 1.7715 -8.90592 29.26
    endloop
  endfacet
  facet normal 0 0 0
    outer loop
      vertex 0.89003 -9.03668 29.26
      vertex 2.26425 -22.98936 29.26
      vertex 4.51718 -22.70938 29.26
    endloop
  endfacet
  facet normal 0 0 0
    outer loop
      vertex 0.89003 -9.03668 29.26
      vertex 4.51718 -22.70938 29.26
      vertex 1.7715 -8.90592 29.26
    endloop
  endfacet
  facet normal 0 0 0
    outer loop
      vertex 0.96743 -9.82247 23.56
      vertex 4.70539 -23.65561 23.56
      vertex 2.3586 -23.94725 23.56
    endloop
  endfacet
  facet normal 0 0 0
    outer loop
      vertex 0.96743 -9.82247 23.56
      vertex 1.92554 -9.68035 23.56
      vertex 4.70539 -23.65561 23.56
    endloop
  endfacet
  facet normal 0 0 0
    outer loop
      vertex 4.70539 -23.65561 23.56
      vertex 4.51718 -22.70938 29.26
      vertex 6.5619 -21.63168 29.26
    endloop
  endfacet
  facet normal 0 0 0
    outer loop
      vertex 4.70539 -23.65561 23.56
      vertex 6.5619 -21.63168 29.26
      vertex 6.83531 -22.533 23.56
    endloop
  endfacet
  facet normal 0 0 0
    outer loop
      vertex 1.92554 -9.68035 23.56
      vertex 2.6359 -8.6894 29.26
      vertex 1.7715 -8.90592 29.26
    endloop
  endfacet
  facet normal 0 0 0
    outer loop
      vertex 1.92554 -9.68035 23.56
      vertex 2.86511 -9.445 23.56
      vertex 2.6359 -8.6894 29.26
    endloop
  endfacet
  facet normal 0 0 0
    outer loop
      vertex 1.7715 -8.90592 29.26
      vertex 4.51718 -22.70938 29.26
      vertex 6.5619 -21.63168 29.26
    endloop
  endfacet
  facet normal 0 0 0
    outer loop
      vertex 1.7715 -8.90592 29.26
      vertex 6.5619 -21.63168 29.26
      vertex 2.6359 -8.6894 29.26
    endloop
  endfacet
  facet normal 0 0 0
    outer loop
      vertex 1.92554 -9.68035 23.56
      vertex 6.83531 -22.533 23.56
      vertex 4.70539 -23.65561 23.56
    endloop
  endfacet
  facet normal 0 0 0
    outer loop
      vertex 1.92554 -9.68035 23.56
      vertex 2.86511 -9.445 23.56
      vertex 6.83531 -22.533 23.56
    endloop
  endfacet
  facet normal 0 0 0
    outer loop
      vertex 6.83531 -22.533 23.56
      vertex 6.5619 -21.63168 29.26
      vertex 9.63707 -23.26596 29.26
    endloop
  endfacet
  facet normal 0 0 0
    outer loop
      vertex 6.83531 -22.533 23.56
      vertex 9.63707 -23.26596 29.26
      vertex 10.03862 -24.23537 23.56
    endloop
  endfacet
  facet normal 0 0 0
    outer loop
      vertex 2.86511 -9.445 23.56
      vertex 3.47492 -8.3892 29.26
      vertex 2.6359 -8.6894 29.26
    endloop
  endfacet
  facet normal 0 0 0
    outer loop
      vertex 2.86511 -9.445 23.56
      vertex 3.77709 -9.11869 23.56
      vertex 3.47492 -8.3892 29.26
    endloop
  endfacet
  facet normal 0 0 0
    outer loop
      vertex 2.6359 -8.6894 29.26
      vertex 6.5619 -21.63168 29.26
      vertex 9.63707 -23.26596 29.26
    endloop
  endfacet
  facet normal 0 0 0
    outer loop
      vertex 2.6359 -8.6894 29.26
      vertex 9.63707 -23.26596 29.26
      vertex 3.47492 -8.3892 29.26
    endloop
  endfacet
  facet normal 0 0 0
    outer loop
      vertex 2.86511 -9.445 23.56
      vertex 10.03862 -24.23537 23.56
      vertex 6.83531 -22.533 23.56
    endloop
  endfacet
  facet normal 0 0 0
    outer loop
      vertex 2.86511 -9.445 23.56
      vertex 3.77709 -9.11869 23.56
      vertex 10.03862 -24.23537 23.56
    endloop
  endfacet
  facet normal 0 0 0
    outer loop
      vertex 10.03862 -24.23537 23.56
      vertex 9.63707 -23.26596 29.26
      vertex 11.95901 -22.37372 29.26
    endloop
  endfacet
  facet normal 0 0 0
    outer loop
      vertex 10.03862 -24.23537 23.56
      vertex 11.95901 -22.37372 29.26
      vertex 12.4573 -23.30596 23.56
    endloop
  endfacet
  facet normal 0 0 0
    outer loop
      vertex 3.77709 -9.11869 23.56
      vertex 4.28047 -8.0082 29.26
      vertex 3.47492 -8.3892 29.26
    endloop
  endfacet
  facet normal 0 0 0
    outer loop
      vertex 3.77709 -9.11869 23.56
      vertex 4.65269 -8.70456 23.56
      vertex 4.28047 -8.0082 29.26
    endloop
  endfacet
  facet normal 0 0 0
    outer loop
      vertex 3.47492 -8.3892 29.26
      vertex 9.63707 -23.26596 29.26
      vertex 11.95901 -22.37372 29.26
    endloop
  endfacet
  facet normal 0 0 0
    outer loop
      vertex 3.47492 -8.3892 29.26
      vertex 11.95901 -22.37372 29.26
      vertex 4.28047 -8.0082 29.26
    endloop
  endfacet
  facet normal 0 0 0
    outer loop
      vertex 3.77709 -9.11869 23.56
      vertex 12.4573 -23.30596 23.56
      vertex 10.03862 -24.23537 23.56
    endloop
  endfacet
  facet normal 0 0 0
    outer loop
      vertex 3.77709 -9.11869 23.56
      vertex 4.65269 -8.70456 23.56
      vertex 12.4573 -23.30596 23.56
    endloop
  endfacet
  facet normal 0 0 0
    outer loop
      vertex 12.4573 -23.30596 23.56
      vertex 11.95901 -22.37372 29.26
      vertex 14.43706 -21.60659 29.26
    endloop
  endfacet
  facet normal 0 0 0
    outer loop
      vertex 12.4573 -23.30596 23.56
      vertex 14.43706 -21.60659 29.26
      vertex 15.03861 -22.50687 23.56
    endloop
  endfacet
  facet normal 0 0 0
    outer loop
      vertex 4.65269 -8.70456 23.56
      vertex 5.0448 -7.55008 29.26
      vertex 4.28047 -8.0082 29.26
    endloop
  endfacet
  facet normal 0 0 0
    outer loop
      vertex 4.65269 -8.70456 23.56
      vertex 5.48348 -8.20661 23.56
      vertex 5.0448 -7.55008 29.26
    endloop
  endfacet
  facet normal 0 0 0
    outer loop
      vertex 4.28047 -8.0082 29.26
      vertex 11.95901 -22.37372 29.26
      vertex 14.43706 -21.60659 29.26
    endloop
  endfacet
  facet normal 0 0 0
    outer loop
      vertex 4.28047 -8.0082 29.26
      vertex 14.43706 -21.60659 29.26
      vertex 5.0448 -7.55008 29.26
    endloop
  endfacet
  facet normal 0 0 0
    outer loop
      vertex 4.65269 -8.70456 23.56
      vertex 15.03861 -22.50687 23.56
      vertex 12.4573 -23.30596 23.56
    endloop
  endfacet
  facet normal 0 0 0
    outer loop
      vertex 4.65269 -8.70456 23.56
      vertex 5.48348 -8.20661 23.56
      vertex 15.03861 -22.50687 23.56
    endloop
  endfacet
  facet normal 0 0 0
    outer loop
      vertex 15.03861 -22.50687 23.56
      vertex 14.43706 -21.60659 29.26
      vertex 16.66655 -20.30826 29.26
    endloop
  endfacet
  facet normal 0 0 0
    outer loop
      vertex 15.03861 -22.50687 23.56
      vertex 16.66655 -20.30826 29.26
      vertex 17.36099 -21.15443 23.56
    endloop
  endfacet
  facet normal 0 0 0
    outer loop
      vertex 5.48348 -8.20661 23.56
      vertex 5.76054 -7.01924 29.26
      vertex 5.0448 -7.55008 29.26
    endloop
  endfacet
  facet normal 0 0 0
    outer loop
      vertex 5.48348 -8.20661 23.56
      vertex 6.26146 -7.62961 23.56
      vertex 5.76054 -7.01924 29.26
    endloop
  endfacet
  facet normal 0 0 0
    outer loop
      vertex 5.0448 -7.55008 29.26
      vertex 14.43706 -21.60659 29.26
      vertex 16.66655 -20.30826 29.26
    endloop
  endfacet
  facet normal 0 0 0
    outer loop
      vertex 5.0448 -7.55008 29.26
      vertex 16.66655 -20.30826 29.26
      vertex 5.76054 -7.01924 29.26
    endloop
  endfacet
  facet normal 0 0 0
    outer loop
      vertex 5.48348 -8.20661 23.56
      vertex 17.36099 -21.15443 23.56
      vertex 15.03861 -22.50687 23.56
    endloop
  endfacet
  facet normal 0 0 0
    outer loop
      vertex 5.48348 -8.20661 23.56
      vertex 6.26146 -7.62961 23.56
      vertex 17.36099 -21.15443 23.56
    endloop
  endfacet
  facet normal 0 0 0
    outer loop
      vertex 17.36099 -21.15443 23.56
      vertex 16.66655 -20.30826 29.26
      vertex 16.13732 -16.13732 29.26
    endloop
  endfacet
  facet normal 0 0 0
    outer loop
      vertex 17.36099 -21.15443 23.56
      vertex 16.13732 -16.13732 29.26
      vertex 16.80971 -16.80971 23.56
    endloop
  endfacet
  facet normal 0 0 0
    outer loop
      vertex 6.26146 -7.62961 23.56
      vertex 6.42081 -6.42081 29.26
      vertex 5.76054 -7.01924 29.26
    endloop
  endfacet
  facet normal 0 0 0
    outer loop
      vertex 6.26146 -7.62961 23.56
      vertex 6.97914 -6.97914 23.56
      vertex 6.42081 -6.42081 29.26
    endloop
  endfacet
  facet normal 0 0 0
    outer loop
      vertex 5.76054 -7.01924 29.26
      vertex 16.66655 -20.30826 29.26
      vertex 16.13732 -16.13732 29.26
    endloop
  endfacet
  facet normal 0 0 0
    outer loop
      vertex 5.76054 -7.01924 29.26
      vertex 16.13732 -16.13732 29.26
      vertex 6.42081 -6.42081 29.26
    endloop
  endfacet
  facet normal 0 0 0
    outer loop
      vertex 6.26146 -7.62961 23.56
      vertex 16.80971 -16.80971 23.56
      vertex 17.36099 -21.15443 23.56
    endloop
  endfacet
  facet normal 0 0 0
    outer loop
      vertex 6.26146 -7.62961 23.56
      vertex 6.97914 -6.97914 23.56
      vertex 16.80971 -16.80971 23.56
    endloop
  endfacet
  facet normal 0 0 0
    outer loop
      vertex 16.80971 -16.80971 23.56
      vertex 16.13732 -16.13732 29.26
      vertex 17.18502 -14.10338 29.26
    endloop
  endfacet
  facet normal 0 0 0
    outer loop
      vertex 16.80971 -16.80971 23.56
      vertex 17.18502 -14.10338 29.26
      vertex 17.90106 -14.69102 23.56
    endloop
  endfacet
  facet normal 0 0 0
    outer loop
      vertex 6.97914 -6.97914 23.56
      vertex 7.01924 -5.76054 29.26
      vertex 6.42081 -6.42081 29.26
    endloop
  endfacet
  facet normal 0 0 0
    outer loop
      vertex 6.97914 -6.97914 23.56
      vertex 7.62961 -6.26146 23.56
      vertex 7.01924 -5.76054 29.26
    endloop
  endfacet
  facet normal 0 0 0
    outer loop
      vertex 6.42081 -6.42081 29.26
      vertex 16.13732 -16.13732 29.26
      vertex 17.18502 -14.10338 29.26
    endloop
  endfacet
  facet normal 0 0 0
    outer loop
      vertex 6.42081 -6.42081 29.26
      vertex 17.18502 -14.10338 29.26
      vertex 7.01924 -5.76054 29.26
    endloop
  endfacet
  facet normal 0 0 0
    outer loop
      vertex 6.97914 -6.97914 23.56
      vertex 17.90106 -14.69102 23.56
      vertex 16.80971 -16.80971 23.56
    endloop
  endfacet
  facet normal 0 0 0
    outer loop
      vertex 6.97914 -6.97914 23.56
      vertex 7.62961 -6.26146 23.56
      vertex 17.90106 -14.69102 23.56
    endloop
  endfacet
  facet normal 0 0 0
    outer loop
      vertex 17.90106 -14.69102 23.56
      vertex 17.18502 -14.10338 29.26
      vertex 18.44 -12.32121 29.26
    endloop
  endfacet
  facet normal 0 0 0
    outer loop
      vertex 17.90106 -14.69102 23.56
      vertex 18.44 -12.32121 29.26
      vertex 19.20833 -12.8346 23.56
    endloop
  endfacet
  facet normal 0 0 0
    outer loop
      vertex 7.62961 -6.26146 23.56
      vertex 7.55008 -5.0448 29.26
      vertex 7.01924 -5.76054 29.26
    endloop
  endfacet
  facet normal 0 0 0
    outer loop
      vertex 7.62961 -6.26146 23.56
      vertex 8.20661 -5.48348 23.56
      vertex 7.55008 -5.0448 29.26
    endloop
  endfacet
  facet normal 0 0 0
    outer loop
      vertex 7.01924 -5.76054 29.26
      vertex 17.18502 -14.10338 29.26
      vertex 18.44 -12.32121 29.26
    endloop
  endfacet
  facet normal 0 0 0
    outer loop
      vertex 7.01924 -5.76054 29.26
      vertex 18.44 -12.32121 29.26
      vertex 7.55008 -5.0448 29.26
    endloop
  endfacet
  facet normal 0 0 0
    outer loop
      vertex 7.62961 -6.26146 23.56
      vertex 19.20833 -12.8346 23.56
      vertex 17.90106 -14.69102 23.56
    endloop
  endfacet
  facet normal 0 0 0
    outer loop
      vertex 7.62961 -6.26146 23.56
      vertex 8.20661 -5.48348 23.56
      vertex 19.20833 -12.8346 23.56
    endloop
  endfacet
  facet normal 0 0 0
    outer loop
      vertex 19.20833 -12.8346 23.56
      vertex 18.44 -12.32121 29.26
      vertex 20.04328 -10.71336 29.26
    endloop
  endfacet
  facet normal 0 0 0
    outer loop
      vertex 19.20833 -12.8346 23.56
      vertex 20.04328 -10.71336 29.26
      vertex 20.87842 -11.15975 23.56
    endloop
  endfacet
  facet normal 0 0 0
    outer loop
      vertex 8.20661 -5.48348 23.56
      vertex 8.0082 -4.28047 29.26
      vertex 7.55008 -5.0448 29.26
    endloop
  endfacet
  facet normal 0 0 0
    outer loop
      vertex 8.20661 -5.48348 23.56
      vertex 8.70456 -4.65269 23.56
      vertex 8.0082 -4.28047 29.26
    endloop
  endfacet
  facet normal 0 0 0
    outer loop
      vertex 7.55008 -5.0448 29.26
      vertex 18.44 -12.32121 29.26
      vertex 20.04328 -10.71336 29.26
    endloop
  endfacet
  facet normal 0 0 0
    outer loop
      vertex 7.55008 -5.0448 29.26
      vertex 20.04328 -10.71336 29.26
      vertex 8.0082 -4.28047 29.26
    endloop
  endfacet
  facet normal 0 0 0
    outer loop
      vertex 8.20661 -5.48348 23.56
      vertex 20.87842 -11.15975 23.56
      vertex 19.20833 -12.8346 23.56
    endloop
  endfacet
  facet normal 0 0 0
    outer loop
      vertex 8.20661 -5.48348 23.56
      vertex 8.70456 -4.65269 23.56
      vertex 20.87842 -11.15975 23.56
    endloop
  endfacet
  facet normal 0 0 0
    outer loop
      vertex 20.87842 -11.15975 23.56
      vertex 20.04328 -10.71336 29.26
      vertex 21.43483 -8.8786 29.26
    endloop
  endfacet
  facet normal 0 0 0
    outer loop
      vertex 20.87842 -11.15975 23.56
      vertex 21.43483 -8.8786 29.26
      vertex 22.32795 -9.24854 23.56
    endloop
  endfacet
  facet normal 0 0 0
    outer loop
      vertex 8.70456 -4.65269 23.56
      vertex 8.3892 -3.47492 29.26
      vertex 8.0082 -4.28047 29.26
    endloop
  endfacet
  facet normal 0 0 0
    outer loop
      vertex 8.70456 -4.65269 23.56
      vertex 9.11869 -3.77709 23.56
      vertex 8.3892 -3.47492 29.26
    endloop
  endfacet
  facet normal 0 0 0
    outer loop
      vertex 8.0082 -4.28047 29.26
      vertex 20.04328 -10.71336 29.26
      vertex 21.43483 -8.8786 29.26
    endloop
  endfacet
  facet normal 0 0 0
    outer loop
      vertex 8.0082 -4.28047 29.26
      vertex 21.43483 -8.8786 29.26
      vertex 8.3892 -3.47492 29.26
    endloop
  endfacet
  facet normal 0 0 0
    outer loop
      vertex 8.70456 -4.65269 23.56
      vertex 22.32795 -9.24854 23.56
      vertex 20.87842 -11.15975 23.56
    endloop
  endfacet
  facet normal 0 0 0
    outer loop
      vertex 8.70456 -4.65269 23.56
      vertex 9.11869 -3.77709 23.56
      vertex 22.32795 -9.24854 23.56
    endloop
  endfacet
  facet normal 0 0 0
    outer loop
      vertex 22.32795 -9.24854 23.56
      vertex 21.43483 -8.8786 29.26
      vertex 22.02349 -6.68075 29.26
    endloop
  endfacet
  facet normal 0 0 0
    outer loop
      vertex 22.32795 -9.24854 23.56
      vertex 22.02349 -6.68075 29.26
      vertex 22.94113 -6.95912 23.56
    endloop
  endfacet
  facet normal 0 0 0
    outer loop
      vertex 9.11869 -3.77709 23.56
      vertex 8.6894 -2.6359 29.26
      vertex 8.3892 -3.47492 29.26
    endloop
  endfacet
  facet normal 0 0 0
    outer loop
      vertex 9.11869 -3.77709 23.56
      vertex 9.445 -2.86511 23.56
      vertex 8.6894 -2.6359 29.26
    endloop
  endfacet
  facet normal 0 0 0
    outer loop
      vertex 8.3892 -3.47492 29.26
      vertex 21.43483 -8.8786 29.26
      vertex 22.02349 -6.68075 29.26
    endloop
  endfacet
  facet normal 0 0 0
    outer loop
      vertex 8.3892 -3.47492 29.26
      vertex 22.02349 -6.68075 29.26
      vertex 8.6894 -2.6359 29.26
    endloop
  endfacet
  facet normal 0 0 0
    outer loop
      vertex 9.11869 -3.77709 23.56
      vertex 22.94113 -6.95912 23.56
      vertex 22.32795 -9.24854 23.56
    endloop
  endfacet
  facet normal 0 0 0
    outer loop
      vertex 9.11869 -3.77709 23.56
      vertex 9.445 -2.86511 23.56
      vertex 22.94113 -6.95912 23.56
    endloop
  endfacet
  facet normal 0 0 0
    outer loop
      vertex 22.94113 -6.95912 23.56
      vertex 22.02349 -6.68075 29.26
      vertex 21.96739 -4.36958 29.26
    endloop
  endfacet
  facet normal 0 0 0
    outer loop
      vertex 22.94113 -6.95912 23.56
      vertex 21.96739 -4.36958 29.26
      vertex 22.88269 -4.55165 23.56
    endloop
  endfacet
  facet normal 0 0 0
    outer loop
      vertex 9.445 -2.86511 23.56
      vertex 8.90592 -1.7715 29.26
      vertex 8.6894 -2.6359 29.26
    endloop
  endfacet
  facet normal 0 0 0
    outer loop
      vertex 9.445 -2.86511 23.56
      vertex 9.68035 -1.92554 23.56
      vertex 8.90592 -1.7715 29.26
    endloop
  endfacet
  facet normal 0 0 0
    outer loop
      vertex 8.6894 -2.6359 29.26
      vertex 22.02349 -6.68075 29.26
      vertex 21.96739 -4.36958 29.26
    endloop
  endfacet
  facet normal 0 0 0
    outer loop
      vertex 8.6894 -2.6359 29.26
      vertex 21.96739 -4.36958 29.26
      vertex 8.90592 -1.7715 29.26
    endloop
  endfacet
  facet normal 0 0 0
    outer loop
      vertex 9.445 -2.86511 23.56
      vertex 22.88269 -4.55165 23.56
      vertex 22.94113 -6.95912 23.56
    endloop
  endfacet
  facet normal 0 0 0
    outer loop
      vertex 9.445 -2.86511 23.56
      vertex 9.68035 -1.92554 23.56
      vertex 22.88269 -4.55165 23.56
    endloop
  endfacet
  facet normal 0 0 0
    outer loop
      vertex 22.88269 -4.55165 23.56
      vertex 21.96739 -4.36958 29.26
      vertex 25.04286 -2.46651 29.26
    endloop
  endfacet
  facet normal 0 0 0
    outer loop
      vertex 22.88269 -4.55165 23.56
      vertex 25.04286 -2.46651 29.26
      vertex 26.08632 -2.56928 23.56
    endloop
  endfacet
  facet normal 0 0 0
    outer loop
      vertex 9.68035 -1.92554 23.56
      vertex 9.03668 -0.89003 29.26
      vertex 8.90592 -1.7715 29.26
    endloop
  endfacet
  facet normal 0 0 0
    outer loop
      vertex 9.68035 -1.92554 23.56
      vertex 9.82247 -0.96743 23.56
      vertex 9.03668 -0.89003 29.26
    endloop
  endfacet
  facet normal 0 0 0
    outer loop
      vertex 8.90592 -1.7715 29.26
      vertex 21.96739 -4.36958 29.26
      vertex 25.04286 -2.46651 29.26
    endloop
  endfacet
  facet normal 0 0 0
    outer loop
      vertex 8.90592 -1.7715 29.26
      vertex 25.04286 -2.46651 29.26
      vertex 9.03668 -0.89003 29.26
    endloop
  endfacet
  facet normal 0 0 0
    outer loop
      vertex 9.68035 -1.92554 23.56
      vertex 26.08632 -2.56928 23.56
      vertex 22.88269 -4.55165 23.56
    endloop
  endfacet
  facet normal 0 0 0
    outer loop
      vertex 9.68035 -1.92554 23.56
      vertex 9.82247 -0.96743 23.56
      vertex 26.08632 -2.56928 23.56
    endloop
  endfacet
  facet normal 0 0 0
    outer loop
      vertex 26.08632 -2.56928 23.56
      vertex 25.04286 -2.46651 29.26
      vertex 25.56217 0 29.26
    endloop
  endfacet
  facet normal 0 0 0
    outer loop
      vertex 26.08632 -2.56928 23.56
      vertex 25.56217 0 29.26
      vertex 26.62726 0 23.56
    endloop
  endfacet
  facet normal 0 0 0
    outer loop
      vertex 9.82247 -0.96743 23.56
      vertex 9.0804 0 29.26
      vertex 9.03668 -0.89003 29.26
    endloop
  endfacet
  facet normal 0 0 0
    outer loop
      vertex 9.82247 -0.96743 23.56
      vertex 9.87 0 23.56
      vertex 9.0804 0 29.26
    endloop
  endfacet
  facet normal 0 0 0
    outer loop
      vertex 9.03668 -0.89003 29.26
      vertex 25.04286 -2.46651 29.26
      vertex 25.56217 0 29.26
    endloop
  endfacet
  facet normal 0 0 0
    outer loop
      vertex 9.03668 -0.89003 29.26
      vertex 25.56217 0 29.26
      vertex 9.0804 0 29.26
    endloop
  endfacet
  facet normal 0 0 0
    outer loop
      vertex 9.82247 -0.96743 23.56
      vertex 26.62726 0 23.56
      vertex 26.08632 -2.56928 23.56
    endloop
  endfacet
  facet normal 0 0 0
    outer loop
      vertex 9.82247 -0.96743 23.56
      vertex 9.87 0 23.56
      vertex 26.62726 0 23.56
    endloop
  endfacet
  facet normal 0 0 0
    outer loop
      vertex 10.105 0 25.84
      vertex 7.99 0 35.34
      vertex 7.95153 0.78316 35.34
    endloop
  endfacet
  facet normal 0 0 0
    outer loop
      vertex 10.105 0 25.84
      vertex 7.95153 0.78316 35.34
      vertex 10.05634 0.99046 25.84
    endloop
  endfacet
  facet normal 0 0 0
    outer loop
      vertex 0 0 25.84
      vertex 10.05634 0.99046 25.84
      vertex 10.105 0 25.84
    endloop
  endfacet
  facet normal 0 0 0
    outer loop
      vertex 0 0 35.34
      vertex 7.99 0 35.34
      vertex 7.95153 0.78316 35.34
    endloop
  endfacet
  facet normal 0 0 0
    outer loop
      vertex 10.05634 0.99046 25.84
      vertex 7.95153 0.78316 35.34
      vertex 7.83647 1.55877 35.34
    endloop
  endfacet
  facet normal 0 0 0
    outer loop
      vertex 10.05634 0.99046 25.84
      vertex 7.83647 1.55877 35.34
      vertex 9.91084 1.97139 25.84
    endloop
  endfacet
  facet normal 0 0 0
    outer loop
      vertex 0 0 25.84
      vertex 9.91084 1.97139 25.84
      vertex 10.05634 0.99046 25.84
    endloop
  endfacet
  facet normal 0 0 0
    outer loop
      vertex 0 0 35.34
      vertex 7.95153 0.78316 35.34
      vertex 7.83647 1.55877 35.34
    endloop
  endfacet
  facet normal 0 0 0
    outer loop
      vertex 9.91084 1.97139 25.84
      vertex 7.83647 1.55877 35.34
      vertex 7.64595 2.31937 35.34
    endloop
  endfacet
  facet normal 0 0 0
    outer loop
      vertex 9.91084 1.97139 25.84
      vertex 7.64595 2.31937 35.34
      vertex 9.66988 2.93333 25.84
    endloop
  endfacet
  facet normal 0 0 0
    outer loop
      vertex 0 0 25.84
      vertex 9.66988 2.93333 25.84
      vertex 9.91084 1.97139 25.84
    endloop
  endfacet
  facet normal 0 0 0
    outer loop
      vertex 0 0 35.34
      vertex 7.83647 1.55877 35.34
      vertex 7.64595 2.31937 35.34
    endloop
  endfacet
  facet normal 0 0 0
    outer loop
      vertex 9.66988 2.93333 25.84
      vertex 7.64595 2.31937 35.34
      vertex 7.3818 3.05764 35.34
    endloop
  endfacet
  facet normal 0 0 0
    outer loop
      vertex 9.66988 2.93333 25.84
      vertex 7.3818 3.05764 35.34
      vertex 9.3358 3.86702 25.84
    endloop
  endfacet
  facet normal 0 0 0
    outer loop
      vertex 0 0 25.84
      vertex 9.3358 3.86702 25.84
      vertex 9.66988 2.93333 25.84
    endloop
  endfacet
  facet normal 0 0 0
    outer loop
      vertex 0 0 35.34
      vertex 7.64595 2.31937 35.34
      vertex 7.3818 3.05764 35.34
    endloop
  endfacet
  facet normal 0 0 0
    outer loop
      vertex 9.3358 3.86702 25.84
      vertex 7.3818 3.05764 35.34
      vertex 7.04655 3.76646 35.34
    endloop
  endfacet
  facet normal 0 0 0
    outer loop
      vertex 9.3358 3.86702 25.84
      vertex 7.04655 3.76646 35.34
      vertex 8.91181 4.76346 25.84
    endloop
  endfacet
  facet normal 0 0 0
    outer loop
      vertex 0 0 25.84
      vertex 8.91181 4.76346 25.84
      vertex 9.3358 3.86702 25.84
    endloop
  endfacet
  facet normal 0 0 0
    outer loop
      vertex 0 0 35.34
      vertex 7.3818 3.05764 35.34
      vertex 7.04655 3.76646 35.34
    endloop
  endfacet
  facet normal 0 0 0
    outer loop
      vertex 8.91181 4.76346 25.84
      vertex 7.04655 3.76646 35.34
      vertex 6.64344 4.43901 35.34
    endloop
  endfacet
  facet normal 0 0 0
    outer loop
      vertex 8.91181 4.76346 25.84
      vertex 6.64344 4.43901 35.34
      vertex 8.402 5.61404 25.84
    endloop
  endfacet
  facet normal 0 0 0
    outer loop
      vertex 0 0 25.84
      vertex 8.402 5.61404 25.84
      vertex 8.91181 4.76346 25.84
    endloop
  endfacet
  facet normal 0 0 0
    outer loop
      vertex 0 0 35.34
      vertex 7.04655 3.76646 35.34
      vertex 6.64344 4.43901 35.34
    endloop
  endfacet
  facet normal 0 0 0
    outer loop
      vertex 8.402 5.61404 25.84
      vertex 6.64344 4.43901 35.34
      vertex 6.17635 5.0688 35.34
    endloop
  endfacet
  facet normal 0 0 0
    outer loop
      vertex 8.402 5.61404 25.84
      vertex 6.17635 5.0688 35.34
      vertex 7.81127 6.41054 25.84
    endloop
  endfacet
  facet normal 0 0 0
    outer loop
      vertex 0 0 25.84
      vertex 7.81127 6.41054 25.84
      vertex 8.402 5.61404 25.84
    endloop
  endfacet
  facet normal 0 0 0
    outer loop
      vertex 0 0 35.34
      vertex 6.64344 4.43901 35.34
      vertex 6.17635 5.0688 35.34
    endloop
  endfacet
  facet normal 0 0 0
    outer loop
      vertex 7.81127 6.41054 25.84
      vertex 6.17635 5.0688 35.34
      vertex 5.64978 5.64978 35.34
    endloop
  endfacet
  facet normal 0 0 0
    outer loop
      vertex 7.81127 6.41054 25.84
      vertex 5.64978 5.64978 35.34
      vertex 7.14531 7.14531 25.84
    endloop
  endfacet
  facet normal 0 0 0
    outer loop
      vertex 0 0 25.84
      vertex 7.14531 7.14531 25.84
      vertex 7.81127 6.41054 25.84
    endloop
  endfacet
  facet normal 0 0 0
    outer loop
      vertex 0 0 35.34
      vertex 6.17635 5.0688 35.34
      vertex 5.64978 5.64978 35.34
    endloop
  endfacet
  facet normal 0 0 0
    outer loop
      vertex 7.14531 7.14531 25.84
      vertex 5.64978 5.64978 35.34
      vertex 5.0688 6.17635 35.34
    endloop
  endfacet
  facet normal 0 0 0
    outer loop
      vertex 7.14531 7.14531 25.84
      vertex 5.0688 6.17635 35.34
      vertex 6.41054 7.81127 25.84
    endloop
  endfacet
  facet normal 0 0 0
    outer loop
      vertex 0 0 25.84
      vertex 6.41054 7.81127 25.84
      vertex 7.14531 7.14531 25.84
    endloop
  endfacet
  facet normal 0 0 0
    outer loop
      vertex 0 0 35.34
      vertex 5.64978 5.64978 35.34
      vertex 5.0688 6.17635 35.34
    endloop
  endfacet
  facet normal 0 0 0
    outer loop
      vertex 6.41054 7.81127 25.84
      vertex 5.0688 6.17635 35.34
      vertex 4.43901 6.64344 35.34
    endloop
  endfacet
  facet normal 0 0 0
    outer loop
      vertex 6.41054 7.81127 25.84
      vertex 4.43901 6.64344 35.34
      vertex 5.61404 8.402 25.84
    endloop
  endfacet
  facet normal 0 0 0
    outer loop
      vertex 0 0 25.84
      vertex 5.61404 8.402 25.84
      vertex 6.41054 7.81127 25.84
    endloop
  endfacet
  facet normal 0 0 0
    outer loop
      vertex 0 0 35.34
      vertex 5.0688 6.17635 35.34
      vertex 4.43901 6.64344 35.34
    endloop
  endfacet
  facet normal 0 0 0
    outer loop
      vertex 5.61404 8.402 25.84
      vertex 4.43901 6.64344 35.34
      vertex 3.76646 7.04655 35.34
    endloop
  endfacet
  facet normal 0 0 0
    outer loop
      vertex 5.61404 8.402 25.84
      vertex 3.76646 7.04655 35.34
      vertex 4.76346 8.91181 25.84
    endloop
  endfacet
  facet normal 0 0 0
    outer loop
      vertex 0 0 25.84
      vertex 4.76346 8.91181 25.84
      vertex 5.61404 8.402 25.84
    endloop
  endfacet
  facet normal 0 0 0
    outer loop
      vertex 0 0 35.34
      vertex 4.43901 6.64344 35.34
      vertex 3.76646 7.04655 35.34
    endloop
  endfacet
  facet normal 0 0 0
    outer loop
      vertex 4.76346 8.91181 25.84
      vertex 3.76646 7.04655 35.34
      vertex 3.05764 7.3818 35.34
    endloop
  endfacet
  facet normal 0 0 0
    outer loop
      vertex 4.76346 8.91181 25.84
      vertex 3.05764 7.3818 35.34
      vertex 3.86702 9.3358 25.84
    endloop
  endfacet
  facet normal 0 0 0
    outer loop
      vertex 0 0 25.84
      vertex 3.86702 9.3358 25.84
      vertex 4.76346 8.91181 25.84
    endloop
  endfacet
  facet normal 0 0 0
    outer loop
      vertex 0 0 35.34
      vertex 3.76646 7.04655 35.34
      vertex 3.05764 7.3818 35.34
    endloop
  endfacet
  facet normal 0 0 0
    outer loop
      vertex 3.86702 9.3358 25.84
      vertex 3.05764 7.3818 35.34
      vertex 2.31937 7.64595 35.34
    endloop
  endfacet
  facet normal 0 0 0
    outer loop
      vertex 3.86702 9.3358 25.84
      vertex 2.31937 7.64595 35.34
      vertex 2.93333 9.66988 25.84
    endloop
  endfacet
  facet normal 0 0 0
    outer loop
      vertex 0 0 25.84
      vertex 2.93333 9.66988 25.84
      vertex 3.86702 9.3358 25.84
    endloop
  endfacet
  facet normal 0 0 0
    outer loop
      vertex 0 0 35.34
      vertex 3.05764 7.3818 35.34
      vertex 2.31937 7.64595 35.34
    endloop
  endfacet
  facet normal 0 0 0
    outer loop
      vertex 2.93333 9.66988 25.84
      vertex 2.31937 7.64595 35.34
      vertex 1.55877 7.83647 35.34
    endloop
  endfacet
  facet normal 0 0 0
    outer loop
      vertex 2.93333 9.66988 25.84
      vertex 1.55877 7.83647 35.34
      vertex 1.97139 9.91084 25.84
    endloop
  endfacet
  facet normal 0 0 0
    outer loop
      vertex 0 0 25.84
      vertex 1.97139 9.91084 25.84
      vertex 2.93333 9.66988 25.84
    endloop
  endfacet
  facet normal 0 0 0
    outer loop
      vertex 0 0 35.34
      vertex 2.31937 7.64595 35.34
      vertex 1.55877 7.83647 35.34
    endloop
  endfacet
  facet normal 0 0 0
    outer loop
      vertex 1.97139 9.91084 25.84
      vertex 1.55877 7.83647 35.34
      vertex 0.78316 7.95153 35.34
    endloop
  endfacet
  facet normal 0 0 0
    outer loop
      vertex 1.97139 9.91084 25.84
      vertex 0.78316 7.95153 35.34
      vertex 0.99046 10.05634 25.84
    endloop
  endfacet
  facet normal 0 0 0
    outer loop
      vertex 0 0 25.84
      vertex 0.99046 10.05634 25.84
      vertex 1.97139 9.91084 25.84
    endloop
  endfacet
  facet normal 0 0 0
    outer loop
      vertex 0 0 35.34
      vertex 1.55877 7.83647 35.34
      vertex 0.78316 7.95153 35.34
    endloop
  endfacet
  facet normal 0 0 0
    outer loop
      vertex 0.99046 10.05634 25.84
      vertex 0.78316 7.95153 35.34
      vertex 0 7.99 35.34
    endloop
  endfacet
  facet normal 0 0 0
    outer loop
      vertex 0.99046 10.05634 25.84
      vertex 0 7.99 35.34
      vertex 0 10.105 25.84
    endloop
  endfacet
  facet normal 0 0 0
    outer loop
      vertex 0 0 25.84
      vertex 0 10.105 25.84
      vertex 0.99046 10.05634 25.84
    endloop
  endfacet
  facet normal 0 0 0
    outer loop
      vertex 0 0 35.34
      vertex 0.78316 7.95153 35.34
      vertex 0 7.99 35.34
    endloop
  endfacet
  facet normal 0 0 0
    outer loop
      vertex 0 10.105 25.84
      vertex 0 7.99 35.34
      vertex -0.78316 7.95153 35.34
    endloop
  endfacet
  facet normal 0 0 0
    outer loop
      vertex 0 10.105 25.84
      vertex -0.78316 7.95153 35.34
      vertex -0.99046 10.05634 25.84
    endloop
  endfacet
  facet normal 0 0 0
    outer loop
      vertex 0 0 25.84
      vertex -0.99046 10.05634 25.84
      vertex 0 10.105 25.84
    endloop
  endfacet
  facet normal 0 0 0
    outer loop
      vertex 0 0 35.34
      vertex 0 7.99 35.34
      vertex -0.78316 7.95153 35.34
    endloop
  endfacet
  facet normal 0 0 0
    outer loop
      vertex -0.99046 10.05634 25.84
      vertex -0.78316 7.95153 35.34
      vertex -1.55877 7.83647 35.34
    endloop
  endfacet
  facet normal 0 0 0
    outer loop
      vertex -0.99046 10.05634 25.84
      vertex -1.55877 7.83647 35.34
      vertex -1.97139 9.91084 25.84
    endloop
  endfacet
  facet normal 0 0 0
    outer loop
      vertex 0 0 25.84
      vertex -1.97139 9.91084 25.84
      vertex -0.99046 10.05634 25.84
    endloop
  endfacet
  facet normal 0 0 0
    outer loop
      vertex 0 0 35.34
      vertex -0.78316 7.95153 35.34
      vertex -1.55877 7.83647 35.34
    endloop
  endfacet
  facet normal 0 0 0
    outer loop
      vertex -1.97139 9.91084 25.84
      vertex -1.55877 7.83647 35.34
      vertex -2.31937 7.64595 35.34
    endloop
  endfacet
  facet normal 0 0 0
    outer loop
      vertex -1.97139 9.91084 25.84
      vertex -2.31937 7.64595 35.34
      vertex -2.93333 9.66988 25.84
    endloop
  endfacet
  facet normal 0 0 0
    outer loop
      vertex 0 0 25.84
      vertex -2.93333 9.66988 25.84
      vertex -1.97139 9.91084 25.84
    endloop
  endfacet
  facet normal 0 0 0
    outer loop
      vertex 0 0 35.34
      vertex -1.55877 7.83647 35.34
      vertex -2.31937 7.64595 35.34
    endloop
  endfacet
  facet normal 0 0 0
    outer loop
      vertex -2.93333 9.66988 25.84
      vertex -2.31937 7.64595 35.34
      vertex -3.05764 7.3818 35.34
    endloop
  endfacet
  facet normal 0 0 0
    outer loop
      vertex -2.93333 9.66988 25.84
      vertex -3.05764 7.3818 35.34
      vertex -3.86702 9.3358 25.84
    endloop
  endfacet
  facet normal 0 0 0
    outer loop
      vertex 0 0 25.84
      vertex -3.86702 9.3358 25.84
      vertex -2.93333 9.66988 25.84
    endloop
  endfacet
  facet normal 0 0 0
    outer loop
      vertex 0 0 35.34
      vertex -2.31937 7.64595 35.34
      vertex -3.05764 7.3818 35.34
    endloop
  endfacet
  facet normal 0 0 0
    outer loop
      vertex -3.86702 9.3358 25.84
      vertex -3.05764 7.3818 35.34
      vertex -3.76646 7.04655 35.34
    endloop
  endfacet
  facet normal 0 0 0
    outer loop
      vertex -3.86702 9.3358 25.84
      vertex -3.76646 7.04655 35.34
      vertex -4.76346 8.91181 25.84
    endloop
  endfacet
  facet normal 0 0 0
    outer loop
      vertex 0 0 25.84
      vertex -4.76346 8.91181 25.84
      vertex -3.86702 9.3358 25.84
    endloop
  endfacet
  facet normal 0 0 0
    outer loop
      vertex 0 0 35.34
      vertex -3.05764 7.3818 35.34
      vertex -3.76646 7.04655 35.34
    endloop
  endfacet
  facet normal 0 0 0
    outer loop
      vertex -4.76346 8.91181 25.84
      vertex -3.76646 7.04655 35.34
      vertex -4.43901 6.64344 35.34
    endloop
  endfacet
  facet normal 0 0 0
    outer loop
      vertex -4.76346 8.91181 25.84
      vertex -4.43901 6.64344 35.34
      vertex -5.61404 8.402 25.84
    endloop
  endfacet
  facet normal 0 0 0
    outer loop
      vertex 0 0 25.84
      vertex -5.61404 8.402 25.84
      vertex -4.76346 8.91181 25.84
    endloop
  endfacet
  facet normal 0 0 0
    outer loop
      vertex 0 0 35.34
      vertex -3.76646 7.04655 35.34
      vertex -4.43901 6.64344 35.34
    endloop
  endfacet
  facet normal 0 0 0
    outer loop
      vertex -5.61404 8.402 25.84
      vertex -4.43901 6.64344 35.34
      vertex -5.0688 6.17635 35.34
    endloop
  endfacet
  facet normal 0 0 0
    outer loop
      vertex -5.61404 8.402 25.84
      vertex -5.0688 6.17635 35.34
      vertex -6.41054 7.81127 25.84
    endloop
  endfacet
  facet normal 0 0 0
    outer loop
      vertex 0 0 25.84
      vertex -6.41054 7.81127 25.84
      vertex -5.61404 8.402 25.84
    endloop
  endfacet
  facet normal 0 0 0
    outer loop
      vertex 0 0 35.34
      vertex -4.43901 6.64344 35.34
      vertex -5.0688 6.17635 35.34
    endloop
  endfacet
  facet normal 0 0 0
    outer loop
      vertex -6.41054 7.81127 25.84
      vertex -5.0688 6.17635 35.34
      vertex -5.64978 5.64978 35.34
    endloop
  endfacet
  facet normal 0 0 0
    outer loop
      vertex -6.41054 7.81127 25.84
      vertex -5.64978 5.64978 35.34
      vertex -7.14531 7.14531 25.84
    endloop
  endfacet
  facet normal 0 0 0
    outer loop
      vertex 0 0 25.84
      vertex -7.14531 7.14531 25.84
      vertex -6.41054 7.81127 25.84
    endloop
  endfacet
  facet normal 0 0 0
    outer loop
      vertex 0 0 35.34
      vertex -5.0688 6.17635 35.34
      vertex -5.64978 5.64978 35.34
    endloop
  endfacet
  facet normal 0 0 0
    outer loop
      vertex -7.14531 7.14531 25.84
      vertex -5.64978 5.64978 35.34
      vertex -6.17635 5.0688 35.34
    endloop
  endfacet
  facet normal 0 0 0
    outer loop
      vertex -7.14531 7.14531 25.84
      vertex -6.17635 5.0688 35.34
      vertex -7.81127 6.41054 25.84
    endloop
  endfacet
  facet normal 0 0 0
    outer loop
      vertex 0 0 25.84
      vertex -7.81127 6.41054 25.84
      vertex -7.14531 7.14531 25.84
    endloop
  endfacet
  facet normal 0 0 0
    outer loop
      vertex 0 0 35.34
      vertex -5.64978 5.64978 35.34
      vertex -6.17635 5.0688 35.34
    endloop
  endfacet
  facet normal 0 0 0
    outer loop
      vertex -7.81127 6.41054 25.84
      vertex -6.17635 5.0688 35.34
      vertex -6.64344 4.43901 35.34
    endloop
  endfacet
  facet normal 0 0 0
    outer loop
      vertex -7.81127 6.41054 25.84
      vertex -6.64344 4.43901 35.34
      vertex -8.402 5.61404 25.84
    endloop
  endfacet
  facet normal 0 0 0
    outer loop
      vertex 0 0 25.84
      vertex -8.402 5.61404 25.84
      vertex -7.81127 6.41054 25.84
    endloop
  endfacet
  facet normal 0 0 0
    outer loop
      vertex 0 0 35.34
      vertex -6.17635 5.0688 35.34
      vertex -6.64344 4.43901 35.34
    endloop
  endfacet
  facet normal 0 0 0
    outer loop
      vertex -8.402 5.61404 25.84
      vertex -6.64344 4.43901 35.34
      vertex -7.04655 3.76646 35.34
    endloop
  endfacet
  facet normal 0 0 0
    outer loop
      vertex -8.402 5.61404 25.84
      vertex -7.04655 3.76646 35.34
      vertex -8.91181 4.76346 25.84
    endloop
  endfacet
  facet normal 0 0 0
    outer loop
      vertex 0 0 25.84
      vertex -8.91181 4.76346 25.84
      vertex -8.402 5.61404 25.84
    endloop
  endfacet
  facet normal 0 0 0
    outer loop
      vertex 0 0 35.34
      vertex -6.64344 4.43901 35.34
      vertex -7.04655 3.76646 35.34
    endloop
  endfacet
  facet normal 0 0 0
    outer loop
      vertex -8.91181 4.76346 25.84
      vertex -7.04655 3.76646 35.34
      vertex -7.3818 3.05764 35.34
    endloop
  endfacet
  facet normal 0 0 0
    outer loop
      vertex -8.91181 4.76346 25.84
      vertex -7.3818 3.05764 35.34
      vertex -9.3358 3.86702 25.84
    endloop
  endfacet
  facet normal 0 0 0
    outer loop
      vertex 0 0 25.84
      vertex -9.3358 3.86702 25.84
      vertex -8.91181 4.76346 25.84
    endloop
  endfacet
  facet normal 0 0 0
    outer loop
      vertex 0 0 35.34
      vertex -7.04655 3.76646 35.34
      vertex -7.3818 3.05764 35.34
    endloop
  endfacet
  facet normal 0 0 0
    outer loop
      vertex -9.3358 3.86702 25.84
      vertex -7.3818 3.05764 35.34
      vertex -7.64595 2.31937 35.34
    endloop
  endfacet
  facet normal 0 0 0
    outer loop
      vertex -9.3358 3.86702 25.84
      vertex -7.64595 2.31937 35.34
      vertex -9.66988 2.93333 25.84
    endloop
  endfacet
  facet normal 0 0 0
    outer loop
      vertex 0 0 25.84
      vertex -9.66988 2.93333 25.84
      vertex -9.3358 3.86702 25.84
    endloop
  endfacet
  facet normal 0 0 0
    outer loop
      vertex 0 0 35.34
      vertex -7.3818 3.05764 35.34
      vertex -7.64595 2.31937 35.34
    endloop
  endfacet
  facet normal 0 0 0
    outer loop
      vertex -9.66988 2.93333 25.84
      vertex -7.64595 2.31937 35.34
      vertex -7.83647 1.55877 35.34
    endloop
  endfacet
  facet normal 0 0 0
    outer loop
      vertex -9.66988 2.93333 25.84
      vertex -7.83647 1.55877 35.34
      vertex -9.91084 1.97139 25.84
    endloop
  endfacet
  facet normal 0 0 0
    outer loop
      vertex 0 0 25.84
      vertex -9.91084 1.97139 25.84
      vertex -9.66988 2.93333 25.84
    endloop
  endfacet
  facet normal 0 0 0
    outer loop
      vertex 0 0 35.34
      vertex -7.64595 2.31937 35.34
      vertex -7.83647 1.55877 35.34
    endloop
  endfacet
  facet normal 0 0 0
    outer loop
      vertex -9.91084 1.97139 25.84
      vertex -7.83647 1.55877 35.34
      vertex -7.95153 0.78316 35.34
    endloop
  endfacet
  facet normal 0 0 0
    outer loop
      vertex -9.91084 1.97139 25.84
      vertex -7.95153 0.78316 35.34
      vertex -10.05634 0.99046 25.84
    endloop
  endfacet
  facet normal 0 0 0
    outer loop
      vertex 0 0 25.84
      vertex -10.05634 0.99046 25.84
      vertex -9.91084 1.97139 25.84
    endloop
  endfacet
  facet normal 0 0 0
    outer loop
      vertex 0 0 35.34
      vertex -7.83647 1.55877 35.34
      vertex -7.95153 0.78316 35.34
    endloop
  endfacet
  facet normal 0 0 0
    outer loop
      vertex -10.05634 0.99046 25.84
      vertex -7.95153 0.78316 35.34
      vertex -7.99 0 35.34
    endloop
  endfacet
  facet normal 0 0 0
    outer loop
      vertex -10.05634 0.99046 25.84
      vertex -7.99 0 35.34
      vertex -10.105 0 25.84
    endloop
  endfacet
  facet normal 0 0 0
    outer loop
      vertex 0 0 25.84
      vertex -10.105 0 25.84
      vertex -10.05634 0.99046 25.84
    endloop
  endfacet
  facet normal 0 0 0
    outer loop
      vertex 0 0 35.34
      vertex -7.95153 0.78316 35.34
      vertex -7.99 0 35.34
    endloop
  endfacet
  facet normal 0 0 0
    outer loop
      vertex -10.105 0 25.84
      vertex -7.99 0 35.34
      vertex -7.95153 -0.78316 35.34
    endloop
  endfacet
  facet normal 0 0 0
    outer loop
      vertex -10.105 0 25.84
      vertex -7.95153 -0.78316 35.34
      vertex -10.05634 -0.99046 25.84
    endloop
  endfacet
  facet normal 0 0 0
    outer loop
      vertex 0 0 25.84
      vertex -10.05634 -0.99046 25.84
      vertex -10.105 0 25.84
    endloop
  endfacet
  facet normal 0 0 0
    outer loop
      vertex 0 0 35.34
      vertex -7.99 0 35.34
      vertex -7.95153 -0.78316 35.34
    endloop
  endfacet
  facet normal 0 0 0
    outer loop
      vertex -10.05634 -0.99046 25.84
      vertex -7.95153 -0.78316 35.34
      vertex -7.83647 -1.55877 35.34
    endloop
  endfacet
  facet normal 0 0 0
    outer loop
      vertex -10.05634 -0.99046 25.84
      vertex -7.83647 -1.55877 35.34
      vertex -9.91084 -1.97139 25.84
    endloop
  endfacet
  facet normal 0 0 0
    outer loop
      vertex 0 0 25.84
      vertex -9.91084 -1.97139 25.84
      vertex -10.05634 -0.99046 25.84
    endloop
  endfacet
  facet normal 0 0 0
    outer loop
      vertex 0 0 35.34
      vertex -7.95153 -0.78316 35.34
      vertex -7.83647 -1.55877 35.34
    endloop
  endfacet
  facet normal 0 0 0
    outer loop
      vertex -9.91084 -1.97139 25.84
      vertex -7.83647 -1.55877 35.34
      vertex -7.64595 -2.31937 35.34
    endloop
  endfacet
  facet normal 0 0 0
    outer loop
      vertex -9.91084 -1.97139 25.84
      vertex -7.64595 -2.31937 35.34
      vertex -9.66988 -2.93333 25.84
    endloop
  endfacet
  facet normal 0 0 0
    outer loop
      vertex 0 0 25.84
      vertex -9.66988 -2.93333 25.84
      vertex -9.91084 -1.97139 25.84
    endloop
  endfacet
  facet normal 0 0 0
    outer loop
      vertex 0 0 35.34
      vertex -7.83647 -1.55877 35.34
      vertex -7.64595 -2.31937 35.34
    endloop
  endfacet
  facet normal 0 0 0
    outer loop
      vertex -9.66988 -2.93333 25.84
      vertex -7.64595 -2.31937 35.34
      vertex -7.3818 -3.05764 35.34
    endloop
  endfacet
  facet normal 0 0 0
    outer loop
      vertex -9.66988 -2.93333 25.84
      vertex -7.3818 -3.05764 35.34
      vertex -9.3358 -3.86702 25.84
    endloop
  endfacet
  facet normal 0 0 0
    outer loop
      vertex 0 0 25.84
      vertex -9.3358 -3.86702 25.84
      vertex -9.66988 -2.93333 25.84
    endloop
  endfacet
  facet normal 0 0 0
    outer loop
      vertex 0 0 35.34
      vertex -7.64595 -2.31937 35.34
      vertex -7.3818 -3.05764 35.34
    endloop
  endfacet
  facet normal 0 0 0
    outer loop
      vertex -9.3358 -3.86702 25.84
      vertex -7.3818 -3.05764 35.34
      vertex -7.04655 -3.76646 35.34
    endloop
  endfacet
  facet normal 0 0 0
    outer loop
      vertex -9.3358 -3.86702 25.84
      vertex -7.04655 -3.76646 35.34
      vertex -8.91181 -4.76346 25.84
    endloop
  endfacet
  facet normal 0 0 0
    outer loop
      vertex 0 0 25.84
      vertex -8.91181 -4.76346 25.84
      vertex -9.3358 -3.86702 25.84
    endloop
  endfacet
  facet normal 0 0 0
    outer loop
      vertex 0 0 35.34
      vertex -7.3818 -3.05764 35.34
      vertex -7.04655 -3.76646 35.34
    endloop
  endfacet
  facet normal 0 0 0
    outer loop
      vertex -8.91181 -4.76346 25.84
      vertex -7.04655 -3.76646 35.34
      vertex -6.64344 -4.43901 35.34
    endloop
  endfacet
  facet normal 0 0 0
    outer loop
      vertex -8.91181 -4.76346 25.84
      vertex -6.64344 -4.43901 35.34
      vertex -8.402 -5.61404 25.84
    endloop
  endfacet
  facet normal 0 0 0
    outer loop
      vertex 0 0 25.84
      vertex -8.402 -5.61404 25.84
      vertex -8.91181 -4.76346 25.84
    endloop
  endfacet
  facet normal 0 0 0
    outer loop
      vertex 0 0 35.34
      vertex -7.04655 -3.76646 35.34
      vertex -6.64344 -4.43901 35.34
    endloop
  endfacet
  facet normal 0 0 0
    outer loop
      vertex -8.402 -5.61404 25.84
      vertex -6.64344 -4.43901 35.34
      vertex -6.17635 -5.0688 35.34
    endloop
  endfacet
  facet normal 0 0 0
    outer loop
      vertex -8.402 -5.61404 25.84
      vertex -6.17635 -5.0688 35.34
      vertex -7.81127 -6.41054 25.84
    endloop
  endfacet
  facet normal 0 0 0
    outer loop
      vertex 0 0 25.84
      vertex -7.81127 -6.41054 25.84
      vertex -8.402 -5.61404 25.84
    endloop
  endfacet
  facet normal 0 0 0
    outer loop
      vertex 0 0 35.34
      vertex -6.64344 -4.43901 35.34
      vertex -6.17635 -5.0688 35.34
    endloop
  endfacet
  facet normal 0 0 0
    outer loop
      vertex -7.81127 -6.41054 25.84
      vertex -6.17635 -5.0688 35.34
      vertex -5.64978 -5.64978 35.34
    endloop
  endfacet
  facet normal 0 0 0
    outer loop
      vertex -7.81127 -6.41054 25.84
      vertex -5.64978 -5.64978 35.34
      vertex -7.14531 -7.14531 25.84
    endloop
  endfacet
  facet normal 0 0 0
    outer loop
      vertex 0 0 25.84
      vertex -7.14531 -7.14531 25.84
      vertex -7.81127 -6.41054 25.84
    endloop
  endfacet
  facet normal 0 0 0
    outer loop
      vertex 0 0 35.34
      vertex -6.17635 -5.0688 35.34
      vertex -5.64978 -5.64978 35.34
    endloop
  endfacet
  facet normal 0 0 0
    outer loop
      vertex -7.14531 -7.14531 25.84
      vertex -5.64978 -5.64978 35.34
      vertex -5.0688 -6.17635 35.34
    endloop
  endfacet
  facet normal 0 0 0
    outer loop
      vertex -7.14531 -7.14531 25.84
      vertex -5.0688 -6.17635 35.34
      vertex -6.41054 -7.81127 25.84
    endloop
  endfacet
  facet normal 0 0 0
    outer loop
      vertex 0 0 25.84
      vertex -6.41054 -7.81127 25.84
      vertex -7.14531 -7.14531 25.84
    endloop
  endfacet
  facet normal 0 0 0
    outer loop
      vertex 0 0 35.34
      vertex -5.64978 -5.64978 35.34
      vertex -5.0688 -6.17635 35.34
    endloop
  endfacet
  facet normal 0 0 0
    outer loop
      vertex -6.41054 -7.81127 25.84
      vertex -5.0688 -6.17635 35.34
      vertex -4.43901 -6.64344 35.34
    endloop
  endfacet
  facet normal 0 0 0
    outer loop
      vertex -6.41054 -7.81127 25.84
      vertex -4.43901 -6.64344 35.34
      vertex -5.61404 -8.402 25.84
    endloop
  endfacet
  facet normal 0 0 0
    outer loop
      vertex 0 0 25.84
      vertex -5.61404 -8.402 25.84
      vertex -6.41054 -7.81127 25.84
    endloop
  endfacet
  facet normal 0 0 0
    outer loop
      vertex 0 0 35.34
      vertex -5.0688 -6.17635 35.34
      vertex -4.43901 -6.64344 35.34
    endloop
  endfacet
  facet normal 0 0 0
    outer loop
      vertex -5.61404 -8.402 25.84
      vertex -4.43901 -6.64344 35.34
      vertex -3.76646 -7.04655 35.34
    endloop
  endfacet
  facet normal 0 0 0
    outer loop
      vertex -5.61404 -8.402 25.84
      vertex -3.76646 -7.04655 35.34
      vertex -4.76346 -8.91181 25.84
    endloop
  endfacet
  facet normal 0 0 0
    outer loop
      vertex 0 0 25.84
      vertex -4.76346 -8.91181 25.84
      vertex -5.61404 -8.402 25.84
    endloop
  endfacet
  facet normal 0 0 0
    outer loop
      vertex 0 0 35.34
      vertex -4.43901 -6.64344 35.34
      vertex -3.76646 -7.04655 35.34
    endloop
  endfacet
  facet normal 0 0 0
    outer loop
      vertex -4.76346 -8.91181 25.84
      vertex -3.76646 -7.04655 35.34
      vertex -3.05764 -7.3818 35.34
    endloop
  endfacet
  facet normal 0 0 0
    outer loop
      vertex -4.76346 -8.91181 25.84
      vertex -3.05764 -7.3818 35.34
      vertex -3.86702 -9.3358 25.84
    endloop
  endfacet
  facet normal 0 0 0
    outer loop
      vertex 0 0 25.84
      vertex -3.86702 -9.3358 25.84
      vertex -4.76346 -8.91181 25.84
    endloop
  endfacet
  facet normal 0 0 0
    outer loop
      vertex 0 0 35.34
      vertex -3.76646 -7.04655 35.34
      vertex -3.05764 -7.3818 35.34
    endloop
  endfacet
  facet normal 0 0 0
    outer loop
      vertex -3.86702 -9.3358 25.84
      vertex -3.05764 -7.3818 35.34
      vertex -2.31937 -7.64595 35.34
    endloop
  endfacet
  facet normal 0 0 0
    outer loop
      vertex -3.86702 -9.3358 25.84
      vertex -2.31937 -7.64595 35.34
      vertex -2.93333 -9.66988 25.84
    endloop
  endfacet
  facet normal 0 0 0
    outer loop
      vertex 0 0 25.84
      vertex -2.93333 -9.66988 25.84
      vertex -3.86702 -9.3358 25.84
    endloop
  endfacet
  facet normal 0 0 0
    outer loop
      vertex 0 0 35.34
      vertex -3.05764 -7.3818 35.34
      vertex -2.31937 -7.64595 35.34
    endloop
  endfacet
  facet normal 0 0 0
    outer loop
      vertex -2.93333 -9.66988 25.84
      vertex -2.31937 -7.64595 35.34
      vertex -1.55877 -7.83647 35.34
    endloop
  endfacet
  facet normal 0 0 0
    outer loop
      vertex -2.93333 -9.66988 25.84
      vertex -1.55877 -7.83647 35.34
      vertex -1.97139 -9.91084 25.84
    endloop
  endfacet
  facet normal 0 0 0
    outer loop
      vertex 0 0 25.84
      vertex -1.97139 -9.91084 25.84
      vertex -2.93333 -9.66988 25.84
    endloop
  endfacet
  facet normal 0 0 0
    outer loop
      vertex 0 0 35.34
      vertex -2.31937 -7.64595 35.34
      vertex -1.55877 -7.83647 35.34
    endloop
  endfacet
  facet normal 0 0 0
    outer loop
      vertex -1.97139 -9.91084 25.84
      vertex -1.55877 -7.83647 35.34
      vertex -0.78316 -7.95153 35.34
    endloop
  endfacet
  facet normal 0 0 0
    outer loop
      vertex -1.97139 -9.91084 25.84
      vertex -0.78316 -7.95153 35.34
      vertex -0.99046 -10.05634 25.84
    endloop
  endfacet
  facet normal 0 0 0
    outer loop
      vertex 0 0 25.84
      vertex -0.99046 -10.05634 25.84
      vertex -1.97139 -9.91084 25.84
    endloop
  endfacet
  facet normal 0 0 0
    outer loop
      vertex 0 0 35.34
      vertex -1.55877 -7.83647 35.34
      vertex -0.78316 -7.95153 35.34
    endloop
  endfacet
  facet normal 0 0 0
    outer loop
      vertex -0.99046 -10.05634 25.84
      vertex -0.78316 -7.95153 35.34
      vertex 0 -7.99 35.34
    endloop
  endfacet
  facet normal 0 0 0
    outer loop
      vertex -0.99046 -10.05634 25.84
      vertex 0 -7.99 35.34
      vertex 0 -10.105 25.84
    endloop
  endfacet
  facet normal 0 0 0
    outer loop
      vertex 0 0 25.84
      vertex 0 -10.105 25.84
      vertex -0.99046 -10.05634 25.84
    endloop
  endfacet
  facet normal 0 0 0
    outer loop
      vertex 0 0 35.34
      vertex -0.78316 -7.95153 35.34
      vertex 0 -7.99 35.34
    endloop
  endfacet
  facet normal 0 0 0
    outer loop
      vertex 0 -10.105 25.84
      vertex 0 -7.99 35.34
      vertex 0.78316 -7.95153 35.34
    endloop
  endfacet
  facet normal 0 0 0
    outer loop
      vertex 0 -10.105 25.84
      vertex 0.78316 -7.95153 35.34
      vertex 0.99046 -10.05634 25.84
    endloop
  endfacet
  facet normal 0 0 0
    outer loop
      vertex 0 0 25.84
      vertex 0.99046 -10.05634 25.84
      vertex 0 -10.105 25.84
    endloop
  endfacet
  facet normal 0 0 0
    outer loop
      vertex 0 0 35.34
      vertex 0 -7.99 35.34
      vertex 0.78316 -7.95153 35.34
    endloop
  endfacet
  facet normal 0 0 0
    outer loop
      vertex 0.99046 -10.05634 25.84
      vertex 0.78316 -7.95153 35.34
      vertex 1.55877 -7.83647 35.34
    endloop
  endfacet
  facet normal 0 0 0
    outer loop
      vertex 0.99046 -10.05634 25.84
      vertex 1.55877 -7.83647 35.34
      vertex 1.97139 -9.91084 25.84
    endloop
  endfacet
  facet normal 0 0 0
    outer loop
      vertex 0 0 25.84
      vertex 1.97139 -9.91084 25.84
      vertex 0.99046 -10.05634 25.84
    endloop
  endfacet
  facet normal 0 0 0
    outer loop
      vertex 0 0 35.34
      vertex 0.78316 -7.95153 35.34
      vertex 1.55877 -7.83647 35.34
    endloop
  endfacet
  facet normal 0 0 0
    outer loop
      vertex 1.97139 -9.91084 25.84
      vertex 1.55877 -7.83647 35.34
      vertex 2.31937 -7.64595 35.34
    endloop
  endfacet
  facet normal 0 0 0
    outer loop
      vertex 1.97139 -9.91084 25.84
      vertex 2.31937 -7.64595 35.34
      vertex 2.93333 -9.66988 25.84
    endloop
  endfacet
  facet normal 0 0 0
    outer loop
      vertex 0 0 25.84
      vertex 2.93333 -9.66988 25.84
      vertex 1.97139 -9.91084 25.84
    endloop
  endfacet
  facet normal 0 0 0
    outer loop
      vertex 0 0 35.34
      vertex 1.55877 -7.83647 35.34
      vertex 2.31937 -7.64595 35.34
    endloop
  endfacet
  facet normal 0 0 0
    outer loop
      vertex 2.93333 -9.66988 25.84
      vertex 2.31937 -7.64595 35.34
      vertex 3.05764 -7.3818 35.34
    endloop
  endfacet
  facet normal 0 0 0
    outer loop
      vertex 2.93333 -9.66988 25.84
      vertex 3.05764 -7.3818 35.34
      vertex 3.86702 -9.3358 25.84
    endloop
  endfacet
  facet normal 0 0 0
    outer loop
      vertex 0 0 25.84
      vertex 3.86702 -9.3358 25.84
      vertex 2.93333 -9.66988 25.84
    endloop
  endfacet
  facet normal 0 0 0
    outer loop
      vertex 0 0 35.34
      vertex 2.31937 -7.64595 35.34
      vertex 3.05764 -7.3818 35.34
    endloop
  endfacet
  facet normal 0 0 0
    outer loop
      vertex 3.86702 -9.3358 25.84
      vertex 3.05764 -7.3818 35.34
      vertex 3.76646 -7.04655 35.34
    endloop
  endfacet
  facet normal 0 0 0
    outer loop
      vertex 3.86702 -9.3358 25.84
      vertex 3.76646 -7.04655 35.34
      vertex 4.76346 -8.91181 25.84
    endloop
  endfacet
  facet normal 0 0 0
    outer loop
      vertex 0 0 25.84
      vertex 4.76346 -8.91181 25.84
      vertex 3.86702 -9.3358 25.84
    endloop
  endfacet
  facet normal 0 0 0
    outer loop
      vertex 0 0 35.34
      vertex 3.05764 -7.3818 35.34
      vertex 3.76646 -7.04655 35.34
    endloop
  endfacet
  facet normal 0 0 0
    outer loop
      vertex 4.76346 -8.91181 25.84
      vertex 3.76646 -7.04655 35.34
      vertex 4.43901 -6.64344 35.34
    endloop
  endfacet
  facet normal 0 0 0
    outer loop
      vertex 4.76346 -8.91181 25.84
      vertex 4.43901 -6.64344 35.34
      vertex 5.61404 -8.402 25.84
    endloop
  endfacet
  facet normal 0 0 0
    outer loop
      vertex 0 0 25.84
      vertex 5.61404 -8.402 25.84
      vertex 4.76346 -8.91181 25.84
    endloop
  endfacet
  facet normal 0 0 0
    outer loop
      vertex 0 0 35.34
      vertex 3.76646 -7.04655 35.34
      vertex 4.43901 -6.64344 35.34
    endloop
  endfacet
  facet normal 0 0 0
    outer loop
      vertex 5.61404 -8.402 25.84
      vertex 4.43901 -6.64344 35.34
      vertex 5.0688 -6.17635 35.34
    endloop
  endfacet
  facet normal 0 0 0
    outer loop
      vertex 5.61404 -8.402 25.84
      vertex 5.0688 -6.17635 35.34
      vertex 6.41054 -7.81127 25.84
    endloop
  endfacet
  facet normal 0 0 0
    outer loop
      vertex 0 0 25.84
      vertex 6.41054 -7.81127 25.84
      vertex 5.61404 -8.402 25.84
    endloop
  endfacet
  facet normal 0 0 0
    outer loop
      vertex 0 0 35.34
      vertex 4.43901 -6.64344 35.34
      vertex 5.0688 -6.17635 35.34
    endloop
  endfacet
  facet normal 0 0 0
    outer loop
      vertex 6.41054 -7.81127 25.84
      vertex 5.0688 -6.17635 35.34
      vertex 5.64978 -5.64978 35.34
    endloop
  endfacet
  facet normal 0 0 0
    outer loop
      vertex 6.41054 -7.81127 25.84
      vertex 5.64978 -5.64978 35.34
      vertex 7.14531 -7.14531 25.84
    endloop
  endfacet
  facet normal 0 0 0
    outer loop
      vertex 0 0 25.84
      vertex 7.14531 -7.14531 25.84
      vertex 6.41054 -7.81127 25.84
    endloop
  endfacet
  facet normal 0 0 0
    outer loop
      vertex 0 0 35.34
      vertex 5.0688 -6.17635 35.34
      vertex 5.64978 -5.64978 35.34
    endloop
  endfacet
  facet normal 0 0 0
    outer loop
      vertex 7.14531 -7.14531 25.84
      vertex 5.64978 -5.64978 35.34
      vertex 6.17635 -5.0688 35.34
    endloop
  endfacet
  facet normal 0 0 0
    outer loop
      vertex 7.14531 -7.14531 25.84
      vertex 6.17635 -5.0688 35.34
      vertex 7.81127 -6.41054 25.84
    endloop
  endfacet
  facet normal 0 0 0
    outer loop
      vertex 0 0 25.84
      vertex 7.81127 -6.41054 25.84
      vertex 7.14531 -7.14531 25.84
    endloop
  endfacet
  facet normal 0 0 0
    outer loop
      vertex 0 0 35.34
      vertex 5.64978 -5.64978 35.34
      vertex 6.17635 -5.0688 35.34
    endloop
  endfacet
  facet normal 0 0 0
    outer loop
      vertex 7.81127 -6.41054 25.84
      vertex 6.17635 -5.0688 35.34
      vertex 6.64344 -4.43901 35.34
    endloop
  endfacet
  facet normal 0 0 0
    outer loop
      vertex 7.81127 -6.41054 25.84
      vertex 6.64344 -4.43901 35.34
      vertex 8.402 -5.61404 25.84
    endloop
  endfacet
  facet normal 0 0 0
    outer loop
      vertex 0 0 25.84
      vertex 8.402 -5.61404 25.84
      vertex 7.81127 -6.41054 25.84
    endloop
  endfacet
  facet normal 0 0 0
    outer loop
      vertex 0 0 35.34
      vertex 6.17635 -5.0688 35.34
      vertex 6.64344 -4.43901 35.34
    endloop
  endfacet
  facet normal 0 0 0
    outer loop
      vertex 8.402 -5.61404 25.84
      vertex 6.64344 -4.43901 35.34
      vertex 7.04655 -3.76646 35.34
    endloop
  endfacet
  facet normal 0 0 0
    outer loop
      vertex 8.402 -5.61404 25.84
      vertex 7.04655 -3.76646 35.34
      vertex 8.91181 -4.76346 25.84
    endloop
  endfacet
  facet normal 0 0 0
    outer loop
      vertex 0 0 25.84
      vertex 8.91181 -4.76346 25.84
      vertex 8.402 -5.61404 25.84
    endloop
  endfacet
  facet normal 0 0 0
    outer loop
      vertex 0 0 35.34
      vertex 6.64344 -4.43901 35.34
      vertex 7.04655 -3.76646 35.34
    endloop
  endfacet
  facet normal 0 0 0
    outer loop
      vertex 8.91181 -4.76346 25.84
      vertex 7.04655 -3.76646 35.34
      vertex 7.3818 -3.05764 35.34
    endloop
  endfacet
  facet normal 0 0 0
    outer loop
      vertex 8.91181 -4.76346 25.84
      vertex 7.3818 -3.05764 35.34
      vertex 9.3358 -3.86702 25.84
    endloop
  endfacet
  facet normal 0 0 0
    outer loop
      vertex 0 0 25.84
      vertex 9.3358 -3.86702 25.84
      vertex 8.91181 -4.76346 25.84
    endloop
  endfacet
  facet normal 0 0 0
    outer loop
      vertex 0 0 35.34
      vertex 7.04655 -3.76646 35.34
      vertex 7.3818 -3.05764 35.34
    endloop
  endfacet
  facet normal 0 0 0
    outer loop
      vertex 9.3358 -3.86702 25.84
      vertex 7.3818 -3.05764 35.34
      vertex 7.64595 -2.31937 35.34
    endloop
  endfacet
  facet normal 0 0 0
    outer loop
      vertex 9.3358 -3.86702 25.84
      vertex 7.64595 -2.31937 35.34
      vertex 9.66988 -2.93333 25.84
    endloop
  endfacet
  facet normal 0 0 0
    outer loop
      vertex 0 0 25.84
      vertex 9.66988 -2.93333 25.84
      vertex 9.3358 -3.86702 25.84
    endloop
  endfacet
  facet normal 0 0 0
    outer loop
      vertex 0 0 35.34
      vertex 7.3818 -3.05764 35.34
      vertex 7.64595 -2.31937 35.34
    endloop
  endfacet
  facet normal 0 0 0
    outer loop
      vertex 9.66988 -2.93333 25.84
      vertex 7.64595 -2.31937 35.34
      vertex 7.83647 -1.55877 35.34
    endloop
  endfacet
  facet normal 0 0 0
    outer loop
      vertex 9.66988 -2.93333 25.84
      vertex 7.83647 -1.55877 35.34
      vertex 9.91084 -1.97139 25.84
    endloop
  endfacet
  facet normal 0 0 0
    outer loop
      vertex 0 0 25.84
      vertex 9.91084 -1.97139 25.84
      vertex 9.66988 -2.93333 25.84
    endloop
  endfacet
  facet normal 0 0 0
    outer loop
      vertex 0 0 35.34
      vertex 7.64595 -2.31937 35.34
      vertex 7.83647 -1.55877 35.34
    endloop
  endfacet
  facet normal 0 0 0
    outer loop
      vertex 9.91084 -1.97139 25.84
      vertex 7.83647 -1.55877 35.34
      vertex 7.95153 -0.78316 35.34
    endloop
  endfacet
  facet normal 0 0 0
    outer loop
      vertex 9.91084 -1.97139 25.84
      vertex 7.95153 -0.78316 35.34
      vertex 10.05634 -0.99046 25.84
    endloop
  endfacet
  facet normal 0 0 0
    outer loop
      vertex 0 0 25.84
      vertex 10.05634 -0.99046 25.84
      vertex 9.91084 -1.97139 25.84
    endloop
  endfacet
  facet normal 0 0 0
    outer loop
      vertex 0 0 35.34
      vertex 7.83647 -1.55877 35.34
      vertex 7.95153 -0.78316 35.34
    endloop
  endfacet
  facet normal 0 0 0
    outer loop
      vertex 10.05634 -0.99046 25.84
      vertex 7.95153 -0.78316 35.34
      vertex 7.99 0 35.34
    endloop
  endfacet
  facet normal 0 0 0
    outer loop
      vertex 10.05634 -0.99046 25.84
      vertex 7.99 0 35.34
      vertex 10.105 0 25.84
    endloop
  endfacet
  facet normal 0 0 0
    outer loop
      vertex 0 0 25.84
      vertex 10.105 0 25.84
      vertex 10.05634 -0.99046 25.84
    endloop
  endfacet
  facet normal 0 0 0
    outer loop
      vertex 0 0 35.34
      vertex 7.95153 -0.78316 35.34
      vertex 7.99 0 35.34
    endloop
  endfacet
  facet normal 0 0 0
    outer loop
      vertex 4.7 0 34.58
      vertex 3.76 0 38
      vertex 3.74189 0.36854 38
    endloop
  endfacet
  facet normal 0 0 0
    outer loop
      vertex 4.7 0 34.58
      vertex 3.74189 0.36854 38
      vertex 4.67737 0.46068 34.58
    endloop
  endfacet
  facet normal 0 0 0
    outer loop
      vertex 0 0 34.58
      vertex 4.67737 0.46068 34.58
      vertex 4.7 0 34.58
    endloop
  endfacet
  facet normal 0 0 0
    outer loop
      vertex 0 0 38
      vertex 3.76 0 38
      vertex 3.74189 0.36854 38
    endloop
  endfacet
  facet normal 0 0 0
    outer loop
      vertex 4.67737 0.46068 34.58
      vertex 3.74189 0.36854 38
      vertex 3.68775 0.73354 38
    endloop
  endfacet
  facet normal 0 0 0
    outer loop
      vertex 4.67737 0.46068 34.58
      vertex 3.68775 0.73354 38
      vertex 4.60969 0.91692 34.58
    endloop
  endfacet
  facet normal 0 0 0
    outer loop
      vertex 0 0 34.58
      vertex 4.60969 0.91692 34.58
      vertex 4.67737 0.46068 34.58
    endloop
  endfacet
  facet normal 0 0 0
    outer loop
      vertex 0 0 38
      vertex 3.74189 0.36854 38
      vertex 3.68775 0.73354 38
    endloop
  endfacet
  facet normal 0 0 0
    outer loop
      vertex 4.60969 0.91692 34.58
      vertex 3.68775 0.73354 38
      vertex 3.5981 1.09147 38
    endloop
  endfacet
  facet normal 0 0 0
    outer loop
      vertex 4.60969 0.91692 34.58
      vertex 3.5981 1.09147 38
      vertex 4.49762 1.36434 34.58
    endloop
  endfacet
  facet normal 0 0 0
    outer loop
      vertex 0 0 34.58
      vertex 4.49762 1.36434 34.58
      vertex 4.60969 0.91692 34.58
    endloop
  endfacet
  facet normal 0 0 0
    outer loop
      vertex 0 0 38
      vertex 3.68775 0.73354 38
      vertex 3.5981 1.09147 38
    endloop
  endfacet
  facet normal 0 0 0
    outer loop
      vertex 4.49762 1.36434 34.58
      vertex 3.5981 1.09147 38
      vertex 3.47379 1.43889 38
    endloop
  endfacet
  facet normal 0 0 0
    outer loop
      vertex 4.49762 1.36434 34.58
      vertex 3.47379 1.43889 38
      vertex 4.34223 1.79861 34.58
    endloop
  endfacet
  facet normal 0 0 0
    outer loop
      vertex 0 0 34.58
      vertex 4.34223 1.79861 34.58
      vertex 4.49762 1.36434 34.58
    endloop
  endfacet
  facet normal 0 0 0
    outer loop
      vertex 0 0 38
      vertex 3.5981 1.09147 38
      vertex 3.47379 1.43889 38
    endloop
  endfacet
  facet normal 0 0 0
    outer loop
      vertex 4.34223 1.79861 34.58
      vertex 3.47379 1.43889 38
      vertex 3.31602 1.77245 38
    endloop
  endfacet
  facet normal 0 0 0
    outer loop
      vertex 4.34223 1.79861 34.58
      vertex 3.31602 1.77245 38
      vertex 4.14503 2.21556 34.58
    endloop
  endfacet
  facet normal 0 0 0
    outer loop
      vertex 0 0 34.58
      vertex 4.14503 2.21556 34.58
      vertex 4.34223 1.79861 34.58
    endloop
  endfacet
  facet normal 0 0 0
    outer loop
      vertex 0 0 38
      vertex 3.47379 1.43889 38
      vertex 3.31602 1.77245 38
    endloop
  endfacet
  facet normal 0 0 0
    outer loop
      vertex 4.14503 2.21556 34.58
      vertex 3.31602 1.77245 38
      vertex 3.12633 2.08894 38
    endloop
  endfacet
  facet normal 0 0 0
    outer loop
      vertex 4.14503 2.21556 34.58
      vertex 3.12633 2.08894 38
      vertex 3.90791 2.61118 34.58
    endloop
  endfacet
  facet normal 0 0 0
    outer loop
      vertex 0 0 34.58
      vertex 3.90791 2.61118 34.58
      vertex 4.14503 2.21556 34.58
    endloop
  endfacet
  facet normal 0 0 0
    outer loop
      vertex 0 0 38
      vertex 3.31602 1.77245 38
      vertex 3.12633 2.08894 38
    endloop
  endfacet
  facet normal 0 0 0
    outer loop
      vertex 3.90791 2.61118 34.58
      vertex 3.12633 2.08894 38
      vertex 2.90652 2.38532 38
    endloop
  endfacet
  facet normal 0 0 0
    outer loop
      vertex 3.90791 2.61118 34.58
      vertex 2.90652 2.38532 38
      vertex 3.63315 2.98165 34.58
    endloop
  endfacet
  facet normal 0 0 0
    outer loop
      vertex 0 0 34.58
      vertex 3.63315 2.98165 34.58
      vertex 3.90791 2.61118 34.58
    endloop
  endfacet
  facet normal 0 0 0
    outer loop
      vertex 0 0 38
      vertex 3.12633 2.08894 38
      vertex 2.90652 2.38532 38
    endloop
  endfacet
  facet normal 0 0 0
    outer loop
      vertex 3.63315 2.98165 34.58
      vertex 2.90652 2.38532 38
      vertex 2.65872 2.65872 38
    endloop
  endfacet
  facet normal 0 0 0
    outer loop
      vertex 3.63315 2.98165 34.58
      vertex 2.65872 2.65872 38
      vertex 3.3234 3.3234 34.58
    endloop
  endfacet
  facet normal 0 0 0
    outer loop
      vertex 0 0 34.58
      vertex 3.3234 3.3234 34.58
      vertex 3.63315 2.98165 34.58
    endloop
  endfacet
  facet normal 0 0 0
    outer loop
      vertex 0 0 38
      vertex 2.90652 2.38532 38
      vertex 2.65872 2.65872 38
    endloop
  endfacet
  facet normal 0 0 0
    outer loop
      vertex 3.3234 3.3234 34.58
      vertex 2.65872 2.65872 38
      vertex 2.38532 2.90652 38
    endloop
  endfacet
  facet normal 0 0 0
    outer loop
      vertex 3.3234 3.3234 34.58
      vertex 2.38532 2.90652 38
      vertex 2.98165 3.63315 34.58
    endloop
  endfacet
  facet normal 0 0 0
    outer loop
      vertex 0 0 34.58
      vertex 2.98165 3.63315 34.58
      vertex 3.3234 3.3234 34.58
    endloop
  endfacet
  facet normal 0 0 0
    outer loop
      vertex 0 0 38
      vertex 2.65872 2.65872 38
      vertex 2.38532 2.90652 38
    endloop
  endfacet
  facet normal 0 0 0
    outer loop
      vertex 2.98165 3.63315 34.58
      vertex 2.38532 2.90652 38
      vertex 2.08894 3.12633 38
    endloop
  endfacet
  facet normal 0 0 0
    outer loop
      vertex 2.98165 3.63315 34.58
      vertex 2.08894 3.12633 38
      vertex 2.61118 3.90791 34.58
    endloop
  endfacet
  facet normal 0 0 0
    outer loop
      vertex 0 0 34.58
      vertex 2.61118 3.90791 34.58
      vertex 2.98165 3.63315 34.58
    endloop
  endfacet
  facet normal 0 0 0
    outer loop
      vertex 0 0 38
      vertex 2.38532 2.90652 38
      vertex 2.08894 3.12633 38
    endloop
  endfacet
  facet normal 0 0 0
    outer loop
      vertex 2.61118 3.90791 34.58
      vertex 2.08894 3.12633 38
      vertex 1.77245 3.31602 38
    endloop
  endfacet
  facet normal 0 0 0
    outer loop
      vertex 2.61118 3.90791 34.58
      vertex 1.77245 3.31602 38
      vertex 2.21556 4.14503 34.58
    endloop
  endfacet
  facet normal 0 0 0
    outer loop
      vertex 0 0 34.58
      vertex 2.21556 4.14503 34.58
      vertex 2.61118 3.90791 34.58
    endloop
  endfacet
  facet normal 0 0 0
    outer loop
      vertex 0 0 38
      vertex 2.08894 3.12633 38
      vertex 1.77245 3.31602 38
    endloop
  endfacet
  facet normal 0 0 0
    outer loop
      vertex 2.21556 4.14503 34.58
      vertex 1.77245 3.31602 38
      vertex 1.43889 3.47379 38
    endloop
  endfacet
  facet normal 0 0 0
    outer loop
      vertex 2.21556 4.14503 34.58
      vertex 1.43889 3.47379 38
      vertex 1.79861 4.34223 34.58
    endloop
  endfacet
  facet normal 0 0 0
    outer loop
      vertex 0 0 34.58
      vertex 1.79861 4.34223 34.58
      vertex 2.21556 4.14503 34.58
    endloop
  endfacet
  facet normal 0 0 0
    outer loop
      vertex 0 0 38
      vertex 1.77245 3.31602 38
      vertex 1.43889 3.47379 38
    endloop
  endfacet
  facet normal 0 0 0
    outer loop
      vertex 1.79861 4.34223 34.58
      vertex 1.43889 3.47379 38
      vertex 1.09147 3.5981 38
    endloop
  endfacet
  facet normal 0 0 0
    outer loop
      vertex 1.79861 4.34223 34.58
      vertex 1.09147 3.5981 38
      vertex 1.36434 4.49762 34.58
    endloop
  endfacet
  facet normal 0 0 0
    outer loop
      vertex 0 0 34.58
      vertex 1.36434 4.49762 34.58
      vertex 1.79861 4.34223 34.58
    endloop
  endfacet
  facet normal 0 0 0
    outer loop
      vertex 0 0 38
      vertex 1.43889 3.47379 38
      vertex 1.09147 3.5981 38
    endloop
  endfacet
  facet normal 0 0 0
    outer loop
      vertex 1.36434 4.49762 34.58
      vertex 1.09147 3.5981 38
      vertex 0.73354 3.68775 38
    endloop
  endfacet
  facet normal 0 0 0
    outer loop
      vertex 1.36434 4.49762 34.58
      vertex 0.73354 3.68775 38
      vertex 0.91692 4.60969 34.58
    endloop
  endfacet
  facet normal 0 0 0
    outer loop
      vertex 0 0 34.58
      vertex 0.91692 4.60969 34.58
      vertex 1.36434 4.49762 34.58
    endloop
  endfacet
  facet normal 0 0 0
    outer loop
      vertex 0 0 38
      vertex 1.09147 3.5981 38
      vertex 0.73354 3.68775 38
    endloop
  endfacet
  facet normal 0 0 0
    outer loop
      vertex 0.91692 4.60969 34.58
      vertex 0.73354 3.68775 38
      vertex 0.36854 3.74189 38
    endloop
  endfacet
  facet normal 0 0 0
    outer loop
      vertex 0.91692 4.60969 34.58
      vertex 0.36854 3.74189 38
      vertex 0.46068 4.67737 34.58
    endloop
  endfacet
  facet normal 0 0 0
    outer loop
      vertex 0 0 34.58
      vertex 0.46068 4.67737 34.58
      vertex 0.91692 4.60969 34.58
    endloop
  endfacet
  facet normal 0 0 0
    outer loop
      vertex 0 0 38
      vertex 0.73354 3.68775 38
      vertex 0.36854 3.74189 38
    endloop
  endfacet
  facet normal 0 0 0
    outer loop
      vertex 0.46068 4.67737 34.58
      vertex 0.36854 3.74189 38
      vertex 0 3.76 38
    endloop
  endfacet
  facet normal 0 0 0
    outer loop
      vertex 0.46068 4.67737 34.58
      vertex 0 3.76 38
      vertex 0 4.7 34.58
    endloop
  endfacet
  facet normal 0 0 0
    outer loop
      vertex 0 0 34.58
      vertex 0 4.7 34.58
      vertex 0.46068 4.67737 34.58
    endloop
  endfacet
  facet normal 0 0 0
    outer loop
      vertex 0 0 38
      vertex 0.36854 3.74189 38
      vertex 0 3.76 38
    endloop
  endfacet
  facet normal 0 0 0
    outer loop
      vertex 0 4.7 34.58
      vertex 0 3.76 38
      vertex -0.36854 3.74189 38
    endloop
  endfacet
  facet normal 0 0 0
    outer loop
      vertex 0 4.7 34.58
      vertex -0.36854 3.74189 38
      vertex -0.46068 4.67737 34.58
    endloop
  endfacet
  facet normal 0 0 0
    outer loop
      vertex 0 0 34.58
      vertex -0.46068 4.67737 34.58
      vertex 0 4.7 34.58
    endloop
  endfacet
  facet normal 0 0 0
    outer loop
      vertex 0 0 38
      vertex 0 3.76 38
      vertex -0.36854 3.74189 38
    endloop
  endfacet
  facet normal 0 0 0
    outer loop
      vertex -0.46068 4.67737 34.58
      vertex -0.36854 3.74189 38
      vertex -0.73354 3.68775 38
    endloop
  endfacet
  facet normal 0 0 0
    outer loop
      vertex -0.46068 4.67737 34.58
      vertex -0.73354 3.68775 38
      vertex -0.91692 4.60969 34.58
    endloop
  endfacet
  facet normal 0 0 0
    outer loop
      vertex 0 0 34.58
      vertex -0.91692 4.60969 34.58
      vertex -0.46068 4.67737 34.58
    endloop
  endfacet
  facet normal 0 0 0
    outer loop
      vertex 0 0 38
      vertex -0.36854 3.74189 38
      vertex -0.73354 3.68775 38
    endloop
  endfacet
  facet normal 0 0 0
    outer loop
      vertex -0.91692 4.60969 34.58
      vertex -0.73354 3.68775 38
      vertex -1.09147 3.5981 38
    endloop
  endfacet
  facet normal 0 0 0
    outer loop
      vertex -0.91692 4.60969 34.58
      vertex -1.09147 3.5981 38
      vertex -1.36434 4.49762 34.58
    endloop
  endfacet
  facet normal 0 0 0
    outer loop
      vertex 0 0 34.58
      vertex -1.36434 4.49762 34.58
      vertex -0.91692 4.60969 34.58
    endloop
  endfacet
  facet normal 0 0 0
    outer loop
      vertex 0 0 38
      vertex -0.73354 3.68775 38
      vertex -1.09147 3.5981 38
    endloop
  endfacet
  facet normal 0 0 0
    outer loop
      vertex -1.36434 4.49762 34.58
      vertex -1.09147 3.5981 38
      vertex -1.43889 3.47379 38
    endloop
  endfacet
  facet normal 0 0 0
    outer loop
      vertex -1.36434 4.49762 34.58
      vertex -1.43889 3.47379 38
      vertex -1.79861 4.34223 34.58
    endloop
  endfacet
  facet normal 0 0 0
    outer loop
      vertex 0 0 34.58
      vertex -1.79861 4.34223 34.58
      vertex -1.36434 4.49762 34.58
    endloop
  endfacet
  facet normal 0 0 0
    outer loop
      vertex 0 0 38
      vertex -1.09147 3.5981 38
      vertex -1.43889 3.47379 38
    endloop
  endfacet
  facet normal 0 0 0
    outer loop
      vertex -1.79861 4.34223 34.58
      vertex -1.43889 3.47379 38
      vertex -1.77245 3.31602 38
    endloop
  endfacet
  facet normal 0 0 0
    outer loop
      vertex -1.79861 4.34223 34.58
      vertex -1.77245 3.31602 38
      vertex -2.21556 4.14503 34.58
    endloop
  endfacet
  facet normal 0 0 0
    outer loop
      vertex 0 0 34.58
      vertex -2.21556 4.14503 34.58
      vertex -1.79861 4.34223 34.58
    endloop
  endfacet
  facet normal 0 0 0
    outer loop
      vertex 0 0 38
      vertex -1.43889 3.47379 38
      vertex -1.77245 3.31602 38
    endloop
  endfacet
  facet normal 0 0 0
    outer loop
      vertex -2.21556 4.14503 34.58
      vertex -1.77245 3.31602 38
      vertex -2.08894 3.12633 38
    endloop
  endfacet
  facet normal 0 0 0
    outer loop
      vertex -2.21556 4.14503 34.58
      vertex -2.08894 3.12633 38
      vertex -2.61118 3.90791 34.58
    endloop
  endfacet
  facet normal 0 0 0
    outer loop
      vertex 0 0 34.58
      vertex -2.61118 3.90791 34.58
      vertex -2.21556 4.14503 34.58
    endloop
  endfacet
  facet normal 0 0 0
    outer loop
      vertex 0 0 38
      vertex -1.77245 3.31602 38
      vertex -2.08894 3.12633 38
    endloop
  endfacet
  facet normal 0 0 0
    outer loop
      vertex -2.61118 3.90791 34.58
      vertex -2.08894 3.12633 38
      vertex -2.38532 2.90652 38
    endloop
  endfacet
  facet normal 0 0 0
    outer loop
      vertex -2.61118 3.90791 34.58
      vertex -2.38532 2.90652 38
      vertex -2.98165 3.63315 34.58
    endloop
  endfacet
  facet normal 0 0 0
    outer loop
      vertex 0 0 34.58
      vertex -2.98165 3.63315 34.58
      vertex -2.61118 3.90791 34.58
    endloop
  endfacet
  facet normal 0 0 0
    outer loop
      vertex 0 0 38
      vertex -2.08894 3.12633 38
      vertex -2.38532 2.90652 38
    endloop
  endfacet
  facet normal 0 0 0
    outer loop
      vertex -2.98165 3.63315 34.58
      vertex -2.38532 2.90652 38
      vertex -2.65872 2.65872 38
    endloop
  endfacet
  facet normal 0 0 0
    outer loop
      vertex -2.98165 3.63315 34.58
      vertex -2.65872 2.65872 38
      vertex -3.3234 3.3234 34.58
    endloop
  endfacet
  facet normal 0 0 0
    outer loop
      vertex 0 0 34.58
      vertex -3.3234 3.3234 34.58
      vertex -2.98165 3.63315 34.58
    endloop
  endfacet
  facet normal 0 0 0
    outer loop
      vertex 0 0 38
      vertex -2.38532 2.90652 38
      vertex -2.65872 2.65872 38
    endloop
  endfacet
  facet normal 0 0 0
    outer loop
      vertex -3.3234 3.3234 34.58
      vertex -2.65872 2.65872 38
      vertex -2.90652 2.38532 38
    endloop
  endfacet
  facet normal 0 0 0
    outer loop
      vertex -3.3234 3.3234 34.58
      vertex -2.90652 2.38532 38
      vertex -3.63315 2.98165 34.58
    endloop
  endfacet
  facet normal 0 0 0
    outer loop
      vertex 0 0 34.58
      vertex -3.63315 2.98165 34.58
      vertex -3.3234 3.3234 34.58
    endloop
  endfacet
  facet normal 0 0 0
    outer loop
      vertex 0 0 38
      vertex -2.65872 2.65872 38
      vertex -2.90652 2.38532 38
    endloop
  endfacet
  facet normal 0 0 0
    outer loop
      vertex -3.63315 2.98165 34.58
      vertex -2.90652 2.38532 38
      vertex -3.12633 2.08894 38
    endloop
  endfacet
  facet normal 0 0 0
    outer loop
      vertex -3.63315 2.98165 34.58
      vertex -3.12633 2.08894 38
      vertex -3.90791 2.61118 34.58
    endloop
  endfacet
  facet normal 0 0 0
    outer loop
      vertex 0 0 34.58
      vertex -3.90791 2.61118 34.58
      vertex -3.63315 2.98165 34.58
    endloop
  endfacet
  facet normal 0 0 0
    outer loop
      vertex 0 0 38
      vertex -2.90652 2.38532 38
      vertex -3.12633 2.08894 38
    endloop
  endfacet
  facet normal 0 0 0
    outer loop
      vertex -3.90791 2.61118 34.58
      vertex -3.12633 2.08894 38
      vertex -3.31602 1.77245 38
    endloop
  endfacet
  facet normal 0 0 0
    outer loop
      vertex -3.90791 2.61118 34.58
      vertex -3.31602 1.77245 38
      vertex -4.14503 2.21556 34.58
    endloop
  endfacet
  facet normal 0 0 0
    outer loop
      vertex 0 0 34.58
      vertex -4.14503 2.21556 34.58
      vertex -3.90791 2.61118 34.58
    endloop
  endfacet
  facet normal 0 0 0
    outer loop
      vertex 0 0 38
      vertex -3.12633 2.08894 38
      vertex -3.31602 1.77245 38
    endloop
  endfacet
  facet normal 0 0 0
    outer loop
      vertex -4.14503 2.21556 34.58
      vertex -3.31602 1.77245 38
      vertex -3.47379 1.43889 38
    endloop
  endfacet
  facet normal 0 0 0
    outer loop
      vertex -4.14503 2.21556 34.58
      vertex -3.47379 1.43889 38
      vertex -4.34223 1.79861 34.58
    endloop
  endfacet
  facet normal 0 0 0
    outer loop
      vertex 0 0 34.58
      vertex -4.34223 1.79861 34.58
      vertex -4.14503 2.21556 34.58
    endloop
  endfacet
  facet normal 0 0 0
    outer loop
      vertex 0 0 38
      vertex -3.31602 1.77245 38
      vertex -3.47379 1.43889 38
    endloop
  endfacet
  facet normal 0 0 0
    outer loop
      vertex -4.34223 1.79861 34.58
      vertex -3.47379 1.43889 38
      vertex -3.5981 1.09147 38
    endloop
  endfacet
  facet normal 0 0 0
    outer loop
      vertex -4.34223 1.79861 34.58
      vertex -3.5981 1.09147 38
      vertex -4.49762 1.36434 34.58
    endloop
  endfacet
  facet normal 0 0 0
    outer loop
      vertex 0 0 34.58
      vertex -4.49762 1.36434 34.58
      vertex -4.34223 1.79861 34.58
    endloop
  endfacet
  facet normal 0 0 0
    outer loop
      vertex 0 0 38
      vertex -3.47379 1.43889 38
      vertex -3.5981 1.09147 38
    endloop
  endfacet
  facet normal 0 0 0
    outer loop
      vertex -4.49762 1.36434 34.58
      vertex -3.5981 1.09147 38
      vertex -3.68775 0.73354 38
    endloop
  endfacet
  facet normal 0 0 0
    outer loop
      vertex -4.49762 1.36434 34.58
      vertex -3.68775 0.73354 38
      vertex -4.60969 0.91692 34.58
    endloop
  endfacet
  facet normal 0 0 0
    outer loop
      vertex 0 0 34.58
      vertex -4.60969 0.91692 34.58
      vertex -4.49762 1.36434 34.58
    endloop
  endfacet
  facet normal 0 0 0
    outer loop
      vertex 0 0 38
      vertex -3.5981 1.09147 38
      vertex -3.68775 0.73354 38
    endloop
  endfacet
  facet normal 0 0 0
    outer loop
      vertex -4.60969 0.91692 34.58
      vertex -3.68775 0.73354 38
      vertex -3.74189 0.36854 38
    endloop
  endfacet
  facet normal 0 0 0
    outer loop
      vertex -4.60969 0.91692 34.58
      vertex -3.74189 0.36854 38
      vertex -4.67737 0.46068 34.58
    endloop
  endfacet
  facet normal 0 0 0
    outer loop
      vertex 0 0 34.58
      vertex -4.67737 0.46068 34.58
      vertex -4.60969 0.91692 34.58
    endloop
  endfacet
  facet normal 0 0 0
    outer loop
      vertex 0 0 38
      vertex -3.68775 0.73354 38
      vertex -3.74189 0.36854 38
    endloop
  endfacet
  facet normal 0 0 0
    outer loop
      vertex -4.67737 0.46068 34.58
      vertex -3.74189 0.36854 38
      vertex -3.76 0 38
    endloop
  endfacet
  facet normal 0 0 0
    outer loop
      vertex -4.67737 0.46068 34.58
      vertex -3.76 0 38
      vertex -4.7 0 34.58
    endloop
  endfacet
  facet normal 0 0 0
    outer loop
      vertex 0 0 34.58
      vertex -4.7 0 34.58
      vertex -4.67737 0.46068 34.58
    endloop
  endfacet
  facet normal 0 0 0
    outer loop
      vertex 0 0 38
      vertex -3.74189 0.36854 38
      vertex -3.76 0 38
    endloop
  endfacet
  facet normal 0 0 0
    outer loop
      vertex -4.7 0 34.58
      vertex -3.76 0 38
      vertex -3.74189 -0.36854 38
    endloop
  endfacet
  facet normal 0 0 0
    outer loop
      vertex -4.7 0 34.58
      vertex -3.74189 -0.36854 38
      vertex -4.67737 -0.46068 34.58
    endloop
  endfacet
  facet normal 0 0 0
    outer loop
      vertex 0 0 34.58
      vertex -4.67737 -0.46068 34.58
      vertex -4.7 0 34.58
    endloop
  endfacet
  facet normal 0 0 0
    outer loop
      vertex 0 0 38
      vertex -3.76 0 38
      vertex -3.74189 -0.36854 38
    endloop
  endfacet
  facet normal 0 0 0
    outer loop
      vertex -4.67737 -0.46068 34.58
      vertex -3.74189 -0.36854 38
      vertex -3.68775 -0.73354 38
    endloop
  endfacet
  facet normal 0 0 0
    outer loop
      vertex -4.67737 -0.46068 34.58
      vertex -3.68775 -0.73354 38
      vertex -4.60969 -0.91692 34.58
    endloop
  endfacet
  facet normal 0 0 0
    outer loop
      vertex 0 0 34.58
      vertex -4.60969 -0.91692 34.58
      vertex -4.67737 -0.46068 34.58
    endloop
  endfacet
  facet normal 0 0 0
    outer loop
      vertex 0 0 38
      vertex -3.74189 -0.36854 38
      vertex -3.68775 -0.73354 38
    endloop
  endfacet
  facet normal 0 0 0
    outer loop
      vertex -4.60969 -0.91692 34.58
      vertex -3.68775 -0.73354 38
      vertex -3.5981 -1.09147 38
    endloop
  endfacet
  facet normal 0 0 0
    outer loop
      vertex -4.60969 -0.91692 34.58
      vertex -3.5981 -1.09147 38
      vertex -4.49762 -1.36434 34.58
    endloop
  endfacet
  facet normal 0 0 0
    outer loop
      vertex 0 0 34.58
      vertex -4.49762 -1.36434 34.58
      vertex -4.60969 -0.91692 34.58
    endloop
  endfacet
  facet normal 0 0 0
    outer loop
      vertex 0 0 38
      vertex -3.68775 -0.73354 38
      vertex -3.5981 -1.09147 38
    endloop
  endfacet
  facet normal 0 0 0
    outer loop
      vertex -4.49762 -1.36434 34.58
      vertex -3.5981 -1.09147 38
      vertex -3.47379 -1.43889 38
    endloop
  endfacet
  facet normal 0 0 0
    outer loop
      vertex -4.49762 -1.36434 34.58
      vertex -3.47379 -1.43889 38
      vertex -4.34223 -1.79861 34.58
    endloop
  endfacet
  facet normal 0 0 0
    outer loop
      vertex 0 0 34.58
      vertex -4.34223 -1.79861 34.58
      vertex -4.49762 -1.36434 34.58
    endloop
  endfacet
  facet normal 0 0 0
    outer loop
      vertex 0 0 38
      vertex -3.5981 -1.09147 38
      vertex -3.47379 -1.43889 38
    endloop
  endfacet
  facet normal 0 0 0
    outer loop
      vertex -4.34223 -1.79861 34.58
      vertex -3.47379 -1.43889 38
      vertex -3.31602 -1.77245 38
    endloop
  endfacet
  facet normal 0 0 0
    outer loop
      vertex -4.34223 -1.79861 34.58
      vertex -3.31602 -1.77245 38
      vertex -4.14503 -2.21556 34.58
    endloop
  endfacet
  facet normal 0 0 0
    outer loop
      vertex 0 0 34.58
      vertex -4.14503 -2.21556 34.58
      vertex -4.34223 -1.79861 34.58
    endloop
  endfacet
  facet normal 0 0 0
    outer loop
      vertex 0 0 38
      vertex -3.47379 -1.43889 38
      vertex -3.31602 -1.77245 38
    endloop
  endfacet
  facet normal 0 0 0
    outer loop
      vertex -4.14503 -2.21556 34.58
      vertex -3.31602 -1.77245 38
      vertex -3.12633 -2.08894 38
    endloop
  endfacet
  facet normal 0 0 0
    outer loop
      vertex -4.14503 -2.21556 34.58
      vertex -3.12633 -2.08894 38
      vertex -3.90791 -2.61118 34.58
    endloop
  endfacet
  facet normal 0 0 0
    outer loop
      vertex 0 0 34.58
      vertex -3.90791 -2.61118 34.58
      vertex -4.14503 -2.21556 34.58
    endloop
  endfacet
  facet normal 0 0 0
    outer loop
      vertex 0 0 38
      vertex -3.31602 -1.77245 38
      vertex -3.12633 -2.08894 38
    endloop
  endfacet
  facet normal 0 0 0
    outer loop
      vertex -3.90791 -2.61118 34.58
      vertex -3.12633 -2.08894 38
      vertex -2.90652 -2.38532 38
    endloop
  endfacet
  facet normal 0 0 0
    outer loop
      vertex -3.90791 -2.61118 34.58
      vertex -2.90652 -2.38532 38
      vertex -3.63315 -2.98165 34.58
    endloop
  endfacet
  facet normal 0 0 0
    outer loop
      vertex 0 0 34.58
      vertex -3.63315 -2.98165 34.58
      vertex -3.90791 -2.61118 34.58
    endloop
  endfacet
  facet normal 0 0 0
    outer loop
      vertex 0 0 38
      vertex -3.12633 -2.08894 38
      vertex -2.90652 -2.38532 38
    endloop
  endfacet
  facet normal 0 0 0
    outer loop
      vertex -3.63315 -2.98165 34.58
      vertex -2.90652 -2.38532 38
      vertex -2.65872 -2.65872 38
    endloop
  endfacet
  facet normal 0 0 0
    outer loop
      vertex -3.63315 -2.98165 34.58
      vertex -2.65872 -2.65872 38
      vertex -3.3234 -3.3234 34.58
    endloop
  endfacet
  facet normal 0 0 0
    outer loop
      vertex 0 0 34.58
      vertex -3.3234 -3.3234 34.58
      vertex -3.63315 -2.98165 34.58
    endloop
  endfacet
  facet normal 0 0 0
    outer loop
      vertex 0 0 38
      vertex -2.90652 -2.38532 38
      vertex -2.65872 -2.65872 38
    endloop
  endfacet
  facet normal 0 0 0
    outer loop
      vertex -3.3234 -3.3234 34.58
      vertex -2.65872 -2.65872 38
      vertex -2.38532 -2.90652 38
    endloop
  endfacet
  facet normal 0 0 0
    outer loop
      vertex -3.3234 -3.3234 34.58
      vertex -2.38532 -2.90652 38
      vertex -2.98165 -3.63315 34.58
    endloop
  endfacet
  facet normal 0 0 0
    outer loop
      vertex 0 0 34.58
      vertex -2.98165 -3.63315 34.58
      vertex -3.3234 -3.3234 34.58
    endloop
  endfacet
  facet normal 0 0 0
    outer loop
      vertex 0 0 38
      vertex -2.65872 -2.65872 38
      vertex -2.38532 -2.90652 38
    endloop
  endfacet
  facet normal 0 0 0
    outer loop
      vertex -2.98165 -3.63315 34.58
      vertex -2.38532 -2.90652 38
      vertex -2.08894 -3.12633 38
    endloop
  endfacet
  facet normal 0 0 0
    outer loop
      vertex -2.98165 -3.63315 34.58
      vertex -2.08894 -3.12633 38
      vertex -2.61118 -3.90791 34.58
    endloop
  endfacet
  facet normal 0 0 0
    outer loop
      vertex 0 0 34.58
      vertex -2.61118 -3.90791 34.58
      vertex -2.98165 -3.63315 34.58
    endloop
  endfacet
  facet normal 0 0 0
    outer loop
      vertex 0 0 38
      vertex -2.38532 -2.90652 38
      vertex -2.08894 -3.12633 38
    endloop
  endfacet
  facet normal 0 0 0
    outer loop
      vertex -2.61118 -3.90791 34.58
      vertex -2.08894 -3.12633 38
      vertex -1.77245 -3.31602 38
    endloop
  endfacet
  facet normal 0 0 0
    outer loop
      vertex -2.61118 -3.90791 34.58
      vertex -1.77245 -3.31602 38
      vertex -2.21556 -4.14503 34.58
    endloop
  endfacet
  facet normal 0 0 0
    outer loop
      vertex 0 0 34.58
      vertex -2.21556 -4.14503 34.58
      vertex -2.61118 -3.90791 34.58
    endloop
  endfacet
  facet normal 0 0 0
    outer loop
      vertex 0 0 38
      vertex -2.08894 -3.12633 38
      vertex -1.77245 -3.31602 38
    endloop
  endfacet
  facet normal 0 0 0
    outer loop
      vertex -2.21556 -4.14503 34.58
      vertex -1.77245 -3.31602 38
      vertex -1.43889 -3.47379 38
    endloop
  endfacet
  facet normal 0 0 0
    outer loop
      vertex -2.21556 -4.14503 34.58
      vertex -1.43889 -3.47379 38
      vertex -1.79861 -4.34223 34.58
    endloop
  endfacet
  facet normal 0 0 0
    outer loop
      vertex 0 0 34.58
      vertex -1.79861 -4.34223 34.58
      vertex -2.21556 -4.14503 34.58
    endloop
  endfacet
  facet normal 0 0 0
    outer loop
      vertex 0 0 38
      vertex -1.77245 -3.31602 38
      vertex -1.43889 -3.47379 38
    endloop
  endfacet
  facet normal 0 0 0
    outer loop
      vertex -1.79861 -4.34223 34.58
      vertex -1.43889 -3.47379 38
      vertex -1.09147 -3.5981 38
    endloop
  endfacet
  facet normal 0 0 0
    outer loop
      vertex -1.79861 -4.34223 34.58
      vertex -1.09147 -3.5981 38
      vertex -1.36434 -4.49762 34.58
    endloop
  endfacet
  facet normal 0 0 0
    outer loop
      vertex 0 0 34.58
      vertex -1.36434 -4.49762 34.58
      vertex -1.79861 -4.34223 34.58
    endloop
  endfacet
  facet normal 0 0 0
    outer loop
      vertex 0 0 38
      vertex -1.43889 -3.47379 38
      vertex -1.09147 -3.5981 38
    endloop
  endfacet
  facet normal 0 0 0
    outer loop
      vertex -1.36434 -4.49762 34.58
      vertex -1.09147 -3.5981 38
      vertex -0.73354 -3.68775 38
    endloop
  endfacet
  facet normal 0 0 0
    outer loop
      vertex -1.36434 -4.49762 34.58
      vertex -0.73354 -3.68775 38
      vertex -0.91692 -4.60969 34.58
    endloop
  endfacet
  facet normal 0 0 0
    outer loop
      vertex 0 0 34.58
      vertex -0.91692 -4.60969 34.58
      vertex -1.36434 -4.49762 34.58
    endloop
  endfacet
  facet normal 0 0 0
    outer loop
      vertex 0 0 38
      vertex -1.09147 -3.5981 38
      vertex -0.73354 -3.68775 38
    endloop
  endfacet
  facet normal 0 0 0
    outer loop
      vertex -0.91692 -4.60969 34.58
      vertex -0.73354 -3.68775 38
      vertex -0.36854 -3.74189 38
    endloop
  endfacet
  facet normal 0 0 0
    outer loop
      vertex -0.91692 -4.60969 34.58
      vertex -0.36854 -3.74189 38
      vertex -0.46068 -4.67737 34.58
    endloop
  endfacet
  facet normal 0 0 0
    outer loop
      vertex 0 0 34.58
      vertex -0.46068 -4.67737 34.58
      vertex -0.91692 -4.60969 34.58
    endloop
  endfacet
  facet normal 0 0 0
    outer loop
      vertex 0 0 38
      vertex -0.73354 -3.68775 38
      vertex -0.36854 -3.74189 38
    endloop
  endfacet
  facet normal 0 0 0
    outer loop
      vertex -0.46068 -4.67737 34.58
      vertex -0.36854 -3.74189 38
      vertex 0 -3.76 38
    endloop
  endfacet
  facet normal 0 0 0
    outer loop
      vertex -0.46068 -4.67737 34.58
      vertex 0 -3.76 38
      vertex 0 -4.7 34.58
    endloop
  endfacet
  facet normal 0 0 0
    outer loop
      vertex 0 0 34.58
      vertex 0 -4.7 34.58
      vertex -0.46068 -4.67737 34.58
    endloop
  endfacet
  facet normal 0 0 0
    outer loop
      vertex 0 0 38
      vertex -0.36854 -3.74189 38
      vertex 0 -3.76 38
    endloop
  endfacet
  facet normal 0 0 0
    outer loop
      vertex 0 -4.7 34.58
      vertex 0 -3.76 38
      vertex 0.36854 -3.74189 38
    endloop
  endfacet
  facet normal 0 0 0
    outer loop
      vertex 0 -4.7 34.58
      vertex 0.36854 -3.74189 38
      vertex 0.46068 -4.67737 34.58
    endloop
  endfacet
  facet normal 0 0 0
    outer loop
      vertex 0 0 34.58
      vertex 0.46068 -4.67737 34.58
      vertex 0 -4.7 34.58
    endloop
  endfacet
  facet normal 0 0 0
    outer loop
      vertex 0 0 38
      vertex 0 -3.76 38
      vertex 0.36854 -3.74189 38
    endloop
  endfacet
  facet normal 0 0 0
    outer loop
      vertex 0.46068 -4.67737 34.58
      vertex 0.36854 -3.74189 38
      vertex 0.73354 -3.68775 38
    endloop
  endfacet
  facet normal 0 0 0
    outer loop
      vertex 0.46068 -4.67737 34.58
      vertex 0.73354 -3.68775 38
      vertex 0.91692 -4.60969 34.58
    endloop
  endfacet
  facet normal 0 0 0
    outer loop
      vertex 0 0 34.58
      vertex 0.91692 -4.60969 34.58
      vertex 0.46068 -4.67737 34.58
    endloop
  endfacet
  facet normal 0 0 0
    outer loop
      vertex 0 0 38
      vertex 0.36854 -3.74189 38
      vertex 0.73354 -3.68775 38
    endloop
  endfacet
  facet normal 0 0 0
    outer loop
      vertex 0.91692 -4.60969 34.58
      vertex 0.73354 -3.68775 38
      vertex 1.09147 -3.5981 38
    endloop
  endfacet
  facet normal 0 0 0
    outer loop
      vertex 0.91692 -4.60969 34.58
      vertex 1.09147 -3.5981 38
      vertex 1.36434 -4.49762 34.58
    endloop
  endfacet
  facet normal 0 0 0
    outer loop
      vertex 0 0 34.58
      vertex 1.36434 -4.49762 34.58
      vertex 0.91692 -4.60969 34.58
    endloop
  endfacet
  facet normal 0 0 0
    outer loop
      vertex 0 0 38
      vertex 0.73354 -3.68775 38
      vertex 1.09147 -3.5981 38
    endloop
  endfacet
  facet normal 0 0 0
    outer loop
      vertex 1.36434 -4.49762 34.58
      vertex 1.09147 -3.5981 38
      vertex 1.43889 -3.47379 38
    endloop
  endfacet
  facet normal 0 0 0
    outer loop
      vertex 1.36434 -4.49762 34.58
      vertex 1.43889 -3.47379 38
      vertex 1.79861 -4.34223 34.58
    endloop
  endfacet
  facet normal 0 0 0
    outer loop
      vertex 0 0 34.58
      vertex 1.79861 -4.34223 34.58
      vertex 1.36434 -4.49762 34.58
    endloop
  endfacet
  facet normal 0 0 0
    outer loop
      vertex 0 0 38
      vertex 1.09147 -3.5981 38
      vertex 1.43889 -3.47379 38
    endloop
  endfacet
  facet normal 0 0 0
    outer loop
      vertex 1.79861 -4.34223 34.58
      vertex 1.43889 -3.47379 38
      vertex 1.77245 -3.31602 38
    endloop
  endfacet
  facet normal 0 0 0
    outer loop
      vertex 1.79861 -4.34223 34.58
      vertex 1.77245 -3.31602 38
      vertex 2.21556 -4.14503 34.58
    endloop
  endfacet
  facet normal 0 0 0
    outer loop
      vertex 0 0 34.58
      vertex 2.21556 -4.14503 34.58
      vertex 1.79861 -4.34223 34.58
    endloop
  endfacet
  facet normal 0 0 0
    outer loop
      vertex 0 0 38
      vertex 1.43889 -3.47379 38
      vertex 1.77245 -3.31602 38
    endloop
  endfacet
  facet normal 0 0 0
    outer loop
      vertex 2.21556 -4.14503 34.58
      vertex 1.77245 -3.31602 38
      vertex 2.08894 -3.12633 38
    endloop
  endfacet
  facet normal 0 0 0
    outer loop
      vertex 2.21556 -4.14503 34.58
      vertex 2.08894 -3.12633 38
      vertex 2.61118 -3.90791 34.58
    endloop
  endfacet
  facet normal 0 0 0
    outer loop
      vertex 0 0 34.58
      vertex 2.61118 -3.90791 34.58
      vertex 2.21556 -4.14503 34.58
    endloop
  endfacet
  facet normal 0 0 0
    outer loop
      vertex 0 0 38
      vertex 1.77245 -3.31602 38
      vertex 2.08894 -3.12633 38
    endloop
  endfacet
  facet normal 0 0 0
    outer loop
      vertex 2.61118 -3.90791 34.58
      vertex 2.08894 -3.12633 38
      vertex 2.38532 -2.90652 38
    endloop
  endfacet
  facet normal 0 0 0
    outer loop
      vertex 2.61118 -3.90791 34.58
      vertex 2.38532 -2.90652 38
      vertex 2.98165 -3.63315 34.58
    endloop
  endfacet
  facet normal 0 0 0
    outer loop
      vertex 0 0 34.58
      vertex 2.98165 -3.63315 34.58
      vertex 2.61118 -3.90791 34.58
    endloop
  endfacet
  facet normal 0 0 0
    outer loop
      vertex 0 0 38
      vertex 2.08894 -3.12633 38
      vertex 2.38532 -2.90652 38
    endloop
  endfacet
  facet normal 0 0 0
    outer loop
      vertex 2.98165 -3.63315 34.58
      vertex 2.38532 -2.90652 38
      vertex 2.65872 -2.65872 38
    endloop
  endfacet
  facet normal 0 0 0
    outer loop
      vertex 2.98165 -3.63315 34.58
      vertex 2.65872 -2.65872 38
      vertex 3.3234 -3.3234 34.58
    endloop
  endfacet
  facet normal 0 0 0
    outer loop
      vertex 0 0 34.58
      vertex 3.3234 -3.3234 34.58
      vertex 2.98165 -3.63315 34.58
    endloop
  endfacet
  facet normal 0 0 0
    outer loop
      vertex 0 0 38
      vertex 2.38532 -2.90652 38
      vertex 2.65872 -2.65872 38
    endloop
  endfacet
  facet normal 0 0 0
    outer loop
      vertex 3.3234 -3.3234 34.58
      vertex 2.65872 -2.65872 38
      vertex 2.90652 -2.38532 38
    endloop
  endfacet
  facet normal 0 0 0
    outer loop
      vertex 3.3234 -3.3234 34.58
      vertex 2.90652 -2.38532 38
      vertex 3.63315 -2.98165 34.58
    endloop
  endfacet
  facet normal 0 0 0
    outer loop
      vertex 0 0 34.58
      vertex 3.63315 -2.98165 34.58
      vertex 3.3234 -3.3234 34.58
    endloop
  endfacet
  facet normal 0 0 0
    outer loop
      vertex 0 0 38
      vertex 2.65872 -2.65872 38
      vertex 2.90652 -2.38532 38
    endloop
  endfacet
  facet normal 0 0 0
    outer loop
      vertex 3.63315 -2.98165 34.58
      vertex 2.90652 -2.38532 38
      vertex 3.12633 -2.08894 38
    endloop
  endfacet
  facet normal 0 0 0
    outer loop
      vertex 3.63315 -2.98165 34.58
      vertex 3.12633 -2.08894 38
      vertex 3.90791 -2.61118 34.58
    endloop
  endfacet
  facet normal 0 0 0
    outer loop
      vertex 0 0 34.58
      vertex 3.90791 -2.61118 34.58
      vertex 3.63315 -2.98165 34.58
    endloop
  endfacet
  facet normal 0 0 0
    outer loop
      vertex 0 0 38
      vertex 2.90652 -2.38532 38
      vertex 3.12633 -2.08894 38
    endloop
  endfacet
  facet normal 0 0 0
    outer loop
      vertex 3.90791 -2.61118 34.58
      vertex 3.12633 -2.08894 38
      vertex 3.31602 -1.77245 38
    endloop
  endfacet
  facet normal 0 0 0
    outer loop
      vertex 3.90791 -2.61118 34.58
      vertex 3.31602 -1.77245 38
      vertex 4.14503 -2.21556 34.58
    endloop
  endfacet
  facet normal 0 0 0
    outer loop
      vertex 0 0 34.58
      vertex 4.14503 -2.21556 34.58
      vertex 3.90791 -2.61118 34.58
    endloop
  endfacet
  facet normal 0 0 0
    outer loop
      vertex 0 0 38
      vertex 3.12633 -2.08894 38
      vertex 3.31602 -1.77245 38
    endloop
  endfacet
  facet normal 0 0 0
    outer loop
      vertex 4.14503 -2.21556 34.58
      vertex 3.31602 -1.77245 38
      vertex 3.47379 -1.43889 38
    endloop
  endfacet
  facet normal 0 0 0
    outer loop
      vertex 4.14503 -2.21556 34.58
      vertex 3.47379 -1.43889 38
      vertex 4.34223 -1.79861 34.58
    endloop
  endfacet
  facet normal 0 0 0
    outer loop
      vertex 0 0 34.58
      vertex 4.34223 -1.79861 34.58
      vertex 4.14503 -2.21556 34.58
    endloop
  endfacet
  facet normal 0 0 0
    outer loop
      vertex 0 0 38
      vertex 3.31602 -1.77245 38
      vertex 3.47379 -1.43889 38
    endloop
  endfacet
  facet normal 0 0 0
    outer loop
      vertex 4.34223 -1.79861 34.58
      vertex 3.47379 -1.43889 38
      vertex 3.5981 -1.09147 38
    endloop
  endfacet
  facet normal 0 0 0
    outer loop
      vertex 4.34223 -1.79861 34.58
      vertex 3.5981 -1.09147 38
      vertex 4.49762 -1.36434 34.58
    endloop
  endfacet
  facet normal 0 0 0
    outer loop
      vertex 0 0 34.58
      vertex 4.49762 -1.36434 34.58
      vertex 4.34223 -1.79861 34.58
    endloop
  endfacet
  facet normal 0 0 0
    outer loop
      vertex 0 0 38
      vertex 3.47379 -1.43889 38
      vertex 3.5981 -1.09147 38
    endloop
  endfacet
  facet normal 0 0 0
    outer loop
      vertex 4.49762 -1.36434 34.58
      vertex 3.5981 -1.09147 38
      vertex 3.68775 -0.73354 38
    endloop
  endfacet
  facet normal 0 0 0
    outer loop
      vertex 4.49762 -1.36434 34.58
      vertex 3.68775 -0.73354 38
      vertex 4.60969 -0.91692 34.58
    endloop
  endfacet
  facet normal 0 0 0
    outer loop
      vertex 0 0 34.58
      vertex 4.60969 -0.91692 34.58
      vertex 4.49762 -1.36434 34.58
    endloop
  endfacet
  facet normal 0 0 0
    outer loop
      vertex 0 0 38
      vertex 3.5981 -1.09147 38
      vertex 3.68775 -0.73354 38
    endloop
  endfacet
  facet normal 0 0 0
    outer loop
      vertex 4.60969 -0.91692 34.58
      vertex 3.68775 -0.73354 38
      vertex 3.74189 -0.36854 38
    endloop
  endfacet
  facet normal 0 0 0
    outer loop
      vertex 4.60969 -0.91692 34.58
      vertex 3.74189 -0.36854 38
      vertex 4.67737 -0.46068 34.58
    endloop
  endfacet
  facet normal 0 0 0
    outer loop
      vertex 0 0 34.58
      vertex 4.67737 -0.46068 34.58
      vertex 4.60969 -0.91692 34.58
    endloop
  endfacet
  facet normal 0 0 0
    outer loop
      vertex 0 0 38
      vertex 3.68775 -0.73354 38
      vertex 3.74189 -0.36854 38
    endloop
  endfacet
  facet normal 0 0 0
    outer loop
      vertex 4.67737 -0.46068 34.58
      vertex 3.74189 -0.36854 38
      vertex 3.76 0 38
    endloop
  endfacet
  facet normal 0 0 0
    outer loop
      vertex 4.67737 -0.46068 34.58
      vertex 3.76 0 38
      vertex 4.7 0 34.58
    endloop
  endfacet
  facet normal 0 0 0
    outer loop
      vertex 0 0 34.58
      vertex 4.7 0 34.58
      vertex 4.67737 -0.46068 34.58
    endloop
  endfacet
  facet normal 0 0 0
    outer loop
      vertex 0 0 38
      vertex 3.74189 -0.36854 38
      vertex 3.76 0 38
    endloop
  endfacet
endsolid right_stamina_sample

